# Blender 4.0.2
# www.blender.org
mtllib Tilapia-bl.mtl
o Cube.006
v -0.102428 3.084578 1.286373
v -0.101955 2.758623 -1.548138
v 0.102428 3.084578 1.286373
v 0.101955 2.758623 -1.548138
v -0.113809 2.273564 -1.125860
v -0.113809 2.658386 1.457795
v 0.113809 2.273564 -1.125860
v 0.113809 2.658386 1.457795
v -0.101955 1.199290 -1.254323
v -0.102428 0.611234 -0.666737
v 0.101955 1.199290 -1.254322
v 0.102428 0.611234 -0.666737
v -0.113809 0.765314 -1.338896
v 0.113809 0.765314 -1.338895
v -0.102428 0.998782 -2.370672
v -0.102428 2.440317 -2.422663
v 0.102428 0.998781 -2.370672
v 0.102428 2.440317 -2.422663
v -0.113809 1.867326 -2.515935
v 0.113809 1.867326 -2.515935
v -0.113809 1.397363 -1.537761
v 0.113809 1.397363 -1.537761
v -0.113809 1.162622 -1.969817
v 0.113809 1.162622 -1.969818
v -0.113809 2.275203 -1.955686
v -0.136571 1.796217 -2.066066
v 0.113809 2.275203 -1.955686
v 0.136571 1.796217 -2.066066
v -0.113809 1.345642 -2.478730
v 0.113809 1.345642 -2.478730
v -0.136571 1.537490 -1.624949
v 0.136571 1.537490 -1.624949
v 0.136571 1.443921 -2.067206
v -0.136571 1.443920 -2.067206
v -0.287130 1.053621 0.780628
v 0.287130 1.053621 0.780628
v 0.462235 1.617366 0.383991
v 0.422341 1.046976 0.798665
v 0.484064 1.359318 0.554728
v 0.406813 1.560515 0.904915
v 0.392241 1.096813 1.135243
v 0.447212 1.351707 0.987475
v 0.308656 1.176304 1.482091
v 0.361069 1.302121 1.410383
v 0.317267 1.420465 1.371873
v 0.079827 0.717184 1.052114
v 0.239892 0.655333 1.159657
v 0.105761 0.825670 1.015125
v 0.272324 0.753435 1.074365
v 0.233584 0.849490 1.032009
v 0.111237 0.630426 1.147116
v 0.137346 0.502922 0.843667
v 0.335422 0.527728 0.856994
v 0.295157 0.733717 0.776760
v 0.305831 0.338726 0.983397
v 0.163106 0.717179 0.767875
v 0.173780 0.322189 0.974512
v 0.157217 0.955458 1.229528
v 0.362414 0.374295 0.570046
v 0.230363 0.357758 0.561161
v 0.317204 0.627197 0.534163
v 0.346426 0.167563 0.638470
v 0.149721 0.891648 1.243556
v 0.218166 0.614794 0.527499
v 0.248761 0.155332 0.631899
v -0.462235 1.617366 0.383991
v -0.422341 1.046976 0.798665
v -0.484064 1.359318 0.554728
v 0.113809 3.215578 0.484313
v -0.406813 1.560515 0.904915
v 0.113809 2.968630 -0.633336
v 0.000000 2.902884 -1.972368
v 0.000000 3.112885 1.353285
v 0.000000 2.656265 1.589505
v 0.000000 2.221771 -1.304700
v 0.000000 1.344267 -1.337825
v -0.000000 0.526516 -0.647949
v -0.000000 0.667823 -1.556531
v -0.000000 0.933629 -2.409856
v 0.000000 2.538340 -2.469737
v 0.000000 1.880808 -2.613140
v -0.000000 1.368606 -1.516156
v -0.000000 1.103884 -1.945621
v 0.000000 2.383362 -1.927941
v 0.000000 1.324212 -2.566451
v 0.000000 0.846731 1.150735
v -0.000000 0.810085 1.211064
v 0.000000 3.337928 0.414249
v 0.000000 3.067867 -0.724158
v -0.392241 1.096813 1.135243
v -0.447212 1.351707 0.987475
v -0.308656 1.176304 1.482091
v -0.361069 1.302121 1.410383
v -0.317267 1.420465 1.371873
v -0.079827 0.717184 1.052114
v -0.239892 0.655333 1.159657
v -0.105761 0.825670 1.015125
v -0.272324 0.753435 1.074365
v -0.233584 0.849490 1.032009
v -0.111237 0.630426 1.147116
v -0.137346 0.502922 0.843667
v -0.335422 0.527728 0.856994
v -0.295157 0.733717 0.776760
v -0.305831 0.338727 0.983397
v -0.163106 0.717179 0.767875
v -0.173780 0.322189 0.974512
v -0.157217 0.955458 1.229528
v -0.362414 0.374295 0.570046
v -0.230363 0.357757 0.561161
v -0.317204 0.627197 0.534163
v -0.346426 0.167563 0.638470
v -0.149721 0.891648 1.243556
v -0.218166 0.614794 0.527499
v -0.248761 0.155332 0.631899
v -0.113809 3.215578 0.484314
v -0.113809 2.968630 -0.633336
v -0.107606 2.662088 -1.491815
v -0.111859 2.530590 -1.400290
v -0.113565 2.392527 -1.271392
v 0.033510 2.899742 -1.963373
v 0.063227 2.877743 -1.900411
v 0.086094 2.824731 -1.747051
v 0.113565 2.194155 -0.986431
v 0.113565 3.212655 0.746825
v 0.111859 3.179902 0.982924
v 0.107652 3.130057 1.171064
v -0.113565 2.194155 -0.986431
v -0.126968 2.659951 1.335748
v 0.107606 2.662088 -1.491815
v 0.111859 2.530590 -1.400290
v 0.113565 2.392527 -1.271392
v 0.107652 3.014820 1.346377
v 0.111859 2.909559 1.406228
v 0.113565 2.787141 1.443732
v 0.126968 2.659951 1.335748
v 0.033787 2.222581 -1.301906
v 0.065440 2.228245 -1.282345
v 0.092825 2.243621 -1.229252
v -0.107408 0.688481 -0.537409
v -0.109910 0.806902 -0.383327
v -0.126612 0.853666 -1.141664
v -0.130880 0.960297 -0.903624
v -0.126612 1.066928 -0.665586
v -0.113565 1.097566 -2.091146
v -0.111859 1.042316 -2.209047
v -0.107652 1.008788 -2.308055
v -0.109910 1.252947 -0.981878
v -0.107362 1.223304 -1.138188
v 0.033603 0.528347 -0.648424
v 0.063965 0.541158 -0.651747
v 0.088002 0.572631 -0.659381
v 0.113565 0.882488 -1.393024
v 0.111859 1.006619 -1.375954
v 0.107606 1.118565 -1.315760
v 0.109910 1.252947 -0.981878
v 0.107362 1.223304 -1.138188
v 0.107408 0.688481 -0.537408
v 0.109910 0.806903 -0.383327
v -0.113565 0.882488 -1.393024
v -0.111859 1.006619 -1.375954
v -0.107606 1.118564 -1.315760
v -0.113565 1.227467 -2.459582
v -0.111859 1.120718 -2.434670
v -0.107652 1.041120 -2.402003
v 0.107652 0.600410 -0.811306
v 0.111859 0.617215 -1.008032
v 0.113565 0.673653 -1.199248
v -0.107652 0.600410 -0.811306
v -0.111859 0.617215 -1.008032
v -0.113565 0.673652 -1.199248
v 0.126612 0.853665 -1.141663
v 0.130880 0.960297 -0.903625
v 0.126612 1.066928 -0.665586
v 0.033787 0.669347 -1.553131
v 0.065440 0.680009 -1.529326
v 0.092825 0.708952 -1.464716
v -0.136571 1.772965 -1.952681
v -0.136571 1.750974 -1.844041
v -0.136571 1.732893 -1.731333
v -0.126968 2.176460 -1.980821
v -0.133725 2.053092 -2.011102
v -0.136215 1.921033 -2.041270
v 0.033603 2.536220 -2.468723
v 0.063965 2.521375 -2.461620
v 0.088002 2.484928 -2.444153
v 0.113565 1.227467 -2.459582
v 0.111859 1.120718 -2.434671
v 0.107652 1.041120 -2.402003
v 0.113565 1.097566 -2.091146
v 0.111859 1.042316 -2.209047
v 0.107652 1.008788 -2.308055
v 0.107652 2.358761 -2.456374
v 0.111859 2.218343 -2.488683
v 0.113565 2.044207 -2.508117
v 0.033787 1.880596 -2.611620
v 0.065440 1.879122 -2.600988
v 0.092825 1.875120 -2.572132
v -0.113809 1.713929 -2.515159
v -0.113809 1.581945 -2.507649
v -0.113809 1.462231 -2.494981
v -0.136571 1.690766 -2.081182
v -0.136571 1.601535 -2.086114
v -0.136571 1.521573 -2.081306
v 0.113809 2.188240 -1.820638
v 0.113809 2.103545 -1.692064
v 0.113809 2.027228 -1.564133
v 0.136571 1.772965 -1.952681
v 0.136571 1.750974 -1.844041
v 0.136571 1.732894 -1.731333
v -0.113809 1.342516 -1.647102
v -0.113809 1.285598 -1.751730
v -0.113809 1.225877 -1.857388
v -0.488676 1.449574 0.488621
v -0.486507 1.524575 0.435367
v -0.476046 1.581197 0.402709
v 0.136215 1.496918 -1.604925
v 0.133725 1.458014 -1.581068
v 0.126968 1.423816 -1.557353
v -0.113809 2.188240 -1.820638
v -0.113809 2.103545 -1.692064
v -0.113809 2.027228 -1.564132
v -0.126968 1.854840 -2.426891
v -0.133725 1.838216 -2.313897
v -0.136215 1.818369 -2.189454
v 0.113809 1.342515 -1.647102
v 0.113809 1.285598 -1.751730
v 0.113809 1.225878 -1.857388
v -0.136215 1.363895 -2.044930
v -0.133725 1.285890 -2.018286
v -0.126968 1.216577 -1.991755
v -0.136571 1.619691 -1.639903
v -0.136571 1.577716 -1.637449
v 0.107652 2.443587 -2.351013
v 0.111859 2.417126 -2.236651
v 0.113565 2.356531 -2.099053
v 0.126968 1.854840 -2.426891
v 0.133725 1.838216 -2.313897
v 0.136215 1.818369 -2.189454
v 0.126968 2.176460 -1.980821
v 0.133725 2.053092 -2.011102
v 0.136215 1.921033 -2.041270
v 0.033787 2.381672 -1.928374
v 0.065440 2.369843 -1.931409
v 0.092825 2.337733 -1.939646
v 0.136215 1.363894 -2.044930
v 0.133725 1.285890 -2.018286
v 0.126968 1.216577 -1.991755
v -0.136571 1.468033 -1.959789
v -0.136571 1.490525 -1.855177
v -0.136571 1.513108 -1.746014
v 0.113809 1.713929 -2.515159
v 0.113809 1.581945 -2.507649
v 0.113809 1.462231 -2.494981
v -0.228039 1.078276 1.014883
v -0.246148 1.056909 0.920094
v -0.267596 1.049201 0.836804
v -0.315144 1.031233 0.778153
v -0.355452 1.018546 0.780482
v -0.395364 1.027290 0.788855
v 0.136571 1.619691 -1.639903
v 0.136571 1.577716 -1.637449
v 0.136571 1.690766 -2.081182
v 0.136571 1.601535 -2.086114
v 0.136571 1.521573 -2.081306
v -0.275755 1.186112 1.571475
v -0.241521 1.192790 1.654423
v 0.126968 1.365260 -2.398284
v 0.133725 1.390072 -2.295707
v 0.136215 1.417240 -2.181759
v 0.136571 1.468032 -1.959789
v 0.136571 1.490525 -1.855176
v 0.136571 1.513108 -1.746014
v -0.442486 1.656068 0.276036
v -0.410849 1.675735 0.220937
v -0.369455 1.659657 0.266294
v -0.428996 1.586459 0.752861
v -0.448303 1.604527 0.601914
v -0.459685 1.613431 0.473350
v 0.033787 1.324547 -2.565081
v 0.065440 1.326890 -2.555486
v 0.092825 1.333253 -2.529443
v -0.440946 1.090170 0.753344
v -0.460362 1.165130 0.691227
v -0.474728 1.259813 0.623733
v 0.228039 1.078276 1.014883
v 0.246148 1.056909 0.920094
v 0.267596 1.049201 0.836804
v 0.442486 1.656068 0.276036
v 0.410849 1.675735 0.220937
v 0.369455 1.659657 0.266294
v 0.315144 1.031233 0.778153
v 0.355452 1.018546 0.780482
v 0.395364 1.027291 0.788855
v 0.488676 1.449574 0.488621
v 0.486507 1.524575 0.435367
v 0.476046 1.581197 0.402709
v 0.428996 1.586459 0.752861
v 0.448303 1.604527 0.601914
v 0.459685 1.613431 0.473350
v 0.275755 1.186112 1.571475
v 0.241521 1.192790 1.654423
v -0.329803 1.286364 1.512239
v -0.292934 1.271476 1.608493
v 0.285048 1.097832 0.732547
v 0.287801 1.173611 0.668207
v 0.295411 1.268626 0.599812
v 0.440946 1.090169 0.753344
v 0.460362 1.165130 0.691227
v 0.474728 1.259812 0.623733
v 0.329803 1.286364 1.512239
v 0.292934 1.271476 1.608493
v 0.354711 1.365537 0.485325
v 0.407368 1.362903 0.474966
v 0.453303 1.360692 0.498477
v 0.344116 1.457399 1.266102
v 0.366257 1.494196 1.157444
v 0.386291 1.529140 1.039260
v 0.423494 1.041539 0.857600
v 0.418709 1.048427 0.943113
v 0.407356 1.069462 1.038804
v 0.493713 1.358904 0.641076
v 0.486369 1.358396 0.748805
v 0.468658 1.356445 0.867682
v 0.448385 1.417809 0.957416
v 0.444788 1.475826 0.934986
v 0.432303 1.523985 0.918160
v 0.251494 1.072847 1.136839
v 0.300353 1.060151 1.150147
v 0.350086 1.068002 1.149991
v 0.366298 1.583870 0.893751
v 0.420417 1.145778 1.106021
v 0.436408 1.209198 1.067424
v 0.444059 1.280148 1.025794
v 0.375960 1.122369 1.225617
v 0.357707 1.144305 1.311284
v 0.335824 1.162368 1.395642
v 0.427166 1.343210 1.100127
v 0.407682 1.331499 1.206282
v 0.386427 1.317495 1.308760
v 0.361603 1.337853 1.396168
v 0.357464 1.370549 1.385932
v 0.344177 1.398617 1.378295
v 0.265724 1.163561 1.487100
v 0.336924 1.199223 1.468543
v 0.352250 1.229870 1.449709
v 0.358883 1.265189 1.429139
v 0.254492 0.832946 1.037779
v 0.265821 0.809854 1.046034
v 0.270718 0.782566 1.057865
v 0.272710 0.724655 1.095857
v 0.269640 0.697780 1.119586
v 0.259804 0.674207 1.142027
v 0.320739 0.579776 0.921913
v 0.306467 0.635317 0.977653
v 0.290898 0.693490 1.027407
v 0.021595 0.836232 1.142813
v 0.042535 0.807938 1.121391
v 0.062164 0.766654 1.089985
v 0.166702 0.859595 1.232622
v 0.189913 0.805521 1.213068
v 0.215561 0.735208 1.187590
v 0.283226 0.758382 0.847541
v 0.269818 0.784695 0.912305
v 0.253686 0.814463 0.973109
v 0.336281 0.470413 0.890400
v 0.333646 0.418387 0.925614
v 0.324501 0.373781 0.958119
v 0.139236 0.445736 0.877142
v 0.143823 0.394615 0.912842
v 0.154279 0.352463 0.946666
v 0.276154 0.315129 0.997752
v 0.240127 0.303991 1.000778
v 0.203939 0.306086 0.992893
v 0.145573 0.674627 0.778128
v 0.137685 0.621734 0.794026
v 0.136067 0.562999 0.815797
v 0.208531 0.642057 1.169468
v 0.172101 0.633294 1.170529
v 0.138161 0.628393 1.162722
v 0.081031 0.688293 1.074796
v 0.084852 0.662451 1.100232
v 0.094014 0.642286 1.125359
v 0.131958 0.844393 1.018263
v 0.165490 0.855742 1.023208
v 0.201834 0.857411 1.027588
v 0.158795 0.394769 1.041212
v 0.144455 0.472707 1.087743
v 0.129141 0.552445 1.120809
v 0.095175 0.663856 1.010314
v 0.109088 0.609080 0.963210
v 0.122750 0.554790 0.908446
v 0.192064 0.745512 0.763010
v 0.227852 0.758229 0.763146
v 0.264279 0.754556 0.767868
v 0.318049 0.652555 0.568595
v 0.314544 0.682066 0.627164
v 0.306228 0.708889 0.700187
v 0.267668 0.346014 0.527431
v 0.306237 0.345373 0.517946
v 0.339883 0.355058 0.532290
v 0.123419 0.794853 0.960850
v 0.138296 0.767248 0.902421
v 0.151241 0.741730 0.838531
v 0.230500 0.174740 0.696661
v 0.209824 0.208520 0.786802
v 0.190735 0.258673 0.885064
v 0.084577 0.859404 1.065270
v 0.330832 0.587902 0.531166
v 0.345053 0.525917 0.536897
v 0.355576 0.451715 0.551841
v 0.369483 0.402253 0.629394
v 0.364103 0.437881 0.702896
v 0.351130 0.480075 0.781709
v 0.154086 0.455398 0.768452
v 0.174279 0.414109 0.690123
v 0.199261 0.380935 0.617941
v 0.365793 0.302260 0.586297
v 0.364204 0.241581 0.603247
v 0.356542 0.196367 0.623356
v 0.249403 0.813693 1.120650
v 0.222254 0.870416 1.164097
v 0.191363 0.919153 1.201468
v 0.088469 0.907797 1.254408
v 0.125281 0.899824 1.249572
v 0.216641 0.573601 0.523483
v 0.218657 0.510088 0.528392
v 0.224232 0.435266 0.543004
v -0.423494 1.041539 0.857600
v -0.418709 1.048427 0.943113
v -0.407356 1.069462 1.038804
v 0.157922 0.941965 1.235125
v 0.157211 0.926784 1.240632
v 0.154149 0.908489 1.243639
v -0.366298 1.583870 0.893751
v 0.155955 0.968621 1.225587
v 0.209168 0.889997 1.089682
v 0.183702 0.929867 1.141302
v 0.160920 0.961947 1.181199
v 0.322079 0.275122 0.893902
v 0.336220 0.224349 0.795306
v 0.344558 0.189024 0.704335
v 0.089599 0.802196 1.016429
v 0.081762 0.775476 1.022879
v 0.079441 0.746731 1.034700
v 0.315795 0.695945 0.789581
v 0.327508 0.645506 0.806798
v 0.333112 0.587676 0.829055
v 0.259759 0.572514 1.131236
v 0.276081 0.490291 1.097085
v 0.290793 0.411438 1.050154
v -0.251494 1.072847 1.136839
v -0.300353 1.060151 1.150147
v -0.350086 1.068002 1.149991
v 0.238685 0.625874 0.512170
v 0.268210 0.633929 0.505740
v 0.297445 0.633233 0.516123
v 0.234449 0.285811 0.577460
v 0.237808 0.225752 0.594743
v 0.242484 0.182083 0.615682
v 0.331960 0.119187 0.586192
v 0.308786 0.094139 0.559572
v 0.278467 0.112488 0.582593
v 0.174884 0.692440 0.691349
v 0.188148 0.666237 0.618659
v 0.203858 0.638255 0.560912
v -0.320739 0.579776 0.921913
v -0.306467 0.635317 0.977653
v -0.290898 0.693490 1.027407
v -0.375960 1.122369 1.225617
v -0.357707 1.144305 1.311284
v -0.335824 1.162368 1.395642
v 0.113809 3.043735 -0.343588
v 0.113809 3.119262 -0.061589
v 0.113809 3.181211 0.213949
v 0.136215 2.802441 0.698784
v 0.133725 2.960622 0.623764
v 0.126968 3.103416 0.547725
v -0.427167 1.343210 1.100127
v -0.407682 1.331498 1.206282
v -0.386427 1.317495 1.308760
v -0.265724 1.163561 1.487100
v -0.272710 0.724655 1.095857
v -0.269640 0.697780 1.119586
v -0.259804 0.674207 1.142027
v 0.107606 2.795298 -1.407263
v 0.111859 2.847968 -1.193934
v 0.113565 2.904484 -0.926210
v 0.126968 2.320856 -0.961102
v 0.133725 2.379992 -0.746702
v 0.136215 2.632842 -0.339124
v 0.133725 2.761631 -0.447773
v 0.126968 2.877631 -0.550539
v -0.254491 0.832946 1.037779
v -0.265821 0.809854 1.046034
v -0.270717 0.782566 1.057865
v -0.361603 1.337853 1.396168
v -0.357464 1.370549 1.385932
v -0.344177 1.398617 1.378295
v -0.113565 3.212655 0.746825
v -0.111859 3.179902 0.982924
v -0.107652 3.130057 1.171064
v 0.088002 3.098054 1.316652
v 0.063965 3.108257 1.341625
v 0.033603 3.112306 1.351827
v 0.092825 2.657160 1.533940
v 0.065440 2.656530 1.573042
v 0.033787 2.656299 1.587447
v -0.107652 3.014820 1.346377
v -0.111859 2.909559 1.406228
v -0.113565 2.787141 1.443732
v 0.086094 1.264095 -1.297977
v 0.063227 1.318285 -1.325634
v 0.033510 1.341019 -1.336301
v 0.088002 0.969133 -2.388546
v 0.063965 0.944907 -2.403093
v 0.033603 0.935039 -2.409010
v -0.107652 2.358762 -2.456375
v -0.111859 2.218343 -2.488683
v -0.113565 2.044207 -2.508117
v -0.136215 1.496918 -1.604926
v -0.133725 1.458014 -1.581068
v -0.126968 1.423816 -1.557353
v 0.092825 1.380738 -1.525271
v 0.065440 1.372201 -1.518857
v 0.033787 1.369056 -1.516493
v 0.092825 1.128664 -1.955829
v 0.065440 1.111227 -1.948646
v 0.033787 1.104802 -1.945999
v -0.107652 2.443587 -2.351013
v -0.111859 2.417126 -2.236651
v -0.113565 2.356531 -2.099053
v -0.126968 1.365260 -2.398284
v -0.133725 1.390072 -2.295707
v -0.136215 1.417240 -2.181759
v -0.285048 1.097832 0.732547
v -0.287801 1.173611 0.668207
v -0.295411 1.268626 0.599812
v -0.354711 1.365537 0.485325
v -0.407369 1.362903 0.474966
v -0.453303 1.360692 0.498477
v -0.344116 1.457399 1.266102
v -0.366257 1.494196 1.157444
v -0.386291 1.529140 1.039260
v -0.493713 1.358904 0.641076
v -0.486369 1.358395 0.748805
v -0.468658 1.356445 0.867682
v -0.448385 1.417809 0.957416
v -0.444788 1.475826 0.934986
v -0.432303 1.523985 0.918160
v 0.089365 0.702277 1.171637
v 0.063107 0.760367 1.192422
v 0.032694 0.797324 1.206166
v 0.092825 3.286311 0.443807
v 0.065440 3.322634 0.423007
v 0.033787 3.336016 0.415343
v -0.420417 1.145778 1.106021
v -0.436408 1.209198 1.067424
v -0.444059 1.280148 1.025794
v -0.336924 1.199223 1.468543
v -0.352250 1.229870 1.449709
v -0.358883 1.265189 1.429139
v 0.092825 3.026001 -0.685843
v 0.065440 3.055462 -0.712805
v 0.033787 3.066316 -0.722739
v 0.000000 3.299948 0.136767
v 0.000000 3.230290 -0.143945
v 0.000000 3.146936 -0.430161
v 0.000000 0.821899 1.224705
v 0.000000 0.845921 1.237255
v -0.000000 0.880867 1.249092
v -0.000000 0.809259 1.195686
v -0.000000 0.816947 1.179567
v 0.000000 0.830366 1.164113
v -0.000000 0.863771 1.140765
v 0.000000 1.307264 -1.622544
v 0.000000 1.243014 -1.725940
v 0.000000 1.175380 -1.831809
v 0.000000 2.093415 -1.522161
v 0.000000 2.183040 -1.653998
v 0.000000 2.282017 -1.787606
v 0.000000 1.448922 -2.583445
v 0.000000 1.576939 -2.598224
v 0.000000 1.717741 -2.608788
v 0.000000 2.069261 -2.608361
v 0.000000 2.260784 -2.587868
v 0.000000 2.426702 -2.544160
v 0.000000 2.477992 -2.077053
v -0.000000 2.548422 -2.225373
v -0.000000 2.575067 -2.360426
v 0.000000 1.030612 -2.070033
v 0.000000 0.967888 -2.196468
v 0.000000 0.930598 -2.313538
v 0.000000 0.986828 -2.477262
v -0.000000 1.079888 -2.520509
v 0.000000 1.197465 -2.547579
v 0.000000 0.479787 -0.908529
v -0.000000 0.494096 -1.173887
v 0.000000 0.559942 -1.403423
v 0.000000 0.637004 -0.426583
v 0.000000 0.786844 -0.254189
v -0.000000 1.338118 -1.150967
v 0.000000 0.808467 -1.604255
v -0.000000 0.973511 -1.564207
v 0.000000 1.154822 -1.465644
v 0.000000 2.776230 1.585162
v 0.000000 2.893871 1.551321
v 0.000000 3.006864 1.477516
v -0.000000 3.208316 1.172402
v 0.000000 3.284360 0.945613
v 0.000000 3.330928 0.687900
v 0.000000 2.343408 -1.465043
v 0.000000 2.506737 -1.631020
v 0.000000 2.697862 -1.800754
v 0.000000 3.007139 -1.027412
v 0.000000 2.963110 -1.338207
v -0.000000 2.930214 -1.654030
v 0.000000 2.151093 -1.151246
v -0.166702 0.859595 1.232622
v -0.189913 0.805521 1.213068
v -0.215561 0.735208 1.187590
v -0.283226 0.758382 0.847541
v -0.269818 0.784696 0.912305
v -0.253686 0.814463 0.973109
v -0.336281 0.470413 0.890400
v -0.333646 0.418387 0.925614
v -0.324501 0.373781 0.958119
v -0.139236 0.445736 0.877142
v -0.143823 0.394615 0.912842
v -0.154279 0.352463 0.946666
v -0.276154 0.315129 0.997752
v -0.240127 0.303991 1.000778
v -0.203939 0.306085 0.992893
v -0.145573 0.674627 0.778128
v -0.137685 0.621734 0.794026
v -0.136067 0.562999 0.815797
v -0.208531 0.642057 1.169469
v -0.172101 0.633294 1.170530
v -0.138161 0.628393 1.162722
v -0.081031 0.688294 1.074796
v -0.084852 0.662451 1.100232
v -0.094014 0.642286 1.125359
v -0.131958 0.844393 1.018263
v -0.165490 0.855742 1.023208
v -0.201834 0.857410 1.027588
v -0.158795 0.394770 1.041212
v -0.144455 0.472707 1.087743
v -0.129141 0.552445 1.120809
v -0.095175 0.663856 1.010314
v -0.109088 0.609080 0.963210
v -0.122750 0.554791 0.908446
v -0.192064 0.745512 0.763010
v -0.227852 0.758229 0.763146
v -0.264279 0.754556 0.767868
v -0.318049 0.652555 0.568595
v -0.314544 0.682066 0.627163
v -0.306228 0.708889 0.700187
v -0.267668 0.346014 0.527431
v -0.306237 0.345373 0.517946
v -0.339883 0.355058 0.532290
v -0.123419 0.794853 0.960850
v -0.138296 0.767248 0.902421
v -0.151241 0.741730 0.838531
v -0.230500 0.174740 0.696661
v -0.209824 0.208520 0.786802
v -0.190735 0.258672 0.885064
v -0.330832 0.587902 0.531166
v -0.345053 0.525917 0.536897
v -0.355576 0.451715 0.551841
v -0.369483 0.402252 0.629394
v -0.364103 0.437881 0.702895
v -0.351130 0.480075 0.781709
v -0.154086 0.455398 0.768452
v -0.174279 0.414109 0.690124
v -0.199261 0.380935 0.617941
v -0.365793 0.302260 0.586297
v -0.364204 0.241581 0.603247
v -0.356542 0.196367 0.623356
v -0.249403 0.813694 1.120650
v -0.222254 0.870415 1.164097
v -0.191363 0.919153 1.201468
v -0.216641 0.573601 0.523483
v -0.218657 0.510088 0.528392
v -0.224232 0.435266 0.543004
v -0.157922 0.941965 1.235125
v -0.157211 0.926784 1.240632
v -0.154149 0.908489 1.243639
v -0.155955 0.968621 1.225586
v -0.209168 0.889997 1.089682
v -0.183702 0.929867 1.141302
v -0.160920 0.961947 1.181199
v -0.322079 0.275121 0.893902
v -0.336220 0.224349 0.795306
v -0.344558 0.189024 0.704335
v -0.089599 0.802196 1.016429
v -0.081762 0.775476 1.022879
v -0.079441 0.746731 1.034700
v -0.315795 0.695945 0.789581
v -0.327508 0.645507 0.806798
v -0.333112 0.587676 0.829055
v -0.259759 0.572514 1.131236
v -0.276081 0.490291 1.097085
v -0.290793 0.411438 1.050154
v -0.238685 0.625874 0.512170
v -0.268210 0.633929 0.505740
v -0.297445 0.633233 0.516123
v -0.234449 0.285811 0.577460
v -0.237808 0.225752 0.594743
v -0.242484 0.182083 0.615682
v -0.331960 0.119187 0.586192
v -0.308786 0.094140 0.559572
v -0.278467 0.112488 0.582593
v -0.174884 0.692440 0.691350
v -0.188148 0.666237 0.618659
v -0.203858 0.638255 0.560912
v -0.113809 3.043735 -0.343588
v -0.113809 3.119262 -0.061589
v -0.113809 3.181211 0.213949
v -0.136215 2.802441 0.698783
v -0.133725 2.960621 0.623764
v -0.126968 3.103416 0.547725
v -0.107606 2.795298 -1.407263
v -0.111859 2.847968 -1.193934
v -0.113565 2.904484 -0.926210
v -0.126968 2.320856 -0.961102
v -0.133725 2.379992 -0.746702
v -0.136215 2.632842 -0.339124
v -0.133725 2.761631 -0.447773
v -0.126968 2.877631 -0.550539
v -0.033787 2.222580 -1.301906
v -0.065440 2.228245 -1.282345
v -0.092825 2.243621 -1.229252
v -0.033603 2.536220 -2.468723
v -0.063965 2.521375 -2.461620
v -0.088002 2.484928 -2.444153
v -0.033787 1.324547 -2.565081
v -0.065440 1.326890 -2.555486
v -0.092825 1.333253 -2.529444
v -0.033787 2.381672 -1.928374
v -0.065440 2.369843 -1.931409
v -0.092825 2.337733 -1.939645
v -0.033510 2.899742 -1.963373
v -0.063227 2.877743 -1.900411
v -0.086094 2.824731 -1.747051
v -0.033603 0.528347 -0.648424
v -0.063965 0.541158 -0.651747
v -0.088002 0.572631 -0.659381
v -0.033787 0.669347 -1.553130
v -0.065440 0.680010 -1.529327
v -0.092825 0.708952 -1.464716
v -0.033787 1.880597 -2.611620
v -0.065440 1.879122 -2.600989
v -0.092825 1.875120 -2.572132
v -0.021595 0.836232 1.142813
v -0.042535 0.807938 1.121391
v -0.062164 0.766654 1.089985
v -0.084577 0.859404 1.065270
v -0.088469 0.907797 1.254408
v -0.125281 0.899824 1.249572
v -0.088002 3.098054 1.316652
v -0.063965 3.108257 1.341625
v -0.033603 3.112306 1.351827
v -0.092825 2.657160 1.533940
v -0.065440 2.656530 1.573042
v -0.033787 2.656299 1.587447
v -0.086094 1.264095 -1.297977
v -0.063227 1.318285 -1.325634
v -0.033510 1.341019 -1.336301
v -0.088002 0.969133 -2.388546
v -0.063965 0.944907 -2.403093
v -0.033603 0.935039 -2.409010
v -0.092825 1.380738 -1.525271
v -0.065440 1.372201 -1.518857
v -0.033787 1.369055 -1.516493
v -0.092825 1.128664 -1.955829
v -0.065440 1.111227 -1.948645
v -0.033787 1.104802 -1.945999
v -0.089365 0.702277 1.171637
v -0.063107 0.760367 1.192422
v -0.032694 0.797325 1.206166
v -0.092825 3.286311 0.443807
v -0.065440 3.322634 0.423007
v -0.033787 3.336016 0.415343
v -0.092825 3.026001 -0.685843
v -0.065440 3.055462 -0.712805
v -0.033787 3.066316 -0.722739
v -0.094796 0.700422 0.989368
v -0.097368 0.735815 0.974535
v -0.105904 0.767978 0.965226
v -0.108658 0.653576 0.938881
v -0.111298 0.696703 0.921126
v -0.120134 0.735561 0.909215
v -0.122069 0.607374 0.881578
v -0.124441 0.658542 0.861380
v -0.133091 0.704570 0.847236
v 0.033781 2.344144 -1.461961
v 0.065394 2.349298 -1.440396
v 0.092685 2.363537 -1.382301
v 0.033741 2.506860 -1.626975
v 0.065071 2.507722 -1.598660
v 0.091706 2.512058 -1.525323
v 0.033643 2.696585 -1.794584
v 0.064288 2.687643 -1.751391
v 0.089324 2.668733 -1.644553
v 0.135861 2.810390 0.929949
v 0.133383 2.806941 1.137981
v 0.126658 2.797366 1.312553
v 0.133383 2.964761 0.867119
v 0.130986 2.951636 1.086884
v 0.124485 2.929828 1.269924
v 0.126658 3.103746 0.801729
v 0.124485 3.080378 1.029988
v 0.118684 3.044982 1.214969
v -0.135861 2.810390 0.929949
v -0.133383 2.964761 0.867119
v -0.126658 3.103746 0.801729
v -0.133383 2.806941 1.137981
v -0.130986 2.951636 1.086884
v -0.124485 3.080378 1.029988
v -0.126658 2.797366 1.312553
v -0.124485 2.929828 1.269924
v -0.118684 3.044981 1.214969
v -0.026558 0.796733 1.190057
v -0.023318 0.804947 1.173130
v -0.021991 0.819076 1.156883
v -0.051756 0.761639 1.174708
v -0.045753 0.771981 1.155759
v -0.043284 0.788409 1.137384
v -0.074406 0.708158 1.152108
v -0.066473 0.722740 1.130412
v -0.063186 0.743185 1.108915
v -0.033781 2.344143 -1.461961
v -0.033741 2.506860 -1.626975
v -0.033643 2.696585 -1.794584
v -0.065394 2.349298 -1.440397
v -0.065071 2.507722 -1.598660
v -0.064288 2.687643 -1.751391
v -0.092685 2.363537 -1.382301
v -0.091706 2.512058 -1.525323
v -0.089324 2.668733 -1.644554
v 0.033781 2.151763 -1.148678
v 0.065394 2.156451 -1.130705
v 0.092685 2.169201 -1.081860
v -0.236361 0.750050 1.173635
v -0.246613 0.768966 1.155958
v -0.249815 0.790579 1.137340
v -0.210129 0.817656 1.202869
v -0.219791 0.833818 1.190090
v -0.222727 0.851684 1.176381
v -0.182883 0.871414 1.226659
v -0.189986 0.887627 1.219074
v -0.191959 0.903568 1.209958
v -0.118373 1.147733 -1.170695
v -0.122002 1.191852 -0.992660
v -0.118373 1.229818 -0.816715
v -0.124143 1.055264 -1.203012
v -0.128246 1.117149 -0.994060
v -0.124143 1.177105 -0.785734
v -0.126304 0.951900 -1.201304
v -0.130551 1.036070 -0.969890
v -0.126304 1.119998 -0.738553
v 0.033781 0.561723 -1.400257
v 0.033741 0.496061 -1.171497
v 0.033654 0.481826 -0.907534
v 0.065394 0.574197 -1.378102
v 0.065071 0.509818 -1.154769
v 0.064380 0.496098 -0.900567
v 0.092685 0.608012 -1.317765
v 0.091706 0.546826 -1.107748
v 0.089520 0.533493 -0.877968
v 0.126304 0.776309 -1.012320
v 0.124143 0.725638 -0.842567
v 0.118373 0.701618 -0.671505
v 0.130551 0.900165 -0.786629
v 0.128246 0.856177 -0.642153
v 0.122002 0.826140 -0.499880
v 0.126304 1.024109 -0.561505
v -0.033637 1.335914 -1.150318
v -0.064241 1.320489 -1.145780
v -0.089184 1.281965 -1.136559
v -0.090586 1.295620 -0.974715
v 0.033637 1.335914 -1.150318
v 0.064241 1.320489 -1.145780
v 0.089184 1.281964 -1.136558
v 0.090586 1.295620 -0.974715
v -0.033781 0.561723 -1.400257
v -0.065394 0.574197 -1.378102
v -0.092685 0.608012 -1.317765
v -0.033741 0.496061 -1.171497
v -0.065071 0.509818 -1.154768
v -0.091706 0.546827 -1.107748
v -0.033654 0.481826 -0.907534
v -0.064380 0.496098 -0.900567
v -0.089520 0.533493 -0.877968
v -0.126304 0.776309 -1.012321
v -0.130551 0.900165 -0.786629
v -0.126304 1.024109 -0.561505
v -0.124143 0.725637 -0.842567
v -0.128246 0.856177 -0.642153
v -0.118373 0.701617 -0.671505
v -0.122002 0.826140 -0.499880
v 0.118373 1.147733 -1.170694
v 0.124143 1.055264 -1.203012
v 0.126304 0.951900 -1.201304
v 0.122002 1.191852 -0.992660
v 0.128246 1.117148 -0.994060
v 0.130551 1.036070 -0.969889
v 0.118373 1.229818 -0.816715
v 0.124143 1.177105 -0.785734
v 0.126304 1.119998 -0.738553
v 0.033643 1.153544 -1.463362
v 0.033741 0.973786 -1.561296
v 0.033781 0.809593 -1.600958
v 0.064288 1.144598 -1.447386
v 0.065071 0.975708 -1.540922
v 0.065394 0.817477 -1.577882
v 0.089324 1.125692 -1.403714
v 0.091706 0.982868 -1.485373
v 0.092685 0.839118 -1.515215
v -0.126968 1.474387 -2.413876
v -0.126968 1.586475 -2.424640
v -0.126968 1.710351 -2.429378
v -0.133725 1.489611 -2.310575
v -0.133725 1.591903 -2.319094
v -0.133725 1.705316 -2.320467
v -0.136215 1.505981 -2.196059
v -0.136215 1.597250 -2.202443
v -0.136215 1.698797 -2.200408
v 0.033781 2.068849 -2.606796
v 0.065394 2.065970 -2.595840
v 0.092685 2.058314 -2.566090
v 0.033741 2.259962 -2.586327
v 0.065071 2.254211 -2.575539
v 0.091706 2.239870 -2.546188
v 0.033654 2.425184 -2.542783
v 0.064380 2.414557 -2.533144
v 0.089520 2.389144 -2.507178
v -0.136571 1.535091 -1.974139
v -0.136571 1.604269 -1.978215
v -0.136571 1.681562 -1.971300
v -0.136571 1.547736 -1.869750
v -0.136571 1.606908 -1.873555
v -0.136571 1.673001 -1.865387
v -0.136571 1.561335 -1.760175
v -0.136571 1.611400 -1.763622
v -0.136571 1.667265 -1.754595
v -0.345157 1.262741 0.558591
v -0.397212 1.258924 0.549646
v -0.443217 1.257921 0.571672
v -0.334522 1.163865 0.631613
v -0.384115 1.158058 0.624464
v -0.428862 1.159228 0.644198
v -0.325330 1.083490 0.704243
v -0.369803 1.074483 0.700396
v -0.411358 1.079262 0.715719
v 0.033787 1.449130 -2.582063
v 0.065440 1.450586 -2.572387
v 0.092825 1.454537 -2.546124
v 0.033787 1.577017 -2.596808
v 0.065440 1.577564 -2.586902
v 0.092825 1.579051 -2.560012
v 0.033787 1.717681 -2.607325
v 0.065440 1.717264 -2.597085
v 0.092825 1.716132 -2.569288
v -0.366750 1.603567 0.303801
v -0.413705 1.610768 0.273931
v -0.452047 1.599375 0.315179
v -0.363979 1.538353 0.351067
v -0.414965 1.539672 0.332688
v -0.458319 1.533716 0.363652
v -0.360582 1.458809 0.413629
v -0.413166 1.457359 0.401026
v -0.458642 1.453989 0.426710
v -0.327480 1.256389 1.528108
v -0.290614 1.247358 1.621907
v -0.320593 1.228116 1.545201
v -0.284112 1.225009 1.635524
v -0.244133 1.221706 1.712533
v -0.304823 1.203908 1.560549
v -0.269357 1.206244 1.646527
v 0.136571 1.535091 -1.974139
v 0.136571 1.547736 -1.869750
v 0.136571 1.561335 -1.760175
v 0.136571 1.604269 -1.978215
v 0.136571 1.606908 -1.873555
v 0.136571 1.611400 -1.763622
v 0.136571 1.681562 -1.971300
v 0.136571 1.673001 -1.865387
v 0.136571 1.667265 -1.754595
v -0.136215 1.881171 -1.922796
v -0.133725 1.995664 -1.886693
v -0.126968 2.102626 -1.850573
v -0.136215 1.843015 -1.809709
v -0.133725 1.940232 -1.768159
v -0.126968 2.030962 -1.726557
v -0.136215 1.809980 -1.693692
v -0.133725 1.891156 -1.647990
v -0.126968 1.966784 -1.602158
v 0.033787 1.176169 -1.832209
v 0.033787 1.243679 -1.726342
v 0.033787 1.307815 -1.622928
v 0.065440 1.181692 -1.835007
v 0.065440 1.248337 -1.729163
v 0.065440 1.311670 -1.625614
v 0.092825 1.196683 -1.842600
v 0.092825 1.260979 -1.736820
v 0.092825 1.322136 -1.632905
v 0.136215 1.881171 -1.922796
v 0.136215 1.843015 -1.809709
v 0.136215 1.809981 -1.693692
v 0.133725 1.995664 -1.886692
v 0.133725 1.940232 -1.768159
v 0.133725 1.891156 -1.647989
v 0.126968 2.102626 -1.850573
v 0.126968 2.030963 -1.726556
v 0.126968 1.966784 -1.602158
v -0.033787 1.176169 -1.832209
v -0.065440 1.181692 -1.835007
v -0.092825 1.196684 -1.842600
v -0.033787 1.243679 -1.726342
v -0.065440 1.248337 -1.729163
v -0.092825 1.260979 -1.736820
v -0.033787 1.307815 -1.622928
v -0.065440 1.311671 -1.625614
v -0.092825 1.322136 -1.632905
v 0.126658 2.022544 -2.416156
v 0.133383 1.993883 -2.299175
v 0.135861 1.959392 -2.169889
v 0.124485 2.191162 -2.396849
v 0.130986 2.155257 -2.278451
v 0.133383 2.108000 -2.145257
v 0.118684 2.335279 -2.371014
v 0.124485 2.301515 -2.255302
v 0.126658 2.246167 -2.120020
v 0.033654 0.931996 -2.313187
v 0.033741 0.969105 -2.196568
v 0.033781 1.031665 -2.070351
v 0.064380 0.941778 -2.310723
v 0.065071 0.977628 -2.197268
v 0.065394 1.039036 -2.072576
v 0.089520 0.966907 -2.305973
v 0.091706 1.000324 -2.199940
v 0.092685 1.058988 -2.078711
v -0.126658 2.022544 -2.416156
v -0.124485 2.191162 -2.396849
v -0.118684 2.335280 -2.371014
v -0.133383 1.993883 -2.299175
v -0.130986 2.155257 -2.278451
v -0.124485 2.301515 -2.255302
v -0.135861 1.959393 -2.169889
v -0.133383 2.108000 -2.145257
v -0.126658 2.246167 -2.120020
v 0.126968 1.474386 -2.413875
v 0.133725 1.489611 -2.310575
v 0.136215 1.505981 -2.196060
v 0.126968 1.586475 -2.424640
v 0.133725 1.591904 -2.319095
v 0.136215 1.597250 -2.202443
v 0.126968 1.710351 -2.429378
v 0.133725 1.705316 -2.320467
v 0.136215 1.698797 -2.200408
v -0.033654 0.931996 -2.313187
v -0.064380 0.941778 -2.310723
v -0.089520 0.966908 -2.305972
v -0.033741 0.969105 -2.196568
v -0.065071 0.977628 -2.197268
v -0.091706 1.000324 -2.199940
v -0.033781 1.031665 -2.070351
v -0.065394 1.039036 -2.072576
v -0.092685 1.058988 -2.078711
v 0.118684 1.068867 -2.328037
v 0.124485 1.106732 -2.227879
v 0.126658 1.158576 -2.111234
v 0.124485 1.151305 -2.354938
v 0.130986 1.190483 -2.251944
v 0.133383 1.237088 -2.135792
v 0.126658 1.254108 -2.378755
v 0.133383 1.288008 -2.275515
v 0.135861 1.325872 -2.160591
v 0.126968 1.272268 -1.880570
v 0.126968 1.324730 -1.775107
v 0.126968 1.374924 -1.669367
v 0.133725 1.331893 -1.908556
v 0.133725 1.375089 -1.803346
v 0.133725 1.416717 -1.696301
v 0.136215 1.399049 -1.936559
v 0.136215 1.431935 -1.831639
v 0.136215 1.464057 -1.723364
v -0.312370 1.366796 1.483797
v -0.326105 1.343138 1.490806
v -0.289724 1.318435 1.589115
v -0.330380 1.315826 1.499943
v -0.293599 1.295621 1.597835
v -0.481963 1.571595 0.505831
v -0.473244 1.562612 0.629287
v -0.454576 1.546694 0.772714
v -0.494469 1.516555 0.536498
v -0.485980 1.507445 0.659782
v -0.467174 1.494058 0.797368
v -0.497463 1.444807 0.582838
v -0.489193 1.438728 0.699887
v -0.470573 1.430050 0.828702
v 0.033654 0.987945 -2.476089
v 0.064380 0.995760 -2.467882
v 0.089520 1.014928 -2.445721
v 0.033741 1.080618 -2.519178
v 0.065071 1.085722 -2.509862
v 0.091706 1.098848 -2.484494
v 0.033781 1.197945 -2.546205
v 0.065394 1.201306 -2.536589
v 0.092685 1.210339 -2.510479
v -0.252509 1.106841 0.793084
v 0.252509 1.106841 0.793084
v 0.345157 1.262741 0.558591
v 0.334522 1.163865 0.631613
v 0.325330 1.083490 0.704243
v 0.397212 1.258924 0.549646
v 0.384115 1.158057 0.624463
v 0.369803 1.074483 0.700396
v 0.443217 1.257921 0.571672
v 0.428862 1.159228 0.644198
v 0.411358 1.079262 0.715719
v 0.327480 1.256389 1.528108
v 0.320593 1.228116 1.545201
v 0.304823 1.203908 1.560549
v 0.290614 1.247358 1.621907
v 0.284112 1.225009 1.635524
v 0.269357 1.206244 1.646527
v 0.244133 1.221706 1.712533
v -0.385533 1.007378 0.869783
v -0.376541 1.013054 0.959893
v -0.364504 1.036670 1.055528
v -0.341808 0.996571 0.867379
v -0.328451 1.002651 0.960164
v -0.314745 1.027447 1.056273
v -0.299506 1.011606 0.858307
v -0.282201 1.017691 0.947308
v -0.266444 1.041490 1.042447
v -0.342485 1.651027 0.408488
v -0.387390 1.662178 0.387444
v -0.363676 1.645287 0.556033
v -0.339781 1.622384 0.725969
v -0.427782 1.646834 0.419866
v -0.410150 1.633205 0.573446
v -0.388665 1.612015 0.736559
v -0.485740 1.264302 0.703585
v -0.480100 1.270235 0.803380
v -0.464110 1.276141 0.913866
v -0.472455 1.172988 0.765016
v -0.468613 1.183219 0.858286
v -0.454687 1.196226 0.962074
v -0.452096 1.097031 0.819709
v -0.449066 1.106956 0.907343
v -0.436921 1.124758 1.005906
v 0.312370 1.366796 1.483797
v 0.326105 1.343138 1.490806
v 0.330380 1.315826 1.499943
v 0.289724 1.318435 1.589115
v 0.293599 1.295621 1.597835
v 0.366750 1.603567 0.303801
v 0.363979 1.538353 0.351067
v 0.360582 1.458809 0.413629
v 0.413705 1.610768 0.273930
v 0.414965 1.539672 0.332688
v 0.413166 1.457359 0.401026
v 0.452047 1.599375 0.315179
v 0.458319 1.533716 0.363652
v 0.458642 1.453990 0.426710
v 0.481963 1.571595 0.505831
v 0.494469 1.516555 0.536498
v 0.497463 1.444807 0.582838
v 0.473244 1.562612 0.629287
v 0.485980 1.507445 0.659783
v 0.489193 1.438728 0.699887
v 0.454577 1.546694 0.772714
v 0.467174 1.494058 0.797368
v 0.470573 1.430050 0.828702
v 0.385533 1.007378 0.869783
v 0.341808 0.996571 0.867379
v 0.299506 1.011606 0.858307
v 0.376541 1.013054 0.959892
v 0.328451 1.002651 0.960165
v 0.282201 1.017691 0.947308
v 0.364504 1.036670 1.055528
v 0.314745 1.027447 1.056273
v 0.266444 1.041490 1.042447
v 0.342484 1.651027 0.408488
v 0.387390 1.662178 0.387444
v 0.427782 1.646834 0.419866
v 0.363676 1.645287 0.556032
v 0.410150 1.633205 0.573445
v 0.339781 1.622384 0.725969
v 0.388665 1.612015 0.736558
v 0.485740 1.264302 0.703585
v 0.472455 1.172988 0.765016
v 0.452096 1.097031 0.819709
v 0.480100 1.270235 0.803380
v 0.468613 1.183219 0.858286
v 0.449066 1.106956 0.907343
v 0.464110 1.276141 0.913866
v 0.454687 1.196226 0.962074
v 0.436921 1.124758 1.005906
v 0.411694 1.496202 1.048531
v 0.424150 1.453060 1.060162
v 0.427894 1.401474 1.076559
v 0.391806 1.464975 1.164917
v 0.404357 1.426968 1.174025
v 0.408215 1.381901 1.187052
v 0.370134 1.431911 1.272959
v 0.382949 1.398987 1.281106
v 0.386925 1.360293 1.292415
v 0.334336 1.097809 1.237837
v 0.284792 1.091375 1.237112
v 0.235804 1.102650 1.224542
v 0.316134 1.123931 1.320884
v 0.266692 1.118886 1.319011
v 0.293817 1.145979 1.402762
v 0.244462 1.142243 1.399319
v 0.345822 1.550337 1.030525
v 0.325591 1.513144 1.149817
v 0.424825 1.280712 1.131887
v 0.418205 1.219162 1.167323
v 0.403265 1.164426 1.200534
v 0.405656 1.278005 1.232755
v 0.399408 1.225745 1.262534
v 0.384803 1.179564 1.290437
v 0.384394 1.272630 1.330978
v 0.378071 1.229223 1.355761
v 0.363274 1.191170 1.378763
v 0.360875 0.226622 0.693864
v 0.354489 0.263129 0.779252
v 0.340816 0.312726 0.872278
v 0.370036 0.272743 0.671817
v 0.363818 0.311817 0.755066
v 0.350043 0.360718 0.843727
v 0.372229 0.332334 0.650239
v 0.366172 0.370874 0.728874
v 0.352533 0.417239 0.812337
v 0.110549 0.569983 1.096230
v 0.125152 0.495243 1.060528
v 0.139251 0.421569 1.012568
v 0.100633 0.596110 1.067127
v 0.114832 0.527247 1.027868
v 0.128784 0.459028 0.977944
v 0.096480 0.628257 1.037241
v 0.110482 0.566074 0.994012
v 0.124311 0.504362 0.941763
v 0.276486 0.156657 0.567018
v 0.310878 0.146982 0.549152
v 0.338963 0.164482 0.571222
v 0.274456 0.208563 0.552616
v 0.311802 0.204672 0.539282
v 0.343557 0.217217 0.557266
v 0.271968 0.272367 0.540518
v 0.310484 0.270979 0.529831
v 0.343794 0.281362 0.545350
v 0.026558 0.796733 1.190057
v 0.051756 0.761639 1.174708
v 0.074406 0.708158 1.152108
v 0.023318 0.804946 1.173130
v 0.045753 0.771981 1.155759
v 0.066473 0.722740 1.130412
v 0.021991 0.819076 1.156883
v 0.043284 0.788409 1.137384
v 0.063186 0.743185 1.108915
v 0.188959 0.380810 1.060119
v 0.174272 0.461647 1.105883
v 0.157973 0.545280 1.137609
v 0.225131 0.379465 1.068193
v 0.210200 0.461521 1.113794
v 0.193225 0.547137 1.145324
v 0.261146 0.389926 1.065008
v 0.246256 0.471268 1.110978
v 0.229410 0.556273 1.143264
v 0.021476 0.854054 1.132326
v 0.042301 0.828097 1.109412
v 0.061830 0.790706 1.075646
v 0.022302 0.872291 1.126452
v 0.043822 0.848455 1.102380
v 0.063824 0.814486 1.066545
v 0.048950 0.869096 1.101052
v 0.070592 0.837537 1.062985
v 0.252733 0.775891 0.839603
v 0.239329 0.798712 0.905427
v 0.222789 0.825170 0.967402
v 0.216439 0.778438 0.835180
v 0.203077 0.799983 0.901232
v 0.186513 0.825029 0.963256
v 0.180554 0.766785 0.834674
v 0.167406 0.789172 0.900010
v 0.151560 0.814449 0.960659
v 0.171494 0.291522 0.860886
v 0.191470 0.242713 0.768284
v 0.214684 0.208313 0.684027
v 0.161213 0.337070 0.831021
v 0.181942 0.289040 0.742828
v 0.207016 0.252326 0.660848
v 0.156515 0.392691 0.799148
v 0.177342 0.347227 0.716169
v 0.202908 0.311129 0.638847
v 0.363642 0.477058 0.608213
v 0.359511 0.509040 0.678464
v 0.347799 0.546299 0.754766
v 0.353911 0.548821 0.590121
v 0.351097 0.577912 0.657284
v 0.340897 0.610498 0.732203
v 0.338999 0.609425 0.578193
v 0.336779 0.637605 0.640564
v 0.327884 0.666663 0.714086
v 0.094796 0.700423 0.989368
v 0.108658 0.653576 0.938881
v 0.122069 0.607374 0.881578
v 0.097368 0.735815 0.974535
v 0.111298 0.696703 0.921126
v 0.124441 0.658542 0.861380
v 0.105904 0.767978 0.965226
v 0.120134 0.735561 0.909215
v 0.133091 0.704570 0.847236
v -0.345822 1.550337 1.030525
v -0.325591 1.513144 1.149817
v 0.236361 0.750050 1.173635
v 0.210129 0.817656 1.202869
v 0.182883 0.871414 1.226659
v 0.246613 0.768966 1.155958
v 0.219791 0.833818 1.190090
v 0.189986 0.887627 1.219074
v 0.249815 0.790579 1.137339
v 0.222727 0.851684 1.176381
v 0.191959 0.903568 1.209958
v 0.290244 0.674477 0.555774
v 0.283657 0.706657 0.616202
v 0.274840 0.732422 0.690385
v 0.258216 0.678520 0.547928
v 0.248433 0.711575 0.610204
v 0.238394 0.736992 0.685287
v 0.227231 0.666585 0.551534
v 0.214556 0.698004 0.611553
v 0.203014 0.723426 0.685552
v 0.258712 0.145774 0.686937
v 0.239173 0.186869 0.794196
v 0.220711 0.240619 0.900509
v 0.291604 0.135181 0.679167
v 0.274234 0.181580 0.796380
v 0.256731 0.237706 0.907160
v 0.321189 0.153598 0.691141
v 0.308275 0.195523 0.798846
v 0.292537 0.249614 0.905341
v -0.110549 0.569983 1.096230
v -0.100633 0.596110 1.067127
v -0.096480 0.628257 1.037241
v -0.125152 0.495244 1.060528
v -0.114832 0.527247 1.027868
v -0.110482 0.566075 0.994013
v -0.139251 0.421569 1.012568
v -0.128784 0.459027 0.977944
v -0.124311 0.504362 0.941763
v 0.247691 0.837031 1.108131
v 0.220541 0.889273 1.155127
v 0.189815 0.934641 1.195391
v 0.242576 0.858773 1.099420
v 0.215681 0.906434 1.148794
v 0.186003 0.947728 1.190290
v 0.230833 0.877012 1.093542
v 0.204608 0.920127 1.144095
v 0.177638 0.956278 1.184749
v 0.309404 0.443052 1.024102
v 0.294820 0.517886 1.072633
v 0.278902 0.595775 1.109884
v 0.318528 0.482980 0.990819
v 0.304026 0.552464 1.041463
v 0.288332 0.624758 1.082675
v 0.321272 0.529222 0.955143
v 0.306856 0.592212 1.008246
v 0.291261 0.657863 1.053791
v 0.319023 0.632225 0.894990
v 0.304982 0.679647 0.953378
v 0.289407 0.729807 1.006806
v 0.314174 0.682480 0.874314
v 0.300401 0.721801 0.935196
v 0.284759 0.764062 0.991687
v 0.303229 0.726035 0.858844
v 0.289690 0.758058 0.921905
v 0.273878 0.793275 0.980854
v 0.260669 0.425261 0.511078
v 0.298798 0.425261 0.502159
v 0.332496 0.434256 0.515911
v 0.252879 0.502774 0.497941
v 0.289205 0.504102 0.489265
v 0.321981 0.511427 0.502591
v 0.246147 0.571102 0.496158
v 0.278722 0.575044 0.487893
v 0.309159 0.578993 0.500398
v -0.334336 1.097809 1.237837
v -0.316134 1.123931 1.320884
v -0.293817 1.145979 1.402762
v -0.284792 1.091375 1.237112
v -0.266692 1.118886 1.319011
v -0.244462 1.142243 1.399319
v -0.235804 1.102650 1.224542
v -0.424825 1.280712 1.131887
v -0.405656 1.278005 1.232755
v -0.384394 1.272630 1.330978
v -0.418205 1.219162 1.167323
v -0.399408 1.225745 1.262534
v -0.378071 1.229223 1.355761
v -0.403265 1.164426 1.200534
v -0.384803 1.179564 1.290437
v -0.363274 1.191170 1.378763
v 0.151781 0.521751 0.741578
v 0.170681 0.485392 0.665759
v 0.194321 0.455853 0.596821
v 0.152067 0.586849 0.719498
v 0.169222 0.555135 0.645047
v 0.190892 0.528405 0.579152
v 0.158562 0.645457 0.702693
v 0.173760 0.617190 0.629596
v 0.192807 0.591116 0.568357
v -0.188959 0.380810 1.060119
v -0.225131 0.379465 1.068193
v -0.261146 0.389926 1.065008
v -0.174272 0.461647 1.105883
v -0.210200 0.461521 1.113794
v -0.246256 0.471268 1.110978
v -0.157973 0.545280 1.137609
v -0.193225 0.547137 1.145324
v -0.229410 0.556273 1.143264
v -0.252733 0.775891 0.839603
v -0.216439 0.778438 0.835180
v -0.180554 0.766785 0.834674
v -0.239329 0.798713 0.905427
v -0.203077 0.799983 0.901232
v -0.167406 0.789172 0.900010
v -0.222789 0.825170 0.967401
v -0.186513 0.825028 0.963256
v -0.151560 0.814450 0.960659
v 0.136215 2.692000 -0.067411
v 0.136215 2.741542 0.197446
v 0.136215 2.779133 0.453495
v 0.133725 2.827716 -0.167970
v 0.133725 2.887065 0.104381
v 0.133725 2.933445 0.368539
v 0.126968 2.949007 -0.264822
v 0.126968 3.017376 0.013203
v 0.126968 3.072319 0.283923
v -0.021476 0.854053 1.132326
v -0.022302 0.872290 1.126452
v -0.042301 0.828097 1.109412
v -0.043822 0.848455 1.102380
v -0.048950 0.869096 1.101052
v -0.061830 0.790705 1.075646
v -0.063824 0.814486 1.066545
v -0.070592 0.837537 1.062985
v 0.126658 2.439952 -1.097345
v 0.133383 2.500578 -0.871935
v 0.135861 2.567097 -0.612821
v 0.124485 2.572135 -1.222034
v 0.130986 2.629911 -0.995549
v 0.133383 2.694510 -0.730384
v 0.118684 2.695107 -1.318600
v 0.124485 2.750407 -1.103372
v 0.126658 2.811527 -0.838933
v -0.171494 0.291522 0.860886
v -0.161213 0.337070 0.831021
v -0.156515 0.392691 0.799148
v -0.191470 0.242713 0.768284
v -0.181942 0.289041 0.742828
v -0.177342 0.347227 0.716169
v -0.214684 0.208313 0.684027
v -0.207016 0.252327 0.660849
v -0.202908 0.311129 0.638847
v 0.126658 2.233683 -0.833868
v -0.247691 0.837031 1.108131
v -0.242576 0.858773 1.099420
v -0.230833 0.877012 1.093542
v -0.220541 0.889273 1.155127
v -0.215681 0.906434 1.148794
v -0.204608 0.920127 1.144095
v -0.189815 0.934641 1.195391
v -0.186003 0.947728 1.190290
v -0.177638 0.956278 1.184749
v -0.363642 0.477058 0.608213
v -0.353911 0.548821 0.590121
v -0.338999 0.609425 0.578193
v -0.359511 0.509040 0.678464
v -0.351097 0.577912 0.657284
v -0.336779 0.637605 0.640564
v -0.347799 0.546299 0.754766
v -0.340897 0.610498 0.732203
v -0.327884 0.666662 0.714086
v -0.258712 0.145774 0.686937
v -0.291604 0.135181 0.679167
v -0.321189 0.153598 0.691141
v -0.239173 0.186869 0.794196
v -0.274234 0.181580 0.796380
v -0.308275 0.195523 0.798846
v -0.220711 0.240619 0.900509
v -0.256731 0.237706 0.907160
v -0.292537 0.249614 0.905341
v 0.092825 3.103398 -0.393638
v 0.092825 3.183450 -0.109201
v 0.092825 3.249856 0.169328
v 0.065440 3.134036 -0.419340
v 0.065440 3.216412 -0.133651
v 0.065440 3.285105 0.146414
v 0.033787 3.145323 -0.428808
v 0.033787 3.228555 -0.142658
v 0.033787 3.298092 0.137973
v 0.121674 0.928901 1.254007
v 0.106746 0.800358 1.222577
v 0.113045 0.706764 1.186823
v 0.081113 0.771159 1.207682
v 0.041861 0.809464 1.220452
v 0.049555 0.835575 1.233940
v 0.049054 0.875141 1.247260
v 0.096160 0.863707 1.242850
v 0.136997 0.857846 1.238100
v 0.156232 0.799556 1.219557
v 0.182637 0.725201 1.195417
v 0.144838 0.717092 1.195678
v 0.176130 0.896095 1.086853
v 0.150201 0.935568 1.140835
v 0.107515 0.879191 1.073074
v 0.138737 0.893277 1.082396
v -0.360875 0.226622 0.693863
v -0.370036 0.272742 0.671817
v -0.372229 0.332334 0.650239
v -0.354489 0.263129 0.779252
v -0.363818 0.311817 0.755066
v -0.366172 0.370875 0.728874
v -0.340816 0.312726 0.872278
v -0.350043 0.360718 0.843727
v -0.352533 0.417239 0.812337
v -0.411694 1.496202 1.048531
v -0.391805 1.464975 1.164917
v -0.370134 1.431911 1.272959
v -0.424150 1.453060 1.060162
v -0.404357 1.426969 1.174025
v -0.382949 1.398987 1.281106
v -0.427894 1.401475 1.076559
v -0.408215 1.381901 1.187052
v -0.386925 1.360293 1.292415
v -0.126968 1.272268 -1.880570
v -0.133725 1.331893 -1.908556
v -0.136215 1.399049 -1.936559
v -0.126968 1.324730 -1.775107
v -0.133725 1.375089 -1.803347
v -0.136215 1.431935 -1.831639
v -0.126968 1.374925 -1.669367
v -0.133725 1.416717 -1.696302
v -0.136215 1.464057 -1.723364
v 0.092825 2.242454 -1.801541
v 0.092825 2.149503 -1.670057
v 0.092825 2.065492 -1.539868
v 0.065440 2.270295 -1.791735
v 0.065440 2.173103 -1.658757
v 0.065440 2.085141 -1.527408
v 0.033787 2.280552 -1.788122
v 0.033787 2.181798 -1.654593
v 0.033787 2.092380 -1.522817
v -0.033654 0.987945 -2.476089
v -0.033741 1.080618 -2.519178
v -0.033781 1.197945 -2.546205
v -0.064380 0.995760 -2.467882
v -0.065071 1.085722 -2.509862
v -0.065394 1.201307 -2.536589
v -0.089520 1.014928 -2.445721
v -0.091706 1.098847 -2.484494
v -0.092685 1.210339 -2.510479
v -0.033787 1.449130 -2.582062
v -0.033787 1.577017 -2.596808
v -0.033787 1.717680 -2.607326
v -0.065440 1.450586 -2.572387
v -0.065440 1.577564 -2.586901
v -0.065440 1.717264 -2.597085
v -0.092825 1.454537 -2.546124
v -0.092825 1.579051 -2.560012
v -0.092825 1.716133 -2.569289
v 0.089520 2.515686 -2.350372
v 0.091706 2.491875 -2.228012
v 0.092685 2.426607 -2.086069
v 0.064380 2.556946 -2.356781
v 0.065071 2.531523 -2.225890
v 0.065394 2.462749 -2.079691
v 0.033654 2.572801 -2.359971
v 0.033741 2.546309 -2.225437
v 0.033781 2.476087 -2.077383
v -0.118684 1.068867 -2.328037
v -0.124485 1.151305 -2.354938
v -0.126658 1.254108 -2.378755
v -0.124485 1.106732 -2.227879
v -0.130986 1.190484 -2.251944
v -0.133383 1.288008 -2.275515
v -0.126658 1.158576 -2.111234
v -0.133383 1.237088 -2.135792
v -0.135861 1.325872 -2.160592
v -0.033643 1.153544 -1.463362
v -0.064288 1.144598 -1.447386
v -0.089324 1.125692 -1.403714
v -0.033741 0.973786 -1.561296
v -0.065071 0.975708 -1.540922
v -0.091706 0.982868 -1.485373
v -0.033781 0.809593 -1.600958
v -0.065394 0.817477 -1.577882
v -0.092685 0.839118 -1.515215
v 0.089380 0.666543 -0.467828
v 0.064334 0.646639 -0.438330
v 0.033649 0.638209 -0.428051
v 0.090586 0.795336 -0.308862
v 0.064702 0.789364 -0.270412
v 0.033695 0.787159 -0.256217
v -0.033781 2.151763 -1.148678
v -0.065394 2.156451 -1.130705
v -0.092685 2.169201 -1.081860
v -0.033781 2.068850 -2.606795
v -0.033741 2.259962 -2.586327
v -0.033654 2.425184 -2.542783
v -0.065394 2.065970 -2.595839
v -0.065071 2.254211 -2.575539
v -0.064380 2.414557 -2.533143
v -0.092685 2.058315 -2.566090
v -0.091706 2.239870 -2.546188
v -0.089520 2.389145 -2.507179
v 0.092685 2.780626 1.525548
v 0.065394 2.777507 1.567505
v 0.033781 2.776390 1.582955
v 0.091706 2.898830 1.490521
v 0.065071 2.895133 1.533357
v 0.033741 2.894028 1.549075
v 0.089520 3.005532 1.422747
v 0.064380 3.005983 1.461242
v 0.033654 3.006753 1.475482
v 0.092685 3.281139 0.712337
v 0.091706 3.241151 0.957981
v 0.089520 3.177378 1.162224
v 0.065394 3.316189 0.695088
v 0.065071 3.271665 0.948857
v 0.064380 3.199331 1.168337
v 0.033781 3.329086 0.688799
v 0.033741 3.282773 0.946018
v 0.033654 3.207192 1.171894
v -0.276486 0.156657 0.567018
v -0.274456 0.208563 0.552616
v -0.271968 0.272367 0.540518
v -0.310878 0.146982 0.549152
v -0.311802 0.204672 0.539282
v -0.310484 0.270979 0.529831
v -0.338963 0.164482 0.571222
v -0.343557 0.217217 0.557266
v -0.343794 0.281362 0.545351
v 0.089324 2.867029 -1.519177
v 0.091706 2.912684 -1.267169
v 0.092685 2.963600 -0.983446
v 0.064288 2.910671 -1.610511
v 0.065071 2.947938 -1.315890
v 0.065394 2.994209 -1.014226
v 0.033643 2.927771 -1.648590
v 0.033741 2.961213 -1.335417
v 0.033781 3.005522 -1.025763
v -0.290244 0.674477 0.555774
v -0.258216 0.678520 0.547928
v -0.227231 0.666585 0.551534
v -0.283657 0.706657 0.616202
v -0.248433 0.711575 0.610204
v -0.214556 0.698004 0.611553
v -0.274840 0.732422 0.690385
v -0.238394 0.736992 0.685286
v -0.203014 0.723426 0.685552
v -0.309404 0.443052 1.024102
v -0.318528 0.482980 0.990819
v -0.321272 0.529222 0.955143
v -0.294819 0.517886 1.072633
v -0.304026 0.552464 1.041463
v -0.306856 0.592212 1.008246
v -0.278902 0.595774 1.109883
v -0.288332 0.624758 1.082676
v -0.291261 0.657863 1.053791
v -0.319023 0.632225 0.894990
v -0.314174 0.682480 0.874314
v -0.303229 0.726035 0.858844
v -0.304982 0.679647 0.953377
v -0.300401 0.721801 0.935196
v -0.289690 0.758058 0.921905
v -0.289407 0.729806 1.006806
v -0.284759 0.764062 0.991687
v -0.273878 0.793275 0.980854
v -0.260669 0.425261 0.511078
v -0.252879 0.502774 0.497941
v -0.246147 0.571102 0.496158
v -0.298798 0.425261 0.502159
v -0.289205 0.504102 0.489265
v -0.278722 0.575045 0.487893
v -0.332496 0.434256 0.515911
v -0.321981 0.511428 0.502591
v -0.309159 0.578993 0.500398
v -0.151781 0.521751 0.741578
v -0.152067 0.586849 0.719498
v -0.158562 0.645458 0.702694
v -0.170681 0.485392 0.665759
v -0.169222 0.555134 0.645047
v -0.173760 0.617190 0.629596
v -0.194321 0.455853 0.596820
v -0.190892 0.528405 0.579152
v -0.192807 0.591116 0.568357
v -0.136215 2.692000 -0.067411
v -0.133725 2.827715 -0.167970
v -0.126968 2.949006 -0.264822
v -0.136215 2.741542 0.197446
v -0.133725 2.887065 0.104381
v -0.126968 3.017376 0.013203
v -0.136215 2.779133 0.453495
v -0.133725 2.933445 0.368539
v -0.126968 3.072319 0.283923
v -0.126658 2.439952 -1.097345
v -0.124485 2.572135 -1.222034
v -0.118684 2.695107 -1.318601
v -0.133383 2.500578 -0.871935
v -0.130986 2.629911 -0.995549
v -0.124485 2.750408 -1.103372
v -0.135861 2.567097 -0.612820
v -0.133383 2.694510 -0.730384
v -0.126658 2.811527 -0.838933
v -0.126658 2.233683 -0.833868
v -0.092825 3.103398 -0.393638
v -0.065440 3.134036 -0.419340
v -0.033787 3.145324 -0.428809
v -0.092825 3.183450 -0.109201
v -0.065440 3.216412 -0.133651
v -0.033787 3.228555 -0.142658
v -0.092825 3.249856 0.169328
v -0.065440 3.285106 0.146414
v -0.033787 3.298092 0.137973
v -0.121674 0.928901 1.254007
v -0.106746 0.800358 1.222577
v -0.113045 0.706764 1.186822
v -0.144838 0.717092 1.195678
v -0.182637 0.725201 1.195417
v -0.156232 0.799556 1.219557
v -0.136997 0.857846 1.238100
v -0.096160 0.863707 1.242851
v -0.049054 0.875141 1.247260
v -0.049555 0.835575 1.233940
v -0.041861 0.809464 1.220452
v -0.081113 0.771159 1.207682
v -0.176130 0.896095 1.086853
v -0.138737 0.893277 1.082396
v -0.107515 0.879191 1.073074
v -0.150201 0.935568 1.140835
v -0.092825 2.242455 -1.801542
v -0.065440 2.270295 -1.791735
v -0.033787 2.280552 -1.788122
v -0.092825 2.149503 -1.670057
v -0.065440 2.173103 -1.658756
v -0.033787 2.181798 -1.654593
v -0.092825 2.065492 -1.539868
v -0.065440 2.085141 -1.527407
v -0.033787 2.092380 -1.522817
v -0.089520 2.515686 -2.350372
v -0.064380 2.556946 -2.356782
v -0.033654 2.572801 -2.359971
v -0.091706 2.491875 -2.228011
v -0.065071 2.531523 -2.225890
v -0.033741 2.546309 -2.225437
v -0.092685 2.426606 -2.086069
v -0.065394 2.462749 -2.079691
v -0.033781 2.476087 -2.077383
v -0.089380 0.666542 -0.467828
v -0.090586 0.795336 -0.308862
v -0.064334 0.646639 -0.438330
v -0.064702 0.789364 -0.270412
v -0.033649 0.638208 -0.428051
v -0.033695 0.787159 -0.256217
v -0.092685 2.780626 1.525548
v -0.091706 2.898830 1.490521
v -0.089520 3.005532 1.422746
v -0.065394 2.777507 1.567505
v -0.065071 2.895133 1.533357
v -0.064380 3.005983 1.461242
v -0.033781 2.776390 1.582955
v -0.033741 2.894028 1.549075
v -0.033654 3.006753 1.475482
v -0.092685 3.281139 0.712337
v -0.065394 3.316189 0.695088
v -0.033781 3.329086 0.688799
v -0.091706 3.241151 0.957981
v -0.065071 3.271665 0.948857
v -0.033741 3.282773 0.946018
v -0.089520 3.177378 1.162224
v -0.064380 3.199331 1.168337
v -0.033654 3.207192 1.171894
v -0.089324 2.867029 -1.519177
v -0.064288 2.910671 -1.610511
v -0.033643 2.927771 -1.648590
v -0.091706 2.912684 -1.267169
v -0.065071 2.947938 -1.315889
v -0.033741 2.961213 -1.335417
v -0.092685 2.963600 -0.983446
v -0.065394 2.994209 -1.014226
v -0.033781 3.005522 -1.025763
v -0.116811 1.395456 -1.169957
v -0.116811 2.043493 -1.202252
v 0.116811 1.395456 -1.169957
v 0.116811 2.043493 -1.202251
v -0.121605 1.233258 -0.816998
v 0.121605 1.233258 -0.816998
v -0.140780 0.937356 -0.301992
v -0.140780 2.581768 -0.296971
v 0.140780 2.581768 -0.296971
v 0.140780 0.937355 -0.301992
v -0.145574 0.882593 0.480063
v -0.145574 2.744544 0.507585
v 0.145574 2.744544 0.507585
v 0.145574 0.882594 0.480063
v -0.145574 0.922757 0.940873
v -0.145574 2.704967 1.031413
v 0.145574 2.704966 1.031413
v 0.145574 0.922757 0.940873
v -0.145574 1.012654 1.580416
v -0.145574 2.512872 1.689561
v 0.145574 2.512872 1.689561
v 0.145574 1.012654 1.580416
v -0.121605 1.256042 2.211149
v -0.121605 2.134371 2.155864
v 0.121605 2.134371 2.155864
v 0.121605 1.256042 2.211149
v -0.140780 2.372604 1.924238
v 0.140780 2.372604 1.924238
v 0.140780 1.149970 1.923084
v -0.140780 1.149970 1.923084
v -0.116811 1.390400 2.576024
v -0.116811 1.796093 2.493041
v 0.116811 1.796093 2.493041
v 0.116811 1.390400 2.576024
v -0.175216 1.580150 -1.351343
v -0.175216 1.783252 -1.357802
v 0.175216 1.783252 -1.357802
v 0.175216 1.580150 -1.351343
v -0.199186 1.511324 -0.817711
v -0.199186 1.844326 -0.825640
v 0.199186 1.844326 -0.825640
v 0.199186 1.511324 -0.817711
v -0.295064 1.420834 -0.144126
v -0.295064 1.961595 -0.143122
v 0.295064 1.961595 -0.143122
v 0.295064 1.420834 -0.144126
v -0.319034 2.055323 0.534388
v 0.319034 2.055323 0.534388
v -0.319034 2.089710 0.950829
v 0.319034 2.089710 0.950829
v -0.319034 1.471403 1.471309
v -0.319034 2.013722 1.504535
v 0.319034 2.013722 1.504535
v 0.319034 1.471403 1.471309
v -0.199186 1.511179 2.134791
v -0.199186 1.824663 2.123902
v 0.199186 1.824663 2.123902
v 0.199186 1.511179 2.134791
v -0.295064 1.452605 1.790871
v -0.295064 1.908979 1.802187
v 0.295064 1.908979 1.802187
v 0.295064 1.452605 1.790871
v -0.133164 1.485588 2.549637
v -0.133164 1.602615 2.549411
v 0.133164 1.602615 2.549411
v 0.133164 1.485588 2.549637
v -0.087608 1.608262 2.643542
v -0.087608 1.682714 2.609802
v 0.087608 1.682714 2.609802
v 0.087608 1.608262 2.643542
v 0.087608 1.498698 2.672531
v 0.087608 1.469445 2.691440
v -0.087608 1.469445 2.691440
v -0.087608 1.498699 2.672531
v 0.145574 0.965158 1.268908
v -0.145574 0.965158 1.268908
v -0.145574 2.607163 1.417415
v 0.145574 2.607163 1.417415
v 0.319034 2.065371 1.240079
v -0.319034 2.065371 1.240079
v -0.101012 1.415324 -1.412690
v -0.111808 1.409401 -1.341176
v -0.116185 1.404799 -1.257700
v -0.174303 1.851440 -1.322560
v -0.167915 1.923215 -1.280027
v -0.150576 1.990069 -1.237494
v -0.116185 2.043227 -1.290483
v -0.111808 2.048777 -1.376203
v -0.101012 2.050334 -1.449617
v 0.116185 1.404799 -1.257700
v 0.111808 1.409401 -1.341176
v 0.101012 1.415324 -1.412691
v 0.101012 2.050334 -1.449617
v 0.111808 2.048777 -1.376203
v 0.116185 2.043227 -1.290483
v 0.174303 1.529077 -1.310248
v 0.167915 1.477960 -1.260650
v 0.150576 1.431764 -1.211052
v -0.063881 1.373175 -1.144449
v 0.000000 1.365747 -1.135947
v 0.063881 1.373174 -1.144450
v 0.063881 2.076398 -1.180377
v -0.000000 2.087367 -1.173086
v -0.063881 2.076398 -1.180377
v -0.193928 1.945259 -0.832664
v -0.182297 2.047480 -0.841141
v -0.159715 2.140537 -0.849619
v 0.193928 1.431141 -0.817550
v 0.182297 1.353962 -0.817355
v 0.159715 1.285948 -0.817160
v -0.116886 1.375301 -1.083776
v -0.117410 1.342263 -0.998087
v -0.118833 1.295272 -0.910093
v -0.118833 2.143690 -0.951627
v -0.117410 2.092243 -1.037147
v -0.116886 2.059042 -1.118817
v 0.116885 1.375301 -1.083776
v 0.117410 1.342263 -0.998087
v 0.118833 1.295272 -0.910093
v 0.118833 2.143689 -0.951627
v 0.117410 2.092243 -1.037147
v 0.116886 2.059042 -1.118817
v -0.272429 2.128706 -0.177979
v -0.239824 2.300058 -0.220047
v -0.196268 2.457222 -0.262115
v 0.272429 1.284693 -0.179893
v 0.239824 1.150718 -0.223059
v 0.196268 1.030932 -0.266226
v 0.125949 1.157086 -0.715450
v 0.131192 1.075355 -0.599861
v 0.136436 0.998600 -0.464090
v -0.136436 0.998600 -0.464090
v -0.131192 1.075355 -0.599861
v -0.125949 1.157086 -0.715450
v -0.136436 2.495875 -0.470233
v 0.136436 2.495875 -0.470233
v -0.292055 2.245460 0.528315
v -0.254206 2.436184 0.520986
v -0.205407 2.608783 0.513657
v 0.292055 1.258274 0.517823
v 0.254206 1.111177 0.504473
v 0.205407 0.982206 0.491124
v -0.075566 0.821703 0.473197
v 0.000000 0.801406 0.470909
v 0.075566 0.821703 0.473197
v -0.143552 2.648855 -0.099380
v -0.144975 2.697064 0.110564
v -0.145499 2.728319 0.317880
v 0.145499 2.728319 0.317880
v 0.144975 2.697064 0.110564
v 0.143552 2.648855 -0.099380
v 0.145499 0.877958 0.297183
v 0.144975 0.881588 0.094197
v 0.143552 0.899413 -0.111370
v -0.145499 0.877958 0.297183
v -0.144975 0.881589 0.094197
v -0.143552 0.899413 -0.111370
v -0.292055 2.265240 0.969209
v -0.254206 2.435884 0.991252
v -0.205407 2.587254 1.013229
v 0.205407 1.019500 0.938730
v -0.075566 0.863706 0.942206
v 0.000000 0.844022 0.942650
v 0.075566 0.863706 0.942206
v 0.145574 2.747777 0.668457
v 0.145574 2.740517 0.804326
v 0.145574 2.725376 0.922781
v 0.145574 0.911088 0.851301
v 0.145574 0.900146 0.750512
v 0.145574 0.890468 0.629701
v -0.145574 0.911088 0.851301
v -0.145574 0.900146 0.750512
v -0.145574 0.890468 0.629701
v -0.145574 2.725376 0.922781
v -0.145574 2.740517 0.804326
v -0.145574 2.747777 0.668457
v -0.292055 2.157230 1.547886
v -0.254206 2.295744 1.598574
v -0.205407 2.418035 1.648500
v 0.205407 1.098338 1.554838
v -0.075566 0.960310 1.596332
v 0.000000 0.942863 1.601637
v 0.075566 0.960310 1.596332
v 0.075566 2.570896 1.715008
v 0.000000 2.590238 1.723490
v -0.075566 2.570897 1.715008
v 0.145574 0.972291 1.345078
v 0.145574 0.980418 1.420929
v 0.145574 0.992790 1.498646
v -0.145574 0.946024 1.109809
v -0.145574 0.934601 1.026559
v -0.145574 2.631616 1.331200
v -0.145574 2.656826 1.236806
v -0.145574 2.681655 1.136217
v 0.145574 2.631616 1.331199
v 0.145574 2.656826 1.236806
v 0.145574 2.681655 1.136217
v -0.193928 1.912135 2.131164
v -0.182297 1.997975 2.139905
v -0.159715 2.074585 2.148635
v 0.193928 1.436070 2.152070
v 0.182297 1.365153 2.172947
v 0.159715 1.303464 2.193837
v -0.065828 1.227085 2.221895
v 0.000000 1.217433 2.225477
v 0.065828 1.227085 2.221895
v 0.065828 2.171002 2.160350
v -0.000000 2.183213 2.161845
v -0.065828 2.171002 2.160350
v -0.136436 2.326094 1.975514
v -0.131192 2.272479 2.027608
v -0.125949 2.209369 2.085923
v 0.143552 2.414048 1.869474
v 0.144975 2.451056 1.811313
v 0.145499 2.483905 1.750945
v 0.143552 1.115081 1.842936
v 0.144975 1.077603 1.756275
v 0.145499 1.041979 1.667351
v -0.143552 1.115081 1.842936
v -0.144975 1.077603 1.756275
v -0.145499 1.041979 1.667351
v -0.145499 2.483905 1.750945
v -0.144975 2.451056 1.811313
v -0.143552 2.414048 1.869474
v 0.125949 2.209368 2.085923
v 0.131192 2.272479 2.027608
v 0.136436 2.326094 1.975514
v 0.125949 1.228954 2.131563
v 0.131192 1.204364 2.061540
v 0.136436 1.179095 1.994306
v -0.125949 1.228954 2.131563
v -0.131192 1.204364 2.061540
v -0.136436 1.179095 1.994306
v -0.272429 2.040618 1.831232
v -0.239824 2.169164 1.864697
v -0.196268 2.283523 1.897421
v 0.073618 1.118051 1.942233
v 0.000000 1.107412 1.948616
v -0.073618 1.118052 1.942233
v 0.272429 1.357440 1.819433
v 0.239824 1.272915 1.855493
v 0.196268 1.202576 1.892294
v -0.073618 2.427161 1.940845
v -0.000000 2.445347 1.946380
v 0.073618 2.427161 1.940844
v -0.159207 1.662736 2.527840
v -0.163584 1.715340 2.512564
v -0.150035 1.760980 2.501081
v 0.159207 1.458992 2.548267
v 0.163584 1.433004 2.555749
v 0.150035 1.409231 2.566225
v -0.063881 1.378824 2.582250
v 0.000000 1.374965 2.584325
v 0.063881 1.378824 2.582250
v 0.063881 1.817538 2.488241
v 0.000000 1.824687 2.486640
v -0.063881 1.817538 2.488240
v 0.118833 1.287829 2.304190
v 0.117410 1.322607 2.403039
v 0.116885 1.357692 2.497161
v -0.116886 1.357692 2.497161
v -0.117410 1.322607 2.403039
v -0.118833 1.287829 2.304190
v -0.116886 1.868316 2.419060
v -0.117410 1.955201 2.331373
v -0.118833 2.047102 2.240226
v 0.116885 1.868316 2.419060
v 0.117410 1.955201 2.331374
v 0.118833 2.047102 2.240226
v -0.150576 1.431764 -1.211052
v -0.167915 1.477960 -1.260650
v -0.174303 1.529077 -1.310248
v -0.175216 1.627751 -1.376951
v -0.175216 1.674618 -1.386160
v -0.175216 1.725026 -1.379575
v 0.150576 1.990069 -1.237494
v 0.167915 1.923215 -1.280027
v 0.174303 1.851440 -1.322560
v 0.175216 1.725026 -1.379575
v 0.175216 1.674618 -1.386160
v 0.175216 1.627752 -1.376951
v -0.159715 1.285948 -0.817160
v -0.182297 1.353962 -0.817355
v -0.193928 1.431141 -0.817550
v -0.201882 1.589998 -0.817935
v -0.202781 1.669239 -0.818836
v -0.201882 1.752774 -0.821156
v 0.159715 2.140537 -0.849619
v 0.182297 2.047480 -0.841141
v 0.193928 1.945259 -0.832664
v 0.201882 1.752774 -0.821156
v 0.202781 1.669239 -0.818836
v 0.201882 1.589998 -0.817935
v -0.196268 1.030932 -0.266226
v -0.239824 1.150718 -0.223059
v -0.272429 1.284693 -0.179893
v -0.308547 1.550479 -0.121910
v -0.313042 1.678399 -0.114401
v -0.308547 1.812727 -0.121503
v 0.196268 2.457222 -0.262115
v 0.239824 2.300058 -0.220047
v 0.272429 2.128706 -0.177978
v 0.308547 1.812727 -0.121503
v 0.313042 1.678399 -0.114401
v 0.308547 1.550479 -0.121911
v -0.205407 0.982206 0.491124
v -0.254206 1.111177 0.504473
v -0.292055 1.258274 0.517823
v -0.340607 1.718834 0.538726
v -0.335214 1.880383 0.538072
v 0.205407 2.608783 0.513657
v 0.254206 2.436184 0.520986
v 0.292055 2.245460 0.528315
v 0.335214 1.880383 0.538072
v 0.340607 1.718834 0.538726
v -0.205407 1.019500 0.938730
v -0.335214 1.601305 0.931002
v -0.340607 1.758908 0.932875
v -0.335214 1.920850 0.938953
v 0.205407 2.587254 1.013230
v 0.254206 2.435884 0.991252
v 0.292055 2.265240 0.969209
v 0.335214 1.920850 0.938953
v 0.340607 1.758908 0.932875
v 0.335214 1.601305 0.931002
v -0.205407 1.098338 1.554838
v -0.335214 1.605228 1.459347
v -0.340607 1.738775 1.460347
v -0.335214 1.874216 1.475134
v 0.205407 2.418035 1.648500
v 0.254206 2.295744 1.598574
v 0.292055 2.157230 1.547886
v 0.335214 1.874216 1.475134
v 0.340607 1.738775 1.460347
v 0.335214 1.605228 1.459347
v -0.159715 1.303464 2.193836
v -0.182297 1.365153 2.172948
v -0.193929 1.436070 2.152070
v -0.201882 1.586564 2.123925
v -0.202781 1.662805 2.119191
v -0.201882 1.741604 2.119535
v 0.159715 2.074585 2.148635
v 0.182297 1.997975 2.139905
v 0.193929 1.912135 2.131164
v 0.201882 1.741604 2.119535
v 0.202781 1.662805 2.119191
v 0.201882 1.586564 2.123925
v -0.196268 1.202576 1.892294
v -0.239824 1.272915 1.855493
v -0.272429 1.357440 1.819433
v -0.308547 1.555492 1.775239
v -0.313042 1.665699 1.772692
v -0.308547 1.783453 1.782063
v 0.196268 2.283523 1.897421
v 0.239824 2.169164 1.864697
v 0.272429 2.040618 1.831231
v 0.308547 1.783453 1.782063
v 0.313042 1.665699 1.772692
v 0.308547 1.555492 1.775239
v -0.150035 1.409231 2.566225
v -0.163584 1.433004 2.555749
v -0.159207 1.458992 2.548267
v -0.123075 1.513798 2.526459
v -0.120315 1.541849 2.522081
v -0.123075 1.570704 2.529579
v 0.150035 1.760980 2.501081
v 0.163583 1.715340 2.512564
v 0.159207 1.662736 2.527840
v 0.123075 1.570704 2.529579
v 0.120315 1.541849 2.522081
v 0.123075 1.513798 2.526459
v 0.184787 1.511682 2.240218
v 0.173880 1.504423 2.349318
v 0.160494 1.494027 2.453805
v 0.184787 1.777400 2.228740
v 0.173880 1.719829 2.339712
v 0.160494 1.659595 2.448058
v -0.184787 1.777400 2.228740
v -0.173880 1.719829 2.339712
v -0.160494 1.659596 2.448058
v -0.184787 1.511682 2.240218
v -0.173880 1.504423 2.349318
v -0.160494 1.494027 2.453805
v 0.069631 1.490719 2.586292
v -0.000000 1.491353 2.596157
v -0.069631 1.490719 2.586292
v 0.069631 1.562266 2.594193
v 0.000000 1.552236 2.606133
v -0.069631 1.562266 2.594193
v 0.318660 1.463664 1.547640
v 0.316038 1.455238 1.627639
v 0.308922 1.450195 1.709364
v 0.318660 1.988650 1.576827
v 0.316038 1.960286 1.651673
v 0.308922 1.932454 1.727363
v -0.318660 1.988651 1.576827
v -0.316038 1.960286 1.651673
v -0.308922 1.932454 1.727363
v -0.318660 1.463664 1.547640
v -0.316038 1.455238 1.627639
v -0.308922 1.450195 1.709364
v -0.273342 1.891961 1.875456
v -0.247125 1.876591 1.950558
v -0.220908 1.856337 2.031903
v -0.273342 1.464865 1.871138
v -0.247125 1.482687 1.952826
v -0.220908 1.500111 2.039517
v 0.273342 1.464865 1.871138
v 0.247125 1.482687 1.952826
v 0.220908 1.500111 2.039517
v 0.273342 1.891961 1.875456
v 0.247125 1.876591 1.950558
v 0.220908 1.856337 2.031903
v 0.319034 1.472963 1.268134
v 0.319034 1.475405 1.332795
v 0.319034 1.475244 1.400010
v 0.319034 2.056576 1.305306
v 0.319034 2.046286 1.370074
v 0.319034 2.032626 1.435960
v -0.319034 2.056576 1.305305
v -0.319034 2.046286 1.370075
v -0.319034 2.032626 1.435960
v -0.319034 1.472963 1.268134
v -0.319034 1.475405 1.332795
v -0.319034 1.475244 1.400010
v -0.319034 2.070184 0.662832
v -0.319034 2.081001 0.771971
v -0.319034 2.087576 0.866429
v -0.308922 1.989382 0.038370
v -0.316038 2.014535 0.216315
v -0.318660 2.036650 0.383919
v -0.308922 1.410332 0.035972
v -0.316038 1.406344 0.213042
v -0.318660 1.407459 0.379780
v 0.308922 1.410332 0.035972
v 0.316038 1.406344 0.213042
v 0.318660 1.407459 0.379780
v 0.308922 1.989382 0.038370
v 0.316038 2.014535 0.216315
v 0.318660 2.036650 0.383919
v 0.319034 2.070184 0.662832
v 0.319034 2.081001 0.771971
v 0.319034 2.087576 0.866429
v 0.220908 1.486609 -0.658661
v 0.247125 1.461422 -0.492821
v 0.273342 1.438564 -0.321029
v 0.220908 1.871589 -0.664972
v 0.247125 1.901250 -0.496693
v 0.273342 1.931766 -0.322258
v -0.220908 1.871589 -0.664972
v -0.247125 1.901250 -0.496693
v -0.273342 1.931766 -0.322258
v -0.220908 1.486609 -0.658661
v -0.247125 1.461422 -0.492821
v -0.273342 1.438564 -0.321029
v 0.175590 1.567582 -1.238185
v 0.178212 1.551973 -1.109849
v 0.185328 1.533247 -0.968853
v 0.175590 1.789459 -1.245193
v 0.178212 1.802307 -1.117661
v 0.185328 1.820897 -0.977160
v -0.175590 1.789459 -1.245193
v -0.178212 1.802307 -1.117661
v -0.185328 1.820897 -0.977160
v -0.175590 1.567582 -1.238184
v -0.178212 1.551973 -1.109849
v -0.185328 1.533247 -0.968853
v 0.150576 1.601918 -1.586318
v 0.167915 1.596927 -1.525537
v 0.174303 1.589810 -1.447242
v 0.150576 1.797427 -1.594443
v 0.167915 1.789604 -1.532776
v 0.174303 1.783991 -1.453828
v -0.174303 1.589811 -1.447242
v -0.167915 1.596927 -1.525537
v -0.150576 1.601918 -1.586318
v -0.174303 1.783991 -1.453828
v -0.167915 1.789604 -1.532776
v -0.150576 1.797427 -1.594443
v -0.100387 1.623055 2.638904
v -0.106806 1.644617 2.630029
v -0.100387 1.666762 2.618910
v 0.051978 1.686385 2.609640
v -0.000000 1.688136 2.609563
v -0.051978 1.686385 2.609640
v 0.100387 1.666762 2.618910
v 0.106806 1.644617 2.630029
v 0.100387 1.623055 2.638904
v 0.051978 1.603431 2.648174
v 0.000000 1.601097 2.650496
v -0.051978 1.603431 2.648174
v -0.116185 1.745571 2.545642
v -0.111808 1.713351 2.579480
v -0.101012 1.693659 2.599612
v 0.101012 1.693659 2.599612
v 0.111808 1.713351 2.579480
v 0.116185 1.745571 2.545642
v 0.101231 1.601978 2.639112
v 0.113560 1.596990 2.625955
v 0.122231 1.596566 2.599980
v -0.122231 1.596566 2.599980
v -0.113560 1.596990 2.625955
v -0.101231 1.601978 2.639112
v 0.100387 1.495312 2.679437
v 0.106806 1.488017 2.686425
v 0.100387 1.478084 2.690444
v -0.051978 1.470262 2.695239
v -0.000000 1.470697 2.697105
v 0.051978 1.470262 2.695239
v -0.100387 1.478084 2.690444
v -0.106806 1.488017 2.686425
v -0.100387 1.495312 2.679437
v 0.051978 1.503135 2.674642
v -0.000000 1.505337 2.675745
v -0.051978 1.503135 2.674642
v 0.122231 1.481410 2.605519
v 0.113560 1.487400 2.639004
v 0.101231 1.494382 2.660793
v 0.101012 1.458686 2.684412
v 0.111808 1.441298 2.666157
v 0.116185 1.418465 2.631634
v -0.122231 1.481410 2.605519
v -0.113560 1.487400 2.639004
v -0.101231 1.494382 2.660793
v -0.101012 1.458686 2.684412
v -0.111808 1.441298 2.666157
v -0.116185 1.418465 2.631634
v 0.145574 0.934601 1.026559
v 0.145574 0.946024 1.109809
v -0.145574 0.992789 1.498646
v -0.145574 0.980418 1.420929
v -0.145574 0.972291 1.345078
v -0.145574 2.538415 1.627722
v -0.145574 2.561728 1.563474
v -0.145574 2.584186 1.494233
v 0.145574 2.538415 1.627722
v 0.145574 2.561728 1.563474
v 0.145574 2.584186 1.494232
v 0.319034 2.087447 1.029166
v 0.319034 2.081800 1.102920
v 0.319034 2.074023 1.172940
v -0.319034 2.087447 1.029166
v -0.319034 2.081800 1.102920
v -0.319034 2.074023 1.172940
v -0.335214 1.616457 1.197474
v -0.340607 1.763624 1.199626
v -0.335214 1.912570 1.213109
v -0.292055 2.221767 1.280994
v -0.254206 2.372157 1.329534
v -0.205407 2.504601 1.377680
v 0.335214 1.912570 1.213109
v 0.340607 1.763624 1.199626
v 0.335214 1.616457 1.197474
v 0.205407 1.059120 1.253873
v 0.205407 2.504601 1.377680
v 0.254206 2.372157 1.329534
v 0.292055 2.221767 1.280994
v -0.205407 1.059120 1.253873
v 0.075566 0.907764 1.278260
v 0.000000 0.888633 1.281378
v -0.075566 0.907764 1.278260
v -0.173395 1.851213 -1.416874
v -0.167036 1.922739 -1.372211
v -0.149780 1.989634 -1.327468
v -0.167036 1.857584 -1.497738
v -0.160885 1.929669 -1.454938
v -0.144205 1.995989 -1.411495
v -0.149780 1.866939 -1.563101
v -0.144205 1.939125 -1.523665
v -0.129319 2.002304 -1.482051
v 0.149780 1.866939 -1.563101
v 0.144205 1.939125 -1.523664
v 0.129319 2.002304 -1.482051
v 0.167036 1.857584 -1.497738
v 0.160885 1.929669 -1.454938
v 0.144205 1.995989 -1.411495
v 0.173395 1.851213 -1.416874
v 0.167036 1.922739 -1.372211
v 0.149780 1.989634 -1.327468
v -0.174610 1.513330 -1.203202
v -0.168140 1.460040 -1.160980
v -0.150719 1.412451 -1.118759
v -0.176756 1.491863 -1.084528
v -0.169713 1.433680 -1.053968
v -0.151718 1.382217 -1.023408
v -0.182583 1.464519 -0.955540
v -0.173983 1.398460 -0.939473
v -0.154431 1.340301 -0.923406
v -0.055740 1.394175 -1.395870
v -0.000000 1.386789 -1.392245
v 0.055740 1.394175 -1.395870
v -0.061126 1.386526 -1.317237
v 0.000000 1.378806 -1.309931
v 0.061126 1.386526 -1.317237
v -0.063536 1.382151 -1.231294
v 0.000000 1.374590 -1.222576
v 0.063536 1.382151 -1.231294
v 0.055740 2.080886 -1.436759
v 0.000000 2.091836 -1.434636
v -0.055740 2.080886 -1.436760
v 0.061126 2.081826 -1.356189
v 0.000000 2.093071 -1.350250
v -0.061126 2.081826 -1.356189
v 0.063536 2.076325 -1.267763
v 0.000000 2.087386 -1.260281
v -0.063536 2.076325 -1.267763
v -0.063911 1.352537 -1.062063
v 0.000000 1.344949 -1.054825
v 0.063911 1.352537 -1.062063
v 0.063911 2.092677 -1.101045
v 0.000000 2.103888 -1.095121
v -0.063911 2.092677 -1.101045
v 0.064124 2.127976 -1.025824
v -0.064124 2.127976 -1.025824
v 0.174610 1.861225 -1.216561
v 0.168140 1.935652 -1.182005
v 0.150719 2.004378 -1.147449
v 0.176756 1.880594 -1.099420
v 0.169713 1.960713 -1.077404
v 0.151718 2.034113 -1.055388
v 0.182583 1.908841 -0.971375
v 0.173983 1.998092 -0.964393
v 0.154431 2.079443 -0.957412
v -0.211714 1.392363 -0.671527
v -0.195331 1.300953 -0.687055
v -0.167996 1.219990 -0.702584
v -0.233179 1.351975 -0.517072
v -0.211061 1.244944 -0.546341
v -0.177992 1.149636 -0.575610
v -0.254644 1.314558 -0.353441
v -0.226791 1.192634 -0.392560
v -0.187987 1.083683 -0.431678
v 0.211714 1.988675 -0.683558
v 0.195331 2.107650 -0.705988
v 0.167996 2.216177 -0.728419
v 0.233179 2.036055 -0.524453
v 0.211061 2.173690 -0.557958
v 0.177992 2.299602 -0.591462
v 0.254644 2.083899 -0.355783
v 0.226791 2.239769 -0.396245
v 0.187987 2.382665 -0.436707
v 0.292055 2.258770 0.664108
v 0.254206 2.446387 0.665647
v 0.205407 2.615301 0.667184
v 0.292055 2.266204 0.779317
v 0.254206 2.448926 0.788165
v 0.205407 2.612564 0.797005
v 0.292055 2.268211 0.879248
v 0.254206 2.445019 0.894660
v 0.205407 2.602555 0.910045
v 0.283775 2.167567 0.007161
v 0.248139 2.349810 -0.030505
v 0.201552 2.516707 -0.068171
v 0.289601 2.199944 0.192356
v 0.252408 2.388625 0.163440
v 0.204265 2.560893 0.134523
v 0.291748 2.225891 0.368957
v 0.253981 2.417188 0.350899
v 0.205264 2.591133 0.332842
v -0.074744 0.839074 -0.132090
v 0.000000 0.818961 -0.138997
v 0.074744 0.839074 -0.132090
v -0.075323 0.820104 0.077484
v 0.000000 0.799610 0.071913
v 0.075323 0.820104 0.077484
v -0.075536 0.816510 0.285568
v 0.000000 0.796028 0.281696
v 0.075536 0.816510 0.285567
v -0.283775 1.265803 0.002590
v -0.248139 1.124181 -0.037699
v -0.201552 0.997904 -0.077988
v -0.289601 1.256681 0.186116
v -0.252408 1.111141 0.153619
v -0.204265 0.982014 0.121122
v -0.291748 1.254959 0.361066
v -0.253982 1.108005 0.338481
v -0.205264 0.978402 0.315896
v -0.075566 0.915004 1.356267
v 0.000000 0.895908 1.359997
v 0.075566 0.915004 1.356268
v -0.075566 0.923598 1.433764
v 0.000000 0.904659 1.438041
v 0.075566 0.923598 1.433764
v -0.075566 0.937413 1.513026
v 0.000000 0.918954 1.517819
v 0.075566 0.937413 1.513026
v -0.075566 0.830112 0.626135
v 0.000000 0.809992 0.624946
v 0.075566 0.830112 0.626135
v -0.075566 0.840236 0.749031
v 0.000000 0.820266 0.748538
v 0.075566 0.840236 0.749031
v -0.075566 0.851595 0.851263
v 0.000000 0.831764 0.851250
v 0.075566 0.851595 0.851263
v -0.254206 1.117539 0.642381
v -0.205407 0.989268 0.635446
v -0.254206 1.125880 0.755783
v -0.205407 0.998257 0.752899
v -0.205407 1.008544 0.851365
v 0.071854 2.377215 1.989179
v 0.000000 2.394255 1.993734
v -0.071854 2.377214 1.989179
v 0.069723 2.319096 2.038216
v 0.000000 2.334635 2.041752
v -0.069723 2.319096 2.038217
v 0.067593 2.250971 2.093443
v -0.000000 2.264838 2.095950
v -0.067593 2.250971 2.093443
v -0.205407 1.066045 1.327093
v -0.205407 1.073382 1.400300
v -0.205407 1.083393 1.475536
v 0.075566 2.621425 1.590230
v 0.000000 2.641324 1.599149
v -0.075566 2.621425 1.590230
v 0.075566 2.597074 1.654180
v 0.000000 2.616626 1.662999
v -0.075566 2.597073 1.654180
v 0.292055 2.208912 1.349031
v 0.254206 2.355368 1.400752
v 0.205407 2.484329 1.451982
v 0.292055 2.195035 1.414993
v 0.254206 2.338108 1.467949
v 0.205407 2.464130 1.520317
v 0.292055 2.178389 1.480678
v 0.254206 2.318769 1.533198
v 0.205407 2.442525 1.585039
v -0.064702 1.262065 2.313268
v 0.000000 1.253476 2.316294
v 0.064702 1.262065 2.313268
v -0.064124 1.301476 2.410953
v 0.000000 1.294432 2.413591
v 0.064124 1.301476 2.410953
v -0.063911 1.341626 2.504198
v 0.000000 1.336270 2.506544
v 0.063911 1.341626 2.504198
v 0.254644 2.015141 1.899139
v 0.226791 2.135504 1.926567
v 0.187987 2.242629 1.953453
v 0.233179 1.988920 1.968582
v 0.211061 2.098680 1.989688
v 0.177991 2.196367 2.010492
v 0.211714 1.956427 2.044333
v 0.195331 2.054300 2.059116
v 0.167996 2.141449 2.073798
v -0.071854 1.148838 2.012032
v 0.000000 1.138752 2.017941
v 0.071854 1.148838 2.012032
v -0.069723 1.174279 2.077055
v 0.000000 1.164251 2.082227
v 0.069723 1.174279 2.077055
v -0.067593 1.198865 2.144583
v 0.000000 1.188836 2.148923
v 0.067593 1.198865 2.144583
v -0.254644 1.375298 1.898029
v -0.226791 1.295503 1.931640
v -0.187987 1.228946 1.965792
v -0.233179 1.396993 1.976890
v -0.211061 1.319381 2.006578
v -0.177991 1.253840 2.036569
v -0.211714 1.418570 2.060181
v -0.195331 1.343085 2.085337
v -0.167996 1.278324 2.110595
v -0.291748 1.338419 1.573197
v -0.205264 1.119693 1.639290
v -0.289601 1.340757 1.655148
v -0.204265 1.145807 1.726150
v -0.283775 1.346339 1.738033
v -0.248139 1.252844 1.774450
v -0.201552 1.174246 1.811718
v -0.075536 0.994563 1.684812
v 0.000000 0.978757 1.690632
v 0.075536 0.994563 1.684812
v -0.075323 1.036067 1.775019
v 0.000000 1.022222 1.781267
v 0.075323 1.036067 1.775019
v -0.074744 1.079129 1.862357
v 0.000000 1.067144 1.868831
v 0.074744 1.079129 1.862357
v 0.291748 2.130564 1.617841
v 0.253981 2.267966 1.665556
v 0.205264 2.389523 1.712436
v 0.289601 2.100399 1.689477
v 0.252408 2.236522 1.733237
v 0.204265 2.357220 1.776126
v 0.283775 2.069497 1.761154
v 0.248139 2.203045 1.800118
v 0.201552 2.321697 1.838233
v 0.075536 2.541667 1.774804
v 0.000000 2.560921 1.782757
v -0.075536 2.541667 1.774804
v 0.075323 2.508502 1.833108
v 0.000000 2.527650 1.840373
v -0.075323 2.508502 1.833108
v 0.074744 2.470600 1.888820
v -0.000000 2.489450 1.895270
v -0.074744 2.470600 1.888820
v 0.063536 1.764026 2.539937
v 0.000000 1.770166 2.538048
v -0.063536 1.764026 2.539937
v 0.061126 1.728728 2.573707
v -0.000000 1.733759 2.571894
v -0.061126 1.728728 2.573707
v 0.055740 1.705207 2.594962
v -0.000000 1.708808 2.593732
v -0.055740 1.705207 2.594962
v -0.182284 1.446659 2.254577
v -0.173885 1.384508 2.272017
v -0.154419 1.329972 2.289578
v -0.174365 1.451994 2.361141
v -0.168934 1.401624 2.375451
v -0.151621 1.357138 2.390356
v -0.166923 1.454971 2.462748
v -0.165749 1.417415 2.473534
v -0.150420 1.383902 2.485997
v 0.064702 2.079254 2.241826
v 0.000000 2.089971 2.242359
v -0.064702 2.079254 2.241826
v 0.064124 1.983387 2.330368
v 0.000000 1.992783 2.330033
v -0.064124 1.983387 2.330368
v 0.063911 1.892962 2.415874
v 0.000000 1.901177 2.414811
v -0.063911 1.892962 2.415874
v 0.182284 1.852858 2.231493
v 0.173885 1.927615 2.234572
v 0.154419 1.994655 2.237653
v 0.174365 1.784774 2.338304
v 0.168934 1.850337 2.335475
v 0.151621 1.909210 2.333059
v 0.166923 1.717044 2.441636
v 0.165749 1.775890 2.432099
v 0.150420 1.828009 2.424407
v 0.154419 1.329972 2.289578
v 0.173885 1.384508 2.272017
v 0.182284 1.446659 2.254577
v 0.151621 1.357138 2.390357
v 0.168934 1.401624 2.375450
v 0.174365 1.451994 2.361141
v 0.150420 1.383902 2.485997
v 0.165749 1.417415 2.473534
v 0.166923 1.454971 2.462747
v 0.185736 1.575954 2.231200
v 0.186042 1.640316 2.227118
v 0.185736 1.706758 2.226813
v 0.172715 1.556057 2.341415
v 0.172237 1.607690 2.337974
v 0.172715 1.661282 2.338557
v 0.155327 1.533049 2.444537
v 0.153526 1.572169 2.440904
v 0.155327 1.612826 2.444431
v -0.154419 1.994655 2.237653
v -0.173885 1.927615 2.234571
v -0.182284 1.852858 2.231493
v -0.151621 1.909210 2.333059
v -0.168934 1.850337 2.335475
v -0.174365 1.784774 2.338304
v -0.150420 1.828009 2.424407
v -0.165749 1.775890 2.432099
v -0.166923 1.717044 2.441635
v -0.185736 1.706758 2.226812
v -0.186042 1.640316 2.227118
v -0.185736 1.575954 2.231200
v -0.172715 1.661282 2.338557
v -0.172237 1.607690 2.337974
v -0.172715 1.556057 2.341416
v -0.155327 1.612826 2.444431
v -0.153526 1.572169 2.440905
v -0.155327 1.533049 2.444537
v 0.149048 1.432137 2.623271
v 0.161181 1.449103 2.614123
v 0.153048 1.466787 2.606983
v 0.143381 1.451778 2.659478
v 0.154293 1.464559 2.651643
v 0.144586 1.477143 2.644060
v 0.128530 1.467361 2.679896
v 0.137889 1.477874 2.673964
v 0.128680 1.487139 2.666686
v 0.067728 1.504024 2.572144
v 0.066290 1.523478 2.569962
v 0.067728 1.544375 2.577856
v -0.000000 1.501297 2.585915
v 0.000000 1.517583 2.585120
v -0.000000 1.535867 2.592574
v -0.067728 1.504024 2.572144
v -0.066290 1.523478 2.569961
v -0.067728 1.544375 2.577856
v 0.205264 1.119693 1.639290
v 0.291748 1.338418 1.573197
v 0.204265 1.145807 1.726150
v 0.289601 1.340757 1.655148
v 0.201552 1.174246 1.811717
v 0.248139 1.252844 1.774450
v 0.283775 1.346339 1.738033
v 0.334797 1.590580 1.534392
v 0.340176 1.719260 1.534687
v 0.334797 1.851388 1.548754
v 0.331880 1.574081 1.613196
v 0.337161 1.697155 1.612630
v 0.331880 1.825534 1.625577
v 0.323964 1.560720 1.694049
v 0.328978 1.677592 1.692518
v 0.323964 1.801330 1.703910
v -0.205264 2.389523 1.712436
v -0.253982 2.267966 1.665556
v -0.291748 2.130564 1.617841
v -0.204265 2.357220 1.776126
v -0.252408 2.236523 1.733237
v -0.289601 2.100399 1.689477
v -0.201552 2.321697 1.838233
v -0.248139 2.203045 1.800118
v -0.283775 2.069497 1.761153
v -0.334797 1.851388 1.548754
v -0.340176 1.719260 1.534687
v -0.334797 1.590580 1.534392
v -0.331880 1.825533 1.625577
v -0.337161 1.697155 1.612630
v -0.331880 1.574081 1.613196
v -0.323964 1.801330 1.703910
v -0.328978 1.677592 1.692518
v -0.323964 1.560720 1.694049
v -0.187987 2.242629 1.953453
v -0.226791 2.135504 1.926567
v -0.254644 2.015141 1.899139
v -0.177991 2.196367 2.010492
v -0.211061 2.098680 1.989688
v -0.233179 1.988920 1.968582
v -0.167996 2.141449 2.073798
v -0.195331 2.054300 2.059116
v -0.211714 1.956427 2.044333
v -0.284381 1.774593 1.859289
v -0.288061 1.664504 1.852369
v -0.284381 1.561369 1.855913
v -0.255215 1.769493 1.938624
v -0.257911 1.668617 1.934277
v -0.255215 1.573252 1.938637
v -0.226049 1.760911 2.024045
v -0.227762 1.670548 2.022017
v -0.226049 1.584023 2.026834
v 0.187987 1.228946 1.965792
v 0.226791 1.295503 1.931640
v 0.254644 1.375298 1.898029
v 0.177992 1.253840 2.036569
v 0.211061 1.319381 2.006578
v 0.233179 1.396993 1.976889
v 0.167996 1.278324 2.110594
v 0.195331 1.343085 2.085337
v 0.211714 1.418570 2.060181
v 0.284381 1.561369 1.855913
v 0.288061 1.664504 1.852370
v 0.284381 1.774593 1.859289
v 0.255215 1.573252 1.938637
v 0.257911 1.668617 1.934277
v 0.255215 1.769493 1.938624
v 0.226049 1.584023 2.026834
v 0.227762 1.670548 2.022017
v 0.226049 1.760911 2.024046
v 0.205407 1.066044 1.327093
v 0.205407 1.073382 1.400300
v 0.205407 1.083393 1.475536
v 0.335214 1.618089 1.259738
v 0.340607 1.762244 1.261794
v 0.335214 1.907662 1.276314
v 0.335214 1.617872 1.323186
v 0.340607 1.758928 1.325041
v 0.335214 1.900943 1.340093
v 0.335214 1.614139 1.389246
v 0.340607 1.751747 1.390760
v 0.335214 1.890449 1.405886
v -0.205407 2.484329 1.451982
v -0.254206 2.355368 1.400752
v -0.292055 2.208913 1.349031
v -0.205407 2.464130 1.520317
v -0.254206 2.338108 1.467949
v -0.292055 2.195035 1.414993
v -0.205407 2.442525 1.585039
v -0.254206 2.318769 1.533198
v -0.292055 2.178389 1.480678
v -0.335214 1.907662 1.276314
v -0.340607 1.762244 1.261794
v -0.335214 1.618089 1.259738
v -0.335214 1.900943 1.340093
v -0.340607 1.758928 1.325041
v -0.335214 1.617872 1.323186
v -0.335214 1.890449 1.405887
v -0.340607 1.751747 1.390760
v -0.335214 1.614140 1.389246
v -0.205407 2.615301 0.667184
v -0.254206 2.446387 0.665647
v -0.292055 2.258770 0.664108
v -0.205407 2.612564 0.797005
v -0.254206 2.448926 0.788165
v -0.292055 2.266204 0.779317
v -0.205407 2.602555 0.910045
v -0.254206 2.445019 0.894660
v -0.292055 2.268211 0.879248
v -0.335214 1.894593 0.661916
v -0.340607 1.730868 0.660799
v -0.335214 1.906490 0.767220
v -0.340607 1.742127 0.764486
v -0.335214 1.915451 0.858171
v -0.340607 1.751757 0.853831
v -0.201552 2.516707 -0.068171
v -0.248139 2.349810 -0.030505
v -0.283775 2.167567 0.007161
v -0.204265 2.560893 0.134523
v -0.252408 2.388625 0.163440
v -0.289601 2.199944 0.192356
v -0.205264 2.591133 0.332842
v -0.253981 2.417188 0.350899
v -0.291748 2.225891 0.368957
v -0.323964 1.830050 0.057704
v -0.328978 1.685930 0.063899
v -0.323964 1.548774 0.056730
v -0.331880 1.847504 0.231135
v -0.337161 1.695649 0.235734
v -0.331880 1.551189 0.229806
v -0.334797 1.864484 0.393141
v -0.340176 1.706851 0.395784
v 0.201552 0.997904 -0.077988
v 0.248139 1.124181 -0.037699
v 0.283775 1.265803 0.002590
v 0.204265 0.982014 0.121122
v 0.252408 1.111141 0.153619
v 0.289601 1.256681 0.186116
v 0.205264 0.978402 0.315896
v 0.253981 1.108005 0.338481
v 0.291748 1.254959 0.361066
v 0.323964 1.548774 0.056730
v 0.328978 1.685930 0.063899
v 0.323964 1.830050 0.057704
v 0.331880 1.551189 0.229806
v 0.337161 1.695649 0.235734
v 0.331880 1.847504 0.231135
v 0.340176 1.706851 0.395784
v 0.334797 1.864484 0.393141
v 0.205407 0.989268 0.635446
v 0.254206 1.117539 0.642381
v 0.205407 0.998257 0.752899
v 0.254206 1.125880 0.755783
v 0.205407 1.008544 0.851365
v 0.340607 1.730868 0.660799
v 0.335214 1.894593 0.661916
v 0.340607 1.742127 0.764487
v 0.335214 1.906490 0.767220
v 0.340607 1.751757 0.853831
v 0.335214 1.915451 0.858171
v 0.167996 1.219990 -0.702583
v 0.195331 1.300953 -0.687055
v 0.211714 1.392363 -0.671527
v 0.177992 1.149636 -0.575610
v 0.211061 1.244944 -0.546341
v 0.233179 1.351975 -0.517072
v 0.187987 1.083683 -0.431678
v 0.226791 1.192634 -0.392560
v 0.254644 1.314558 -0.353441
v 0.226049 1.578141 -0.650774
v 0.227762 1.669649 -0.648802
v 0.226049 1.765881 -0.653337
v 0.255215 1.566543 -0.477828
v 0.257911 1.670844 -0.473234
v 0.255215 1.780390 -0.479401
v 0.284381 1.556793 -0.300931
v 0.288061 1.673527 -0.294359
v 0.284381 1.796079 -0.301430
v -0.167996 2.216177 -0.728419
v -0.195331 2.107650 -0.705988
v -0.211714 1.988675 -0.683558
v -0.177992 2.299602 -0.591462
v -0.211061 2.173690 -0.557958
v -0.233179 2.036055 -0.524454
v -0.187987 2.382665 -0.436708
v -0.226791 2.239769 -0.396245
v -0.254644 2.083899 -0.355784
v -0.226049 1.765881 -0.653337
v -0.227762 1.669649 -0.648802
v -0.226049 1.578141 -0.650774
v -0.255215 1.780390 -0.479401
v -0.257911 1.670844 -0.473234
v -0.255215 1.566543 -0.477828
v -0.284381 1.796079 -0.301430
v -0.288061 1.673527 -0.294359
v -0.284381 1.556793 -0.300931
v 0.150719 1.412451 -1.118759
v 0.168140 1.460040 -1.160980
v 0.174610 1.513330 -1.203202
v 0.151718 1.382216 -1.023408
v 0.169713 1.433680 -1.053968
v 0.176756 1.491863 -1.084528
v 0.154431 1.340301 -0.923406
v 0.173983 1.398460 -0.939473
v 0.182583 1.464519 -0.955540
v 0.175633 1.619466 -1.260008
v 0.175647 1.671274 -1.268012
v 0.175633 1.726705 -1.262855
v 0.178549 1.610572 -1.125688
v 0.178662 1.669619 -1.131781
v 0.178549 1.732427 -1.128861
v 0.186466 1.600829 -0.977246
v 0.186845 1.669120 -0.980909
v 0.186466 1.741386 -0.980620
v -0.150719 2.004378 -1.147449
v -0.168140 1.935652 -1.182005
v -0.174610 1.861225 -1.216561
v -0.151718 2.034113 -1.055388
v -0.169713 1.960713 -1.077404
v -0.176756 1.880594 -1.099420
v -0.154431 2.079443 -0.957412
v -0.173983 1.998092 -0.964393
v -0.182583 1.908841 -0.971375
v -0.175633 1.726705 -1.262855
v -0.175647 1.671274 -1.268012
v -0.175633 1.619466 -1.260008
v -0.178549 1.732427 -1.128861
v -0.178662 1.669619 -1.131781
v -0.178549 1.610572 -1.125688
v -0.186466 1.741386 -0.980620
v -0.186845 1.669120 -0.980909
v -0.186466 1.600829 -0.977246
v 0.129319 1.449731 -1.450938
v 0.144205 1.495679 -1.499993
v 0.149780 1.548945 -1.547701
v 0.144205 1.446313 -1.382578
v 0.160885 1.493367 -1.433463
v 0.167036 1.545649 -1.483970
v 0.149780 1.441620 -1.300597
v 0.167036 1.488259 -1.352484
v 0.173395 1.539463 -1.404324
v 0.150576 1.648636 -1.610296
v 0.150576 1.692754 -1.619135
v 0.150576 1.740331 -1.613597
v 0.167915 1.642652 -1.551414
v 0.167915 1.686329 -1.560794
v 0.167915 1.733474 -1.554355
v 0.174303 1.635568 -1.473979
v 0.174303 1.679914 -1.483577
v 0.174303 1.727754 -1.476655
v -0.149780 1.441620 -1.300597
v -0.167036 1.488259 -1.352484
v -0.173395 1.539463 -1.404324
v -0.144205 1.446313 -1.382578
v -0.160885 1.493367 -1.433463
v -0.167036 1.545649 -1.483970
v -0.129319 1.449731 -1.450937
v -0.144205 1.495679 -1.499993
v -0.149780 1.548945 -1.547701
v -0.174303 1.635568 -1.473979
v -0.174303 1.679914 -1.483577
v -0.174303 1.727754 -1.476655
v -0.167915 1.642652 -1.551415
v -0.167915 1.686329 -1.560794
v -0.167915 1.733474 -1.554355
v -0.150576 1.648636 -1.610296
v -0.150576 1.692754 -1.619135
v -0.150576 1.740331 -1.613597
v 0.055396 1.621640 2.644274
v 0.058371 1.643247 2.635307
v 0.055396 1.665695 2.623103
v -0.000000 1.620506 2.646436
v 0.000000 1.642789 2.637075
v 0.000000 1.665988 2.624179
v -0.055396 1.621640 2.644274
v -0.058371 1.643247 2.635308
v -0.055396 1.665695 2.623103
v 0.153048 1.634818 2.583067
v 0.161181 1.676986 2.567826
v 0.149048 1.715432 2.555112
v 0.144586 1.624346 2.614303
v 0.154293 1.656724 2.601539
v 0.143381 1.688059 2.589288
v 0.128680 1.622379 2.630724
v 0.137889 1.647723 2.620333
v 0.128530 1.673206 2.608966
v -0.149048 1.715432 2.555112
v -0.161181 1.676986 2.567825
v -0.153048 1.634818 2.583067
v -0.143381 1.688059 2.589288
v -0.154293 1.656724 2.601539
v -0.144586 1.624346 2.614303
v -0.128530 1.673206 2.608965
v -0.137889 1.647723 2.620333
v -0.128680 1.622379 2.630724
v -0.067233 1.572161 2.616255
v 0.000000 1.564163 2.622946
v 0.067233 1.572161 2.616255
v -0.062331 1.579936 2.634771
v 0.000000 1.574249 2.638295
v 0.062331 1.579936 2.634771
v -0.055891 1.589910 2.645339
v 0.000000 1.585957 2.647824
v 0.055891 1.589910 2.645339
v 0.055396 1.483485 2.696557
v 0.058371 1.494221 2.693405
v 0.055396 1.501152 2.685972
v -0.000000 1.485042 2.698768
v 0.000000 1.496298 2.695742
v 0.000000 1.503400 2.688041
v -0.055396 1.483484 2.696556
v -0.058371 1.494221 2.693405
v -0.055396 1.501152 2.685972
v 0.067233 1.488733 2.611745
v 0.000000 1.490630 2.615506
v -0.067233 1.488733 2.611745
v 0.062331 1.493660 2.637963
v -0.000000 1.495712 2.638403
v -0.062331 1.493660 2.637963
v 0.055891 1.499738 2.659016
v -0.000000 1.501861 2.659029
v -0.055891 1.499738 2.659016
v -0.063536 1.410074 2.636961
v 0.000000 1.407295 2.638752
v 0.063536 1.410074 2.636961
v -0.061126 1.435168 2.670608
v 0.000000 1.433272 2.672206
v 0.061126 1.435168 2.670609
v -0.055740 1.454751 2.688196
v 0.000000 1.453871 2.689815
v 0.055740 1.454751 2.688195
v -0.153048 1.466787 2.606983
v -0.161181 1.449103 2.614123
v -0.149048 1.432137 2.623271
v -0.144586 1.477143 2.644060
v -0.154293 1.464559 2.651643
v -0.143381 1.451778 2.659477
v -0.128680 1.487139 2.666686
v -0.137889 1.477874 2.673964
v -0.128530 1.467361 2.679896
v -0.335214 1.922347 1.013268
v -0.340607 1.763008 1.005235
v -0.335214 1.607231 1.003215
v -0.335214 1.920743 1.082879
v -0.340607 1.764607 1.072824
v -0.335214 1.611377 1.070702
v -0.335214 1.917123 1.149066
v -0.340607 1.764535 1.137126
v -0.335214 1.614275 1.134957
v -0.205407 2.568517 1.112105
v -0.254206 2.422750 1.082944
v -0.292055 2.257884 1.053656
v -0.205407 2.547686 1.206703
v -0.254206 2.406893 1.170273
v -0.292055 2.247311 1.133638
v -0.205407 2.525975 1.295677
v -0.254206 2.389600 1.252662
v -0.292055 2.234834 1.209351
v 0.335214 1.607230 1.003215
v 0.340607 1.763008 1.005235
v 0.335214 1.922347 1.013268
v 0.335214 1.611377 1.070702
v 0.340607 1.764607 1.072824
v 0.335214 1.920743 1.082879
v 0.335214 1.614275 1.134957
v 0.340607 1.764535 1.137126
v 0.335214 1.917123 1.149066
v 0.205407 1.030523 1.021613
v 0.205407 1.041115 1.101570
v 0.205407 1.050805 1.178893
v 0.292055 2.257884 1.053656
v 0.254206 2.422750 1.082944
v 0.205407 2.568517 1.112105
v 0.292055 2.247311 1.133638
v 0.254206 2.406893 1.170273
v 0.205407 2.547686 1.206703
v 0.292055 2.234834 1.209352
v 0.254206 2.389600 1.252662
v 0.205407 2.525975 1.295677
v -0.205407 1.030523 1.021613
v -0.205407 1.041115 1.101570
v -0.205407 1.050805 1.178893
v -0.075566 0.876052 1.029636
v 0.000000 0.856536 1.030662
v 0.075566 0.876052 1.029636
v 0.000000 0.868623 1.116642
v -0.136417 1.549231 -1.565824
v 0.136046 2.729428 0.954953
v 0.136061 2.732395 0.939075
v 0.136075 2.735584 0.923853
v -0.136019 1.515944 -1.531893
v -0.337835 1.641268 0.558639
v -0.337937 1.642571 0.537295
v -0.338133 1.648876 0.433342
v -0.039290 0.878048 1.111199
v -0.034231 0.877389 1.115869
v 0.136190 2.748573 0.821264
v 0.136206 2.751012 0.804934
v 0.136320 2.755602 0.716639
v -0.022817 0.875809 1.126393
v 0.078027 0.864515 -0.234311
v 0.074163 0.860199 -0.231228
v 0.064542 0.854931 -0.219299
v -0.336646 1.622030 0.725810
v 0.089861 0.876949 -0.240154
v -0.337123 1.629616 0.659481
v 0.052336 0.851039 -0.217161
v 0.033678 0.844690 -0.212439
v -0.016740 0.874529 1.128643
v -0.000000 0.871460 1.138335
v -0.337843 1.641765 0.394041
v -0.338069 1.647594 0.413542
v 0.000000 0.835934 -0.216959
v -0.337842 1.641737 0.393907
v -0.336687 1.630782 0.347018
v -0.055007 0.881114 1.103988
v -0.065508 0.882779 1.096425
v -0.336429 1.618100 0.749522
v 0.096555 0.887679 -0.260545
v 0.107944 0.903712 -0.286468
v 0.133980 2.693121 1.138694
v 0.133664 2.686298 1.166606
v 0.135008 2.711898 1.049489
v 0.135529 2.425919 -0.568053
v 0.136162 2.461992 -0.517038
v -0.336284 1.615344 0.763114
v -0.335214 1.594639 0.865207
v -0.334494 1.590038 0.888267
v -0.335349 1.597286 0.852155
v -0.033750 2.128922 -1.033568
v -0.040628 2.129893 -1.029409
v 0.136347 2.584951 -0.301940
v -0.049587 2.130676 -1.024969
v -0.064170 2.132360 -1.019644
v -0.065144 2.132351 -1.018726
v 0.135190 2.715656 1.033087
v 0.136186 2.491269 -0.477335
v 0.136191 2.496508 -0.469643
v 0.136191 2.496140 -0.470312
v 0.288698 1.328947 1.575832
v 0.286564 1.323387 1.587181
v 0.295207 1.353124 1.530952
v 0.291808 1.338149 1.557728
v 0.289727 1.331482 1.570566
v -0.071497 2.135509 -1.008246
v 0.130808 2.670910 1.240745
v 0.128950 2.659902 1.287975
v -0.091957 2.142309 -0.979205
v 0.127259 2.238088 -0.816041
v 0.126522 2.230064 -0.826849
v 0.283517 1.315294 1.602001
v 0.000000 2.129783 -1.042560
v -0.008549 2.129613 -1.040184
v 0.273225 1.287300 1.639232
v 0.274665 1.290595 1.634465
v 0.133555 2.331768 -0.690956
v 0.134585 2.382366 -0.629288
v 0.134779 2.391603 -0.617095
v -0.098830 2.152965 -0.957732
v 0.299746 1.375143 1.481254
v 0.303484 1.392652 1.442362
v -0.112688 2.171023 -0.921142
v 0.306015 1.407455 1.410180
v -0.101483 2.156340 -0.950476
v 0.306266 1.408643 1.407545
v 0.130859 2.291907 -0.744834
v 0.130146 2.281862 -0.759758
v 0.262806 1.262286 1.668604
v 0.000000 2.645211 1.587950
v 0.125045 2.224472 -0.836658
v 0.033786 2.636026 1.584623
v 0.039368 2.635172 1.582159
v 0.122268 2.212698 -0.856521
v 0.112704 2.171441 -0.922322
v 0.121417 2.209217 -0.863074
v 0.122085 2.212005 -0.858119
v 0.299057 1.371922 1.488553
v 0.297734 1.364079 1.505921
v 0.065430 2.631481 1.569794
v 0.070913 2.632256 1.562649
v 0.336395 1.619888 0.353845
v 0.335511 1.593663 0.356384
v 0.075566 2.633086 1.556083
v 0.092788 2.624579 1.530553
v 0.336666 1.630763 0.347069
v 0.098157 2.625358 1.512549
v 0.332440 1.535014 0.389695
v 0.334995 1.571884 0.371565
v 0.334562 1.556367 0.378437
v -0.153923 0.969825 1.191121
v 0.098333 2.625399 1.511911
v 0.113748 2.627068 1.456023
v -0.156579 0.975744 1.206087
v -0.156390 0.975763 1.208960
v 0.329480 1.508325 0.412774
v 0.324014 1.458508 0.450089
v -0.156042 0.976293 1.218695
v -0.128896 2.659903 1.289295
v 0.332434 1.534951 0.389749
v -0.155783 0.975965 1.219472
v -0.126942 2.649146 1.335878
v 0.318931 1.410939 0.487831
v 0.321373 1.433794 0.470163
v -0.154577 0.974425 1.222951
v 0.311246 1.367792 0.524032
v -0.117052 2.632721 1.427455
v -0.126810 2.648936 1.337105
v 0.112558 0.936070 1.255248
v 0.108139 0.932457 1.255928
v 0.121465 0.943321 1.253602
v -0.113749 2.627476 1.456046
v 0.225291 1.082959 1.031345
v 0.224960 1.090359 1.094790
v 0.225000 1.090836 1.097617
v 0.225405 1.094510 1.119915
v 0.087502 0.915191 1.255578
v 0.337818 1.641265 0.558641
v 0.337937 1.642571 0.537295
v 0.338097 1.648858 0.433549
v 0.083395 0.911717 1.255164
v 0.080183 0.909008 1.254921
v -0.136279 2.657441 -0.101428
v -0.136344 2.586825 -0.298400
v -0.136347 2.584893 -0.301895
v -0.136319 2.755957 0.716504
v -0.136229 2.752333 0.786295
v -0.136206 2.751012 0.804934
v -0.136274 2.669098 -0.052493
v 0.337123 1.629616 0.659481
v 0.140630 0.957824 1.240203
v 0.136580 0.954836 1.243719
v -0.136045 2.729796 0.954840
v -0.136075 2.735584 0.923853
v 0.336633 1.622029 0.725810
v -0.136093 2.738049 0.907354
v 0.145574 0.961382 1.235095
v 0.145921 0.961883 1.234623
v 0.337843 1.641765 0.394040
v 0.337842 1.641737 0.393907
v 0.132803 0.952041 1.246937
v 0.125714 0.946675 1.251882
v -0.136277 2.752252 0.465791
v -0.136278 2.755609 0.507084
v 0.338051 1.647580 0.413563
v -0.133663 2.686579 1.166540
v 0.124394 0.945646 1.252530
v -0.136305 2.758536 0.668562
v 0.334496 1.590037 0.888267
v 0.335214 1.594638 0.865207
v 0.335349 1.597286 0.852155
v 0.336284 1.615344 0.763114
v 0.336422 1.618091 0.749572
v -0.136260 2.722764 0.207687
v -0.136259 2.739447 0.316653
v 0.047090 0.897588 1.252913
v -0.131635 2.675555 1.219757
v -0.130808 2.670910 1.240745
v -0.000000 0.885138 1.250138
v 0.000000 0.885138 1.250138
v -0.136255 2.707539 0.108702
v -0.135190 2.715656 1.033087
v -0.135367 2.718912 1.016727
v 0.075566 0.905053 1.254013
v 0.227183 1.115301 1.264319
v 0.228935 1.122637 1.295232
v -0.133980 2.693121 1.138694
v -0.134182 2.697175 1.120999
v 0.229862 1.126346 1.309609
v -0.136186 2.491268 -0.477336
v -0.136162 2.461900 -0.516954
v -0.136191 2.496140 -0.470312
v -0.136190 2.495745 -0.470845
v 0.230134 1.127657 1.316214
v 0.231706 1.134828 1.352437
v 0.117052 2.632721 1.427455
v 0.147353 0.964013 1.233194
v 0.126942 2.649130 1.335878
v 0.126810 2.648936 1.337105
v -0.136340 2.580718 -0.309474
v 0.233226 1.142036 1.386269
v 0.233688 1.144159 1.396247
v 0.151969 0.970761 1.227549
v -0.135535 2.426078 -0.567436
v -0.127342 2.238696 -0.813581
v -0.126505 2.229608 -0.825964
v 0.152356 0.971309 1.226913
v 0.225355 1.100240 1.167089
v 0.154578 0.974419 1.222954
v 0.226621 1.109208 1.219210
v 0.225475 1.101304 1.173141
v 0.129135 0.936334 1.141664
v -0.124906 2.223677 -0.836898
v -0.122597 2.214023 -0.853899
v -0.121417 2.209217 -0.863075
v -0.122268 2.212698 -0.856521
v 0.226573 1.110754 1.234271
v 0.114882 0.921780 1.121441
v 0.060383 2.131963 -1.021216
v 0.049587 2.130676 -1.024969
v 0.040664 2.129931 -1.029557
v 0.065145 2.132388 -1.018896
v 0.064170 2.132360 -1.019645
v 0.226771 1.112560 1.246012
v 0.142189 0.949518 1.159057
v -0.133553 2.331174 -0.690269
v -0.131555 2.301671 -0.730249
v -0.130859 2.291907 -0.744834
v 0.105122 0.912481 1.112771
v 0.234361 1.149022 1.429018
v 0.089972 0.897871 1.099227
v -0.134779 2.391603 -0.617095
v -0.134926 2.398150 -0.607225
v 0.235756 1.156392 1.458393
v 0.235939 1.157227 1.461716
v 0.033750 2.128987 -1.033895
v 0.236863 1.162061 1.483821
v 0.153924 0.969824 1.191120
v 0.153268 0.968550 1.189095
v 0.151018 0.964023 1.181921
v 0.071754 2.135917 -1.009138
v -0.112557 0.936072 1.255248
v 0.088458 2.142181 -0.988199
v -0.121465 0.943324 1.253602
v 0.091981 2.143196 -0.982589
v -0.108137 0.932458 1.255929
v 0.145574 0.953122 1.165010
v 0.098991 2.153415 -0.958046
v 0.101483 2.156340 -0.950476
v 0.108510 2.166164 -0.933977
v -0.125712 0.946676 1.251883
v -0.124393 0.945648 1.252530
v -0.136579 0.954836 1.243720
v -0.132801 0.952042 1.246938
v 0.008622 2.129678 -1.040501
v 0.013962 2.129573 -1.039308
v 0.065516 0.882770 1.096413
v 0.075566 0.885029 1.093868
v -0.145921 0.961883 1.234623
v -0.145574 0.961382 1.235095
v -0.140629 0.957824 1.240203
v 0.000000 2.129783 -1.042560
v 0.237105 1.174410 1.560730
v 0.237552 1.176538 1.567929
v 0.324719 1.517033 1.138486
v 0.329407 1.553285 1.027952
v 0.327493 1.538679 1.072495
v 0.237703 1.177909 1.574768
v 0.237446 1.166241 1.507576
v 0.237409 1.167389 1.514135
v -0.108165 1.266059 -0.876341
v -0.117982 1.231314 -0.817210
v 0.324282 1.513362 1.149616
v 0.237079 1.170538 1.535041
v 0.323916 1.510264 1.157860
v -0.118013 1.231183 -0.816992
v 0.237492 1.186012 1.614086
v -0.118285 1.230053 -0.815551
v 0.238100 1.180984 1.589155
v 0.332880 1.578825 0.931109
v -0.118326 1.229789 -0.815229
v 0.236201 1.191968 1.654998
v 0.237331 1.186464 1.617263
v -0.118587 1.226852 -0.811771
v -0.121999 1.185617 -0.755761
v 0.330229 1.559658 1.003874
v 0.235864 1.193671 1.666536
v -0.122427 1.179103 -0.747021
v -0.123201 1.136907 -0.691897
v -0.122981 1.150370 -0.710143
v -0.122879 1.155060 -0.715870
v 0.308229 1.417747 1.383724
v -0.123560 1.127745 -0.679222
v 0.309271 1.423181 1.370602
v 0.318184 1.467873 1.261589
v 0.319034 1.471922 1.251447
v 0.321515 1.491605 1.203423
v -0.123853 1.085968 -0.623081
v 0.124286 0.982844 -0.453113
v 0.106213 2.016298 -1.506759
v 0.112231 2.006580 -1.512652
v 0.113809 2.003379 -1.512790
v 0.124547 0.989002 -0.467793
v 0.317539 1.464858 1.269049
v 0.124824 0.998998 -0.482637
v 0.092825 2.041076 -1.491997
v 0.101012 2.025459 -1.500116
v 0.118748 0.939867 -0.359301
v 0.118789 0.940261 -0.360129
v 0.311828 1.436913 1.337834
v 0.088541 2.045929 -1.494490
v 0.084124 2.048903 -1.493081
v 0.085349 2.048101 -1.493516
v 0.065440 2.061892 -1.483799
v 0.110225 0.910043 -0.306343
v 0.056262 2.066041 -1.486933
v 0.039294 0.878044 1.111195
v 0.034231 0.877389 1.115869
v 0.110987 0.911915 -0.311841
v 0.022817 0.875803 1.126393
v 0.052907 2.067604 -1.487917
v 0.033787 2.071944 -1.485083
v 0.124820 1.004042 -0.490352
v 0.055001 0.881103 1.103985
v 0.124955 1.034990 -0.541768
v 0.124401 1.070328 -0.601524
v 0.000000 2.076702 -1.491371
v 0.000000 2.076702 -1.491371
v 0.123800 1.086337 -0.622258
v 0.124069 1.080196 -0.613701
v 0.016751 0.874524 1.128639
v -0.136437 1.571712 -1.580874
v -0.136451 1.584512 -1.590422
v -0.061009 1.322155 -0.992986
v -0.033679 1.331467 -1.020079
v -0.136417 1.549540 -1.566142
v 0.000000 0.871460 1.138335
v -0.064107 1.320594 -0.988757
v -0.064660 1.320316 -0.987802
v -0.136484 1.603289 -1.604412
v -0.136503 1.622197 -1.613059
v -0.065602 1.319422 -0.985210
v -0.066264 1.318794 -0.983001
v -0.071587 1.313734 -0.972545
v -0.324238 1.513369 1.149609
v -0.136556 1.650512 -1.627473
v -0.136571 1.665719 -1.630251
v -0.087185 1.299524 -0.942889
v -0.090274 1.296745 -0.935318
v -0.327493 1.538679 1.072495
v -0.329337 1.553297 1.027941
v -0.324719 1.517033 1.138486
v -0.136505 1.623269 -1.613548
v -0.323818 1.510096 1.158329
v 0.000000 1.333414 -1.029428
v 0.000000 1.333414 -1.029428
v -0.123187 1.451538 -1.463879
v -0.126246 1.457823 -1.468097
v -0.023884 1.332210 -1.023239
v -0.126741 1.458801 -1.468874
v -0.113621 1.438061 -1.447988
v -0.122273 1.449940 -1.463036
v -0.032627 1.331549 -1.020489
v -0.311828 1.436913 1.337834
v -0.309033 1.423261 1.370564
v -0.133504 1.484867 -1.499219
v -0.131330 1.475257 -1.487554
v -0.098595 1.284253 -0.906090
v -0.098239 1.284794 -0.906949
v -0.318177 1.467876 1.261588
v -0.317539 1.464858 1.269049
v -0.105349 1.271298 -0.886385
v -0.134964 1.500497 -1.518428
v -0.135758 1.512188 -1.528352
v -0.134564 1.495729 -1.514494
v 0.064107 1.320594 -0.988757
v 0.061045 1.322137 -0.992783
v -0.319034 1.471922 1.251447
v 0.064660 1.320316 -0.987700
v -0.321515 1.491605 1.203423
v -0.083394 0.911717 1.255164
v 0.033680 1.331409 -1.018408
v -0.087502 0.915193 1.255578
v -0.330229 1.559658 1.003873
v -0.080182 0.909008 1.254921
v 0.066264 1.318793 -0.983001
v 0.069729 1.315503 -0.974966
v 0.070875 1.314413 -0.972464
v -0.332880 1.578825 0.931109
v 0.090244 1.296853 -0.931540
v 0.136344 2.586825 -0.298400
v 0.098620 1.284217 -0.905870
v 0.108124 1.266366 -0.873870
v 0.098239 1.284794 -0.906949
v 0.031622 1.331566 -1.019095
v 0.024143 1.332146 -1.021852
v -0.124547 0.989002 -0.467793
v -0.124871 0.999792 -0.485130
v -0.124292 0.982642 -0.453415
v -0.047090 0.897589 1.252914
v -0.123134 0.973487 -0.434466
v -0.118769 0.939148 -0.360190
v -0.075566 0.905053 1.254013
v -0.151966 0.970763 1.227550
v -0.147353 0.964014 1.233194
v -0.124401 1.070328 -0.601524
v -0.124585 1.061003 -0.586984
v -0.125006 1.034576 -0.542520
v -0.096592 0.887452 -0.260891
v -0.107947 0.903584 -0.286596
v -0.110228 0.910022 -0.306391
v -0.110987 0.911916 -0.311840
v -0.074163 0.860198 -0.231229
v -0.089863 0.876729 -0.240339
v -0.078035 0.864469 -0.234361
v -0.152354 0.971311 1.226915
v 0.155786 0.975960 1.219470
v -0.064542 0.854867 -0.219349
v -0.033678 0.844497 -0.212587
v 0.156046 0.976289 1.218691
v -0.052363 0.850903 -0.217278
v -0.114873 0.921790 1.121455
v 0.156394 0.975759 1.208957
v 0.156584 0.975740 1.206083
v -0.129099 0.936336 1.141665
v 0.123527 1.127840 -0.678500
v -0.089950 0.897895 1.099260
v 0.123165 1.137102 -0.691360
v -0.105122 0.912481 1.112771
v 0.122879 1.155060 -0.715870
v 0.122406 1.179128 -0.746535
v 0.122769 1.159410 -0.720816
v -0.142187 0.949523 1.159064
v -0.228921 1.122645 1.295247
v -0.229858 1.126347 1.309608
v 0.121971 1.185726 -0.755375
v -0.227173 1.115316 1.264366
v 0.118317 1.229784 -0.814960
v -0.231564 1.134893 1.352574
v -0.233226 1.142036 1.386269
v -0.075566 0.885029 1.093868
v -0.310906 1.365869 0.525552
v -0.311248 1.367792 0.524030
v -0.233552 1.144183 1.396208
v 0.118272 1.230087 -0.815384
v -0.318931 1.410939 0.487830
v -0.230133 1.127657 1.316214
v 0.118013 1.231183 -0.816992
v 0.117975 1.231341 -0.817219
v -0.282505 1.227430 0.647567
v -0.268898 1.178755 0.701677
v 0.116594 1.236294 -0.824469
v -0.235840 1.157246 1.461817
v -0.236096 1.162021 1.483734
v -0.257602 1.139045 0.756042
v -0.261970 1.154351 0.734372
v -0.153267 0.968550 1.189094
v -0.151006 0.964025 1.181922
v -0.233971 1.149284 1.430164
v -0.235756 1.156392 1.458393
v -0.254206 1.127560 0.772550
v -0.233694 1.147398 1.417658
v -0.145574 0.953122 1.165010
v -0.033783 1.405224 -1.446921
v -0.240806 1.100615 0.851430
v -0.245708 1.109732 0.815203
v -0.251974 1.122627 0.781257
v -0.249013 1.116460 0.796568
v -0.226771 1.112560 1.246012
v -0.226558 1.110767 1.234286
v -0.226588 1.109232 1.219191
v -0.000000 1.402364 -1.451356
v -0.000000 1.402364 -1.451356
v -0.292055 1.262626 0.609550
v -0.293224 1.269003 0.603718
v -0.236000 1.176544 1.569803
v -0.236125 1.177569 1.574905
v -0.297326 1.291400 0.583997
v -0.053813 1.407649 -1.446552
v -0.065409 1.410781 -1.443556
v -0.235811 1.174901 1.564060
v -0.235840 1.175850 1.567473
v -0.225343 1.100253 1.167104
v -0.225475 1.101304 1.173141
v -0.225359 1.094548 1.119886
v -0.052947 1.407423 -1.446802
v -0.237331 1.186464 1.617263
v -0.234298 1.191674 1.655204
v -0.234357 1.191400 1.653321
v -0.237326 1.186011 1.614270
v -0.238845 1.097265 0.865385
v -0.084547 1.417461 -1.443539
v -0.092172 1.420427 -1.444129
v -0.092725 1.420796 -1.443859
v -0.235081 1.091270 0.896182
v -0.079360 1.415585 -1.443671
v -0.231418 1.086695 0.937369
v -0.237079 1.170538 1.535041
v -0.236773 1.167475 1.514742
v -0.108712 1.433869 -1.445729
v 0.136278 2.755609 0.507084
v 0.136274 2.669127 -0.052513
v -0.236075 1.162711 1.487676
v -0.101012 1.428009 -1.443944
v 0.136305 2.758536 0.668562
v 0.136279 2.657441 -0.101428
v -0.233821 1.193989 1.670911
v 0.136260 2.722686 0.207730
v 0.136255 2.707539 0.108702
v -0.307965 1.417668 1.384071
v -0.306235 1.408610 1.407645
v 0.136277 2.752066 0.465876
v 0.033783 1.405186 -1.446995
v 0.136259 2.739447 0.316653
v -0.033787 2.071991 -1.485172
v 0.136311 2.757194 0.687036
v 0.108505 1.433179 -1.446762
v 0.092725 1.420756 -1.443939
v -0.056228 2.065970 -1.486784
v -0.052907 2.067604 -1.487917
v 0.113623 1.437652 -1.448891
v -0.065440 2.061568 -1.483192
v 0.084621 1.417635 -1.443249
v 0.072211 1.413383 -1.443105
v 0.065409 1.410948 -1.443230
v -0.069504 2.058633 -1.485005
v -0.084065 2.048790 -1.492764
v 0.136417 1.549226 -1.565849
v 0.136417 1.549539 -1.566142
v -0.092825 2.041499 -1.492827
v -0.088541 2.045929 -1.494490
v 0.136452 1.580776 -1.589499
v 0.136455 1.584307 -1.591841
v -0.094654 2.038286 -1.495179
v -0.106370 2.016524 -1.507950
v 0.092172 1.420427 -1.444129
v -0.112231 2.006580 -1.512652
v 0.136506 1.622106 -1.614043
v -0.113809 2.003458 -1.512959
v 0.053820 1.407663 -1.446528
v 0.052947 1.407423 -1.446803
v 0.136522 1.630558 -1.618361
v 0.136556 1.650512 -1.627473
v 0.136571 1.665108 -1.630379
v -0.136571 1.715034 -1.634136
v -0.136571 1.723883 -1.633106
v 0.136484 1.603289 -1.604412
v -0.136571 1.694964 -1.636054
v -0.136571 1.669146 -1.630881
v -0.136571 1.666538 -1.630402
v -0.336412 1.619879 0.353817
v -0.335526 1.593668 0.356357
v -0.324111 1.458509 0.449993
v -0.321411 1.433716 0.470180
v -0.332440 1.535014 0.389695
v -0.332434 1.534950 0.389749
v -0.329525 1.508253 0.412776
v -0.335003 1.571875 0.371560
v -0.334562 1.556367 0.378437
v -0.098155 2.625367 1.512556
v -0.098333 2.625399 1.511912
v -0.110440 2.627200 1.468048
v -0.253307 1.240123 1.694866
v -0.252050 1.237018 1.697276
v -0.246323 1.229326 1.708368
v -0.092788 2.624854 1.530581
v -0.092579 2.624961 1.530892
v -0.075566 2.633086 1.556083
v -0.235507 1.208193 1.713145
v -0.070908 2.632279 1.562659
v -0.237146 1.212630 1.715366
v -0.235100 1.207293 1.713097
v -0.065430 2.631532 1.569800
v -0.306015 1.407455 1.410180
v -0.039349 2.635242 1.582177
v -0.256428 1.246936 1.686423
v -0.262206 1.262103 1.669801
v -0.299057 1.371921 1.488553
v -0.299644 1.375210 1.481233
v -0.033786 2.636082 1.584631
v -0.241016 1.221525 1.716665
v -0.241955 1.222965 1.715186
v 0.000000 2.645211 1.587950
v -0.240697 1.220725 1.716392
v -0.235980 1.204939 1.702475
v -0.235522 1.201203 1.689006
v -0.118989 1.980144 -1.528965
v -0.121999 1.966259 -1.537537
v -0.126968 1.945987 -1.548976
v -0.127136 1.944237 -1.550452
v 0.122273 1.449940 -1.463036
v 0.116441 1.441497 -1.453847
v 0.123174 1.451463 -1.463981
v -0.130192 1.909182 -1.568986
v 0.136571 1.666540 -1.630666
v 0.126742 1.458570 -1.469456
v -0.133725 1.872540 -1.585230
v -0.133765 1.871255 -1.585934
v -0.130848 1.901478 -1.572538
v 0.136571 1.694964 -1.636054
v 0.136571 1.676329 -1.632627
v 0.136022 1.515598 -1.533221
v -0.134888 1.833266 -1.601994
v 0.136571 1.722807 -1.632813
v 0.136215 1.529977 -1.548066
v -0.136018 1.800602 -1.613493
v 0.136571 1.723847 -1.632714
v 0.133506 1.484603 -1.500022
v 0.134958 1.500301 -1.518716
v 0.134564 1.495729 -1.514494
v 0.134715 1.838543 -1.597611
v 0.133765 1.871255 -1.585934
v 0.136018 1.800602 -1.613493
v 0.131297 1.474873 -1.488075
v 0.133478 1.484476 -1.499880
v 0.130249 1.907680 -1.567164
v 0.127136 1.944237 -1.550452
v 0.133725 1.872516 -1.585151
v 0.130763 1.901786 -1.570289
v -0.136215 1.794861 -1.615147
v 0.120119 1.974208 -1.530626
v -0.136338 1.767514 -1.624152
v 0.126968 1.945949 -1.548878
v 0.121887 1.966247 -1.536075
v -0.136470 1.742895 -1.631019
v 0.136470 1.742895 -1.631019
v 0.136299 1.775880 -1.620175
v 0.136215 1.794809 -1.614879
v -0.286336 1.323744 1.587042
v -0.288698 1.328947 1.575832
v -0.271558 1.286619 1.642620
v -0.282582 1.314822 1.603940
v -0.294947 1.352917 1.531665
v -0.291808 1.338149 1.557728
v 0.236372 1.196152 1.672890
v 0.235980 1.204939 1.702476
v 0.236557 1.201357 1.687707
v 0.231134 1.086353 0.940529
v 0.231418 1.086695 0.937369
v 0.235116 1.091159 0.896259
v -0.231128 1.086364 0.940537
v 0.238866 1.097230 0.865365
v -0.226239 1.082950 1.011666
v 0.245735 1.109720 0.815116
v 0.240806 1.100615 0.851430
v 0.256428 1.246936 1.686423
v -0.225811 1.082670 1.018232
v -0.225262 1.083008 1.031518
v -0.225775 1.082691 1.019146
v 0.257602 1.139045 0.756042
v 0.261969 1.154353 0.734372
v 0.235686 1.207275 1.711958
v 0.236244 1.208448 1.711968
v 0.238982 1.215015 1.714622
v 0.251974 1.122610 0.781269
v 0.254206 1.127560 0.772550
v 0.252050 1.237018 1.697276
v 0.245885 1.227802 1.709202
v 0.242005 1.221582 1.715354
v 0.241766 1.221030 1.715191
v 0.268895 1.178756 0.701682
v 0.254110 1.241579 1.692807
v 0.253407 1.240143 1.694670
v 0.282505 1.227430 0.647567
v 0.292055 1.262626 0.609550
v 0.293216 1.269004 0.603734
v 0.297361 1.291816 0.583708
v 0.310906 1.365869 0.525552
v 0.249021 1.116436 0.796559
v 0.225813 1.082667 1.018229
v 0.225775 1.082690 1.019146
v 0.226250 1.082922 1.011685
v -0.224953 1.090367 1.094798
v -0.225000 1.090836 1.097617
vn 0.9719 -0.0323 -0.2333
vn 0.9359 0.1313 -0.3267
vn 0.9791 -0.0290 -0.2012
vn 0.9561 0.1141 -0.2698
vn 0.9720 -0.1262 -0.1982
vn 0.9596 -0.0424 -0.2782
vn 0.9057 0.1453 -0.3982
vn 0.7410 0.4382 -0.5088
vn 0.8079 0.4118 -0.4215
vn 0.8599 0.3757 -0.3456
vn 0.8980 0.3338 -0.2866
vn 0.9692 0.0928 -0.2281
vn 0.9830 -0.0334 -0.1808
vn 0.9837 -0.0925 -0.1541
vn 0.9846 -0.0901 -0.1499
vn 0.9831 -0.0955 -0.1564
vn 0.9846 -0.0899 -0.1497
vn 0.9836 -0.0927 -0.1545
vn 0.9799 -0.1047 -0.1699
vn 0.5309 -0.6009 -0.5975
vn 0.8935 -0.3127 -0.3224
vn 0.6188 -0.5136 -0.5944
vn 0.9324 -0.2218 -0.2853
vn 0.0706 -0.7945 -0.6031
vn 0.4684 -0.7025 -0.5358
vn 0.8586 -0.4051 -0.3143
vn 0.9741 -0.1758 -0.1419
vn 0.9811 -0.1282 -0.1448
vn 0.9882 -0.0749 -0.1335
vn 0.9943 -0.0296 -0.1027
vn 0.9648 -0.1466 -0.2181
vn 0.7239 -0.4323 -0.5376
vn 0.1302 -0.6350 -0.7615
vn 0.1016 -0.6596 -0.7447
vn 0.0828 -0.7100 -0.6994
vn 0.9997 0.0209 0.0122
vn 0.9999 0.0168 0.0022
vn 0.9997 0.0204 0.0109
vn 0.9988 0.0298 0.0396
vn 0.9983 0.0561 0.0147
vn 0.9965 0.0706 0.0443
vn 1.0000 0.0023 -0.0000
vn 1.0000 0.0027 0.0013
vn 1.0000 0.0028 0.0014
vn 0.9999 0.0058 0.0122
vn 0.9991 0.0105 0.0401
vn 0.9991 0.0101 0.0402
vn 0.9992 0.0015 0.0411
vn 0.9945 0.0166 0.1039
vn 0.9938 0.0468 0.1009
vn 0.9893 0.1003 0.1063
vn 0.9756 0.1833 0.1205
vn 0.9856 0.1570 0.0623
vn 0.9906 0.1342 0.0245
vn 0.9929 0.1188 0.0017
vn 0.9990 0.0454 -0.0043
vn 0.9989 0.0478 0.0002
vn 0.9988 0.0482 0.0009
vn 0.9999 0.0153 -0.0013
vn 0.9999 0.0163 0.0008
vn -0.9997 0.0209 0.0122
vn -0.9997 0.0204 0.0109
vn -0.9999 0.0168 0.0022
vn -0.9983 0.0561 0.0147
vn -0.9988 0.0298 0.0396
vn -0.9965 0.0706 0.0443
vn -1.0000 0.0032 0.0028
vn -0.9999 0.0055 0.0113
vn -1.0000 0.0028 0.0014
vn -0.9999 0.0164 0.0011
vn -0.9990 0.0454 -0.0044
vn -0.9988 0.0482 0.0009
vn -0.9989 0.0478 0.0002
vn -0.9929 0.1188 0.0017
vn -0.9906 0.1342 0.0245
vn -0.9856 0.1570 0.0623
vn -0.9756 0.1833 0.1205
vn -0.9893 0.1003 0.1063
vn -0.9938 0.0468 0.1009
vn -0.9945 0.0166 0.1039
vn -0.9991 0.0102 0.0402
vn -0.9991 0.0105 0.0402
vn -0.9992 0.0015 0.0411
vn -0.9999 0.0057 0.0122
vn 0.8327 -0.5493 -0.0696
vn 0.8591 -0.4267 -0.2825
vn 0.9094 -0.4117 0.0594
vn 0.9365 -0.3142 -0.1554
vn 0.3727 -0.9209 0.1141
vn 0.4800 -0.8080 -0.3417
vn 0.5067 -0.6611 -0.5533
vn 0.5060 -0.5500 -0.6644
vn 0.8554 -0.3440 -0.3872
vn 0.9337 -0.2481 -0.2581
vn 0.9618 -0.1942 -0.1929
vn 0.9637 -0.2480 -0.0986
vn 0.9395 -0.3278 0.0997
vn 0.7971 -0.4064 0.4467
vn 0.7505 -0.4980 0.4345
vn 0.6752 -0.6567 0.3359
vn -0.5309 -0.6009 -0.5975
vn -0.6188 -0.5136 -0.5944
vn -0.8935 -0.3127 -0.3224
vn -0.9324 -0.2218 -0.2853
vn -0.0706 -0.7945 -0.6031
vn -0.0828 -0.7100 -0.6994
vn -0.1016 -0.6596 -0.7447
vn -0.1302 -0.6350 -0.7615
vn -0.7239 -0.4323 -0.5376
vn -0.9648 -0.1466 -0.2181
vn -0.9943 -0.0296 -0.1027
vn -0.9882 -0.0749 -0.1335
vn -0.9811 -0.1282 -0.1448
vn -0.9741 -0.1758 -0.1419
vn -0.8586 -0.4051 -0.3143
vn -0.4684 -0.7025 -0.5358
vn 0.9941 -0.0024 0.1083
vn 0.9991 -0.0019 0.0415
vn 0.2247 -0.9546 -0.1954
vn 0.6131 -0.7702 -0.1760
vn 0.9105 -0.3997 -0.1062
vn 0.9591 -0.2501 -0.1329
vn 0.7880 -0.5533 -0.2700
vn 0.3710 -0.8412 -0.3934
vn 0.0531 -0.9067 -0.4183
vn 0.0303 -0.9807 -0.1932
vn -0.8111 0.0459 0.5832
vn -0.9097 0.1691 0.3792
vn -0.7290 0.0518 0.6825
vn -0.8519 0.2024 0.4829
vn -0.6544 -0.0865 0.7512
vn -0.8711 0.0494 0.4886
vn -0.9420 0.1432 0.3035
vn -0.9549 0.1854 0.2320
vn -0.9549 0.1857 0.2319
vn -0.9547 0.1878 0.2310
vn -0.9297 0.2227 0.2932
vn -0.9298 0.2227 0.2929
vn -0.9306 0.2231 0.2902
vn -0.8815 0.2643 0.3912
vn -0.8818 0.2632 0.3913
vn -0.8836 0.2566 0.3917
vn -0.7709 0.3053 0.5590
vn -0.7275 0.2394 0.6430
vn -0.5921 0.0719 0.8027
vn -0.4015 -0.1020 0.9102
vn -0.4723 -0.1294 0.8719
vn -0.5593 -0.1153 0.8209
vn -0.9959 0.0800 -0.0418
vn -0.9957 0.0930 -0.0037
vn -0.9995 0.0206 -0.0258
vn -0.9993 0.0360 0.0072
vn -0.9825 0.1610 -0.0936
vn -0.9811 0.1845 -0.0588
vn -0.9767 0.2138 -0.0201
vn -0.9655 0.2596 0.0212
vn -0.9911 0.1287 0.0344
vn -0.9965 0.0734 0.0404
vn -0.9973 0.0629 0.0384
vn -0.9966 0.0715 0.0400
vn -0.9972 0.0681 0.0320
vn -0.9974 0.0623 0.0371
vn -0.9974 0.0612 0.0381
vn -0.9998 0.0168 0.0110
vn -0.9998 0.0171 0.0112
vn -0.9998 0.0163 0.0106
vn -0.9999 -0.0073 -0.0152
vn -0.9981 -0.0264 -0.0548
vn -0.9969 0.0220 -0.0755
vn -0.9914 0.0912 -0.0942
vn 0.4959 -0.8346 -0.2397
vn 0.4263 -0.9033 -0.0481
vn 0.8750 -0.4657 -0.1323
vn 0.8318 -0.5545 -0.0260
vn 0.0955 -0.8138 -0.5732
vn 0.0758 -0.9584 -0.2750
vn 0.0619 -0.9966 -0.0537
vn 0.0552 -0.9828 0.1764
vn 0.3917 -0.9054 0.1636
vn 0.7974 -0.5933 0.1102
vn 0.9433 -0.3261 0.0624
vn 0.9645 -0.2639 -0.0042
vn 0.9767 -0.2075 -0.0543
vn 0.9847 -0.1452 -0.0962
vn 0.9134 -0.3348 -0.2316
vn 0.5825 -0.6654 -0.4669
vn 0.9993 -0.0376 0.0029
vn 0.9973 -0.0687 0.0264
vn 0.9998 0.0029 0.0181
vn 0.9988 -0.0269 0.0415
vn 0.9975 -0.0607 -0.0361
vn 0.9957 -0.0908 -0.0163
vn 0.9918 -0.1274 0.0128
vn 0.9838 -0.1706 0.0557
vn 0.9893 -0.1253 0.0748
vn 0.9920 -0.0821 0.0960
vn 0.9976 0.0592 0.0357
vn 0.9972 0.0676 0.0315
vn 0.9977 0.0570 0.0369
vn 0.9972 0.0679 0.0319
vn 0.9974 0.0624 0.0371
vn 0.9971 0.0693 0.0306
vn 0.9998 0.0161 0.0104
vn 0.9998 0.0162 0.0105
vn 0.9998 0.0169 0.0111
vn 0.9998 -0.0199 -0.0085
vn -0.3908 0.9204 0.0125
vn -0.7812 0.6235 -0.0297
vn -0.6891 0.7245 -0.0152
vn -0.0799 0.9963 0.0300
vn -0.0563 0.9978 0.0356
vn -0.9023 0.4297 -0.0341
vn -0.9345 0.3510 -0.0594
vn -0.9675 0.2441 -0.0665
vn -0.8941 0.4463 -0.0370
vn -0.5337 0.8457 0.0050
vn 0.3902 0.9206 0.0126
vn 0.7812 0.6236 -0.0296
vn 0.6891 0.7245 -0.0152
vn 0.0799 0.9963 0.0300
vn 0.5337 0.8457 0.0050
vn 0.8941 0.4463 -0.0370
vn 0.9675 0.2441 -0.0665
vn 0.9345 0.3510 -0.0594
vn 0.9019 0.4305 -0.0340
vn 0.0563 0.9978 0.0356
vn -0.4959 -0.8346 -0.2397
vn -0.8750 -0.4657 -0.1323
vn -0.4263 -0.9033 -0.0481
vn -0.8318 -0.5545 -0.0260
vn -0.0955 -0.8138 -0.5732
vn -0.5825 -0.6654 -0.4669
vn -0.9134 -0.3348 -0.2316
vn -0.9847 -0.1452 -0.0962
vn -0.9767 -0.2075 -0.0543
vn -0.9645 -0.2639 -0.0042
vn -0.9433 -0.3261 0.0624
vn -0.7974 -0.5933 0.1102
vn -0.3917 -0.9054 0.1636
vn -0.0552 -0.9828 0.1764
vn -0.0619 -0.9966 -0.0537
vn -0.0758 -0.9584 -0.2750
vn -0.9993 -0.0376 0.0029
vn -0.9998 0.0029 0.0181
vn -0.9973 -0.0687 0.0264
vn -0.9988 -0.0269 0.0415
vn -0.9975 -0.0607 -0.0361
vn -0.9998 -0.0199 -0.0085
vn -0.9998 0.0161 0.0104
vn -0.9976 0.0592 0.0357
vn -0.9972 0.0677 0.0316
vn -0.9971 0.0695 0.0307
vn -0.9977 0.0569 0.0368
vn -0.9920 -0.0821 0.0960
vn -0.9893 -0.1253 0.0748
vn -0.9838 -0.1706 0.0557
vn -0.9918 -0.1274 0.0128
vn -0.9957 -0.0908 -0.0163
vn 0.9959 0.0800 -0.0418
vn 0.9995 0.0206 -0.0258
vn 0.9957 0.0930 -0.0037
vn 0.9993 0.0360 0.0072
vn 0.9825 0.1610 -0.0936
vn 0.9914 0.0912 -0.0942
vn 0.9969 0.0220 -0.0755
vn 0.9981 -0.0264 -0.0548
vn 0.9999 -0.0073 -0.0152
vn 0.9998 0.0171 0.0112
vn 0.9973 0.0629 0.0384
vn 0.9966 0.0716 0.0400
vn 0.9974 0.0612 0.0381
vn 0.9965 0.0734 0.0404
vn 0.9911 0.1287 0.0344
vn 0.9655 0.2595 0.0212
vn 0.9766 0.2141 -0.0201
vn 0.9811 0.1845 -0.0588
vn 0.4942 0.4194 -0.7615
vn 0.5363 0.1957 -0.8210
vn 0.8711 0.2473 -0.4243
vn 0.8959 0.0996 -0.4330
vn 0.0844 0.5582 -0.8254
vn 0.0746 0.4767 -0.8759
vn 0.0842 0.2345 -0.9685
vn 0.1059 -0.3202 -0.9414
vn 0.6229 -0.2564 -0.7391
vn 0.9287 -0.1282 -0.3480
vn 0.9880 -0.0590 -0.1430
vn 0.9816 0.0424 -0.1862
vn 0.9701 0.1369 -0.2004
vn 0.9730 0.1637 -0.1629
vn 0.9036 0.2603 -0.3401
vn 0.5517 0.4744 -0.6860
vn -0.9979 -0.0076 -0.0639
vn -0.9979 -0.0075 -0.0639
vn -0.9980 -0.0037 -0.0634
vn -0.9981 0.0001 -0.0618
vn -0.9981 0.0002 -0.0617
vn -0.9998 -0.0025 -0.0213
vn -0.9998 -0.0024 -0.0213
vn -0.9998 -0.0008 -0.0212
vn -0.9998 0.0007 -0.0206
vn -0.9874 -0.0222 -0.1564
vn -0.9879 -0.0280 -0.1528
vn -0.9875 -0.0189 -0.1566
vn -0.9875 -0.0190 -0.1566
vn -0.9878 -0.0116 -0.1554
vn -0.9878 -0.0115 -0.1554
vn -0.9889 0.0007 -0.1489
vn -0.9881 -0.0072 -0.1539
vn -0.9898 0.0090 -0.1420
vn -0.9889 0.0012 -0.1485
vn -0.9983 0.0064 -0.0573
vn -0.9982 0.0022 -0.0605
vn -0.9998 0.0029 -0.0194
vn -0.9998 0.0030 -0.0194
vn -1.0000 0.0002 -0.0030
vn -1.0000 0.0001 -0.0015
vn -1.0000 0.0016 -0.0011
vn -1.0000 0.0017 -0.0025
vn -1.0000 -0.0000 -0.0030
vn -1.0000 -0.0000 -0.0016
vn -1.0000 -0.0004 -0.0030
vn -1.0000 -0.0002 -0.0016
vn -1.0000 -0.0026 -0.0024
vn -1.0000 -0.0024 -0.0009
vn -0.9998 -0.0056 -0.0203
vn -0.9998 -0.0055 -0.0203
vn -0.9979 -0.0095 -0.0636
vn -0.9980 -0.0118 -0.0625
vn 0.3372 0.1009 -0.9360
vn 0.7502 0.0741 -0.6570
vn 0.3599 0.2389 -0.9019
vn 0.7768 0.1669 -0.6072
vn 0.0458 0.0255 -0.9986
vn 0.3244 0.0252 -0.9456
vn 0.7331 0.0209 -0.6798
vn 0.9397 0.0142 -0.3418
vn 0.9455 0.0428 -0.3228
vn 0.9519 0.0929 -0.2920
vn 0.9527 0.1726 -0.2500
vn 0.8210 0.3213 -0.4720
vn 0.4177 0.5054 -0.7550
vn 0.0595 0.5538 -0.8305
vn 0.0507 0.2545 -0.9658
vn 0.0476 0.1063 -0.9932
vn -0.0155 -0.8870 0.4616
vn -0.1145 -0.8833 0.4546
vn -0.3375 -0.8422 0.4205
vn -0.6694 -0.6726 0.3156
vn 0.0155 -0.8870 0.4616
vn 0.6697 -0.6723 0.3153
vn 0.3374 -0.8422 0.4205
vn 0.1145 -0.8833 0.4546
vn -1.0000 -0.0000 -0.0000
vn -1.0000 -0.0024 0.0006
vn -1.0000 0.0015 0.0004
vn -1.0000 0.0017 0.0004
vn -1.0000 0.0020 0.0004
vn -1.0000 0.0023 0.0004
vn -1.0000 -0.0004 0.0024
vn -1.0000 -0.0004 0.0019
vn -1.0000 0.0002 0.0011
vn -1.0000 -0.0032 0.0008
vn -1.0000 -0.0033 0.0020
vn -1.0000 -0.0027 0.0007
vn 0.1833 -0.5608 -0.8074
vn 0.1808 -0.5711 -0.8007
vn 0.1810 -0.5707 -0.8010
vn -0.3388 -0.5886 -0.7340
vn 0.1881 -0.6445 -0.7411
vn -0.3191 -0.6681 -0.6722
vn 0.6118 -0.4193 -0.6707
vn 0.6085 -0.4284 -0.6679
vn 0.6122 -0.4182 -0.6711
vn 0.1834 -0.5604 -0.8077
vn -0.3494 -0.5675 -0.7456
vn -0.7965 -0.3971 -0.4560
vn -0.7713 -0.4444 -0.4555
vn -0.7310 -0.5372 -0.4208
vn -0.6547 -0.6711 -0.3479
vn -0.2839 -0.8095 -0.5139
vn 0.2110 -0.7837 -0.5842
vn 0.5744 -0.6231 -0.5309
vn 0.6025 -0.4997 -0.6223
vn 0.6081 -0.4297 -0.6675
vn 1.0000 -0.0034 0.0020
vn 1.0000 0.0002 0.0011
vn 1.0000 0.0005 0.0025
vn 1.0000 0.0007 0.0024
vn 1.0000 -0.0004 0.0027
vn 1.0000 -0.0001 0.0025
vn 1.0000 -0.0004 0.0024
vn 1.0000 -0.0004 0.0019
vn 1.0000 -0.0006 0.0025
vn 1.0000 0.0001 0.0025
vn 0.2969 -0.1089 -0.9487
vn 0.6983 -0.0803 -0.7113
vn 0.3027 -0.0702 -0.9505
vn 0.7059 -0.0497 -0.7066
vn 0.0417 -0.1411 -0.9891
vn 0.0414 -0.1349 -0.9900
vn 0.2959 -0.1293 -0.9464
vn 0.2959 -0.1292 -0.9465
vn 0.2975 -0.1352 -0.9451
vn 0.6970 -0.0976 -0.7104
vn 0.6969 -0.0974 -0.7105
vn 0.7018 -0.1076 -0.7042
vn 0.9270 -0.0517 -0.3715
vn 0.9272 -0.0460 -0.3718
vn 0.9272 -0.0459 -0.3718
vn 0.9289 -0.0590 -0.3657
vn 0.9274 -0.0404 -0.3719
vn 0.9302 -0.0229 -0.3664
vn 0.9345 -0.0041 -0.3559
vn 0.7182 -0.0146 -0.6957
vn 0.3124 -0.0240 -0.9497
vn 0.0440 -0.0265 -0.9987
vn 0.0425 -0.0746 -0.9963
vn 0.0416 -0.1145 -0.9926
vn 0.3190 -0.5797 -0.7498
vn -0.5032 -0.5159 -0.6933
vn 0.2283 -0.6078 -0.7606
vn -0.3933 -0.5812 -0.7124
vn 0.8655 -0.1962 -0.4610
vn 0.4640 -0.5308 -0.7092
vn -0.6753 -0.4002 -0.6195
vn -0.9747 0.1336 -0.1792
vn -0.9423 -0.0857 -0.3235
vn -0.8657 -0.2918 -0.4068
vn -0.8172 -0.3739 -0.4387
vn -0.3560 -0.5860 -0.7279
vn 0.1934 -0.5938 -0.7810
vn 0.6215 -0.4465 -0.6437
vn 0.6665 -0.4292 -0.6095
vn 0.7670 -0.3247 -0.5533
vn -0.9293 -0.0221 0.3687
vn -0.8886 0.0100 0.4586
vn -0.8520 -0.3930 0.3460
vn -0.8028 -0.4341 0.4087
vn -0.9467 0.0972 0.3071
vn -0.9469 0.0951 0.3071
vn -0.9456 0.1068 0.3073
vn -0.9200 0.1226 0.3723
vn -0.8693 0.1752 0.4623
vn -0.8696 0.1741 0.4621
vn -0.8681 0.1798 0.4628
vn -0.7921 0.1013 0.6020
vn -0.7328 -0.3993 0.5510
vn -0.4567 -0.8499 0.2629
vn -0.5296 -0.8069 0.2616
vn -0.6328 -0.7202 0.2843
vn -0.8969 -0.3153 0.3099
vn -0.9514 -0.0202 0.3074
vn 1.0000 -0.0000 -0.0000
vn 1.0000 -0.0024 -0.0009
vn 1.0000 -0.0002 -0.0016
vn 1.0000 -0.0024 0.0006
vn 1.0000 -0.0027 0.0007
vn 1.0000 -0.0032 0.0008
vn 1.0000 0.0020 0.0004
vn 1.0000 0.0023 0.0003
vn 1.0000 0.0017 0.0004
vn 1.0000 0.0015 0.0004
vn 1.0000 0.0001 -0.0015
vn 1.0000 0.0016 -0.0011
vn 1.0000 -0.0000 -0.0016
vn -0.9998 0.0194 0.0078
vn -0.9997 0.0237 0.0083
vn -0.9997 0.0222 0.0083
vn -0.9998 0.0204 0.0082
vn -0.9983 0.0512 0.0264
vn -0.9977 0.0608 0.0299
vn -0.9974 0.0650 0.0302
vn -0.9980 0.0562 0.0294
vn -0.9996 0.0275 0.0075
vn -0.9997 0.0241 0.0082
vn -0.9968 0.0746 0.0279
vn -0.9974 0.0655 0.0301
vn -1.0000 0.0031 0.0008
vn -1.0000 0.0029 -0.0008
vn -0.9998 0.0177 0.0055
vn -0.9998 0.0182 0.0071
vn -0.9987 0.0476 0.0196
vn -0.9984 0.0507 0.0257
vn -0.9902 0.1197 0.0725
vn -0.9880 0.1313 0.0813
vn -0.9852 0.1495 0.0833
vn -0.9823 0.1709 0.0769
vn -0.9968 0.0752 0.0277
vn -0.9996 0.0279 0.0074
vn -1.0000 0.0042 0.0008
vn -1.0000 0.0045 0.0007
vn -1.0000 0.0036 0.0009
vn 0.1803 -0.8308 0.5265
vn 0.1581 -0.8408 0.5178
vn 0.4988 -0.7370 0.4560
vn 0.4488 -0.7663 0.4598
vn 0.0275 -0.8467 0.5314
vn 0.0260 -0.8447 0.5347
vn 0.0260 -0.8447 0.5346
vn 0.0230 -0.8461 0.5326
vn 0.0214 -0.8494 0.5273
vn 0.0181 -0.8664 0.4990
vn 0.1344 -0.8605 0.4915
vn 0.3910 -0.8045 0.4471
vn 0.7325 -0.6033 0.3154
vn 0.7868 -0.5371 0.3041
vn 0.8258 -0.4865 0.2854
vn 0.8546 -0.4489 0.2611
vn 0.5426 -0.7170 0.4377
vn 0.2014 -0.8311 0.5183
vn 0.9998 0.0194 0.0078
vn 0.9998 0.0204 0.0082
vn 0.9997 0.0222 0.0083
vn 0.9997 0.0237 0.0083
vn 0.9997 0.0240 0.0082
vn 0.9996 0.0276 0.0074
vn 0.9983 0.0512 0.0264
vn 0.9980 0.0562 0.0294
vn 0.9974 0.0650 0.0302
vn 0.9977 0.0608 0.0299
vn 0.9974 0.0656 0.0301
vn 0.9968 0.0746 0.0279
vn 1.0000 0.0029 -0.0008
vn 1.0000 0.0031 0.0008
vn 1.0000 0.0036 0.0009
vn 1.0000 0.0042 0.0008
vn 1.0000 0.0045 0.0007
vn 0.9996 0.0279 0.0073
vn 0.9968 0.0752 0.0277
vn 0.9823 0.1709 0.0769
vn 0.9852 0.1495 0.0833
vn 0.9880 0.1313 0.0813
vn 0.9902 0.1197 0.0725
vn 0.9987 0.0476 0.0196
vn 0.9984 0.0507 0.0257
vn 0.9998 0.0177 0.0055
vn 0.9998 0.0182 0.0071
vn -0.1803 -0.8308 0.5265
vn -0.4988 -0.7370 0.4560
vn -0.1581 -0.8408 0.5178
vn -0.4488 -0.7663 0.4598
vn -0.0275 -0.8467 0.5314
vn -0.0260 -0.8447 0.5346
vn -0.0260 -0.8447 0.5347
vn -0.2014 -0.8311 0.5183
vn -0.5426 -0.7170 0.4377
vn -0.8546 -0.4489 0.2611
vn -0.8258 -0.4865 0.2854
vn -0.7868 -0.5371 0.3041
vn -0.7325 -0.6033 0.3154
vn -0.3910 -0.8045 0.4471
vn -0.1344 -0.8605 0.4915
vn -0.0181 -0.8664 0.4990
vn -0.0230 -0.8461 0.5326
vn -0.0214 -0.8494 0.5273
vn 0.9985 0.0200 -0.0506
vn 0.9998 0.0176 -0.0131
vn 0.9981 0.0487 -0.0380
vn 0.9989 0.0463 0.0007
vn 0.9889 0.0012 -0.1485
vn 0.9898 0.0092 -0.1418
vn 0.9898 0.0090 -0.1420
vn 0.9982 0.0021 -0.0605
vn 0.9983 0.0065 -0.0572
vn 0.9983 0.0064 -0.0573
vn 0.9998 0.0030 -0.0194
vn 0.9998 0.0045 -0.0186
vn 0.9998 0.0029 -0.0194
vn 1.0000 0.0017 -0.0025
vn 1.0000 0.0030 -0.0021
vn 0.9998 0.0170 0.0034
vn 0.9987 0.0474 0.0192
vn 0.9920 0.1118 0.0578
vn 0.9937 0.1076 0.0316
vn 0.9941 0.1076 -0.0151
vn 0.9900 0.1098 -0.0884
vn 0.9916 0.0585 -0.1157
vn 0.9909 0.0261 -0.1317
vn 0.2631 -0.9199 0.2908
vn 0.2398 -0.8705 0.4298
vn 0.6573 -0.7211 0.2190
vn 0.6165 -0.7088 0.3428
vn 0.0422 -0.9986 -0.0316
vn 0.0358 -0.9523 0.3032
vn 0.0329 -0.8954 0.4440
vn 0.0303 -0.8614 0.5070
vn 0.2215 -0.8416 0.4926
vn 0.5813 -0.7057 0.4052
vn 0.8767 -0.4217 0.2313
vn 0.8949 -0.4067 0.1837
vn 0.9100 -0.4017 0.1028
vn 0.9116 -0.4105 -0.0203
vn 0.7138 -0.6998 -0.0293
vn 0.3100 -0.9502 -0.0319
vn -0.9985 0.0200 -0.0506
vn -0.9981 0.0487 -0.0380
vn -0.9998 0.0176 -0.0131
vn -0.9989 0.0463 0.0007
vn -0.9898 0.0092 -0.1418
vn -0.9909 0.0261 -0.1317
vn -0.9916 0.0585 -0.1157
vn -0.9900 0.1098 -0.0884
vn -0.9941 0.1076 -0.0151
vn -0.9937 0.1076 0.0316
vn -0.9920 0.1118 0.0578
vn -0.9987 0.0474 0.0192
vn -0.9998 0.0170 0.0034
vn -1.0000 0.0030 -0.0021
vn -0.9998 0.0045 -0.0186
vn -0.9983 0.0065 -0.0572
vn 0.9979 -0.0076 -0.0639
vn 0.9980 -0.0037 -0.0634
vn 0.9979 -0.0075 -0.0639
vn 0.9998 -0.0025 -0.0213
vn 0.9998 -0.0008 -0.0212
vn 0.9998 -0.0024 -0.0213
vn 0.9981 0.0002 -0.0617
vn 0.9981 0.0001 -0.0618
vn 0.9998 0.0007 -0.0206
vn 0.9874 -0.0222 -0.1564
vn 0.9875 -0.0190 -0.1566
vn 0.9875 -0.0189 -0.1566
vn 0.9879 -0.0280 -0.1528
vn 0.9979 -0.0095 -0.0636
vn 0.9980 -0.0118 -0.0625
vn 0.9998 -0.0056 -0.0203
vn 0.9998 -0.0055 -0.0203
vn 1.0000 -0.0026 -0.0024
vn 1.0000 -0.0004 -0.0030
vn 1.0000 -0.0000 -0.0030
vn 1.0000 0.0002 -0.0030
vn 0.9881 -0.0072 -0.1539
vn 0.9889 0.0007 -0.1489
vn 0.9878 -0.0115 -0.1554
vn 0.9878 -0.0116 -0.1554
vn -0.2631 -0.9199 0.2908
vn -0.6573 -0.7211 0.2190
vn -0.2398 -0.8705 0.4298
vn -0.6165 -0.7088 0.3428
vn -0.0423 -0.9986 -0.0316
vn -0.3100 -0.9502 -0.0319
vn -0.7138 -0.6998 -0.0293
vn -0.9116 -0.4105 -0.0203
vn -0.9100 -0.4017 0.1028
vn -0.8949 -0.4067 0.1837
vn -0.8767 -0.4217 0.2313
vn -0.5813 -0.7057 0.4052
vn -0.2214 -0.8416 0.4926
vn -0.0303 -0.8614 0.5070
vn -0.0329 -0.8954 0.4440
vn -0.0358 -0.9523 0.3032
vn 0.9962 -0.0826 -0.0290
vn 0.9969 -0.0773 0.0131
vn 0.9981 -0.0350 -0.0516
vn 0.9995 -0.0289 -0.0105
vn 0.9800 -0.1880 -0.0647
vn 0.9832 -0.1819 0.0158
vn 0.9813 -0.1807 0.0663
vn 0.9775 -0.1888 0.0942
vn 0.9963 -0.0794 0.0331
vn 0.9958 -0.0835 0.0367
vn 0.9954 -0.0871 0.0400
vn 0.9996 -0.0275 0.0073
vn 0.9995 -0.0288 0.0092
vn 0.9995 -0.0287 0.0091
vn 1.0000 -0.0046 -0.0018
vn 1.0000 -0.0045 -0.0003
vn 0.9998 -0.0078 -0.0195
vn 0.9980 -0.0145 -0.0613
vn 0.9879 -0.0281 -0.1527
vn 0.9888 -0.0509 -0.1402
vn 0.9883 -0.1026 -0.1132
vn 0.9947 -0.0931 0.0426
vn 0.9941 -0.0989 0.0449
vn 0.9941 -0.0991 0.0450
vn 0.9920 -0.1156 0.0499
vn 0.9994 -0.0323 0.0118
vn 0.9994 -0.0321 0.0118
vn 0.9991 -0.0401 0.0138
vn 0.9993 -0.0346 0.0125
vn 0.9987 -0.0479 0.0153
vn 0.9991 -0.0408 0.0139
vn 0.9724 -0.2058 0.1095
vn 0.9654 -0.2304 0.1224
vn 0.9547 -0.2651 0.1350
vn 0.9378 -0.3145 0.1474
vn 0.9887 -0.1391 0.0552
vn 0.9983 -0.0558 0.0183
vn 0.9987 -0.0490 0.0156
vn 1.0000 -0.0066 0.0016
vn 1.0000 -0.0071 0.0019
vn 1.0000 -0.0055 0.0014
vn 1.0000 -0.0047 0.0013
vn -0.7151 0.5641 0.4128
vn -0.6550 0.5983 0.4614
vn -0.8761 0.2818 0.3912
vn -0.8217 0.3219 0.4704
vn -0.4947 0.7750 0.3933
vn -0.4496 0.8007 0.3958
vn -0.8676 0.1814 0.4630
vn -0.9174 0.1385 0.3731
vn -0.9454 0.1089 0.3073
vn -0.9144 0.2347 0.3299
vn -0.7734 0.5105 0.3759
vn -0.9596 0.2678 0.0866
vn -0.9406 0.3013 0.1568
vn -0.9931 0.0900 0.0749
vn -0.9805 0.1287 0.1484
vn -0.9039 0.4275 0.0143
vn -0.8323 0.5443 0.1050
vn -0.7911 0.5876 0.1699
vn -0.7665 0.6057 0.2136
vn -0.9310 0.3106 0.1918
vn -0.9747 0.1345 0.1785
vn -0.9746 0.1340 0.1794
vn -0.9741 0.1313 0.1840
vn -0.9820 0.0657 0.1769
vn -0.9819 0.0636 0.1782
vn -0.9820 0.0625 0.1782
vn -0.9877 0.0536 0.1472
vn -0.9976 0.0053 0.0695
vn -0.9872 -0.1205 -0.1043
vn -0.9959 -0.0240 -0.0870
vn -0.9836 0.1729 -0.0519
vn 0.3253 -0.4004 -0.8567
vn 0.7394 -0.2936 -0.6059
vn 0.3077 -0.2144 -0.9270
vn 0.7154 -0.1619 -0.6797
vn 0.0480 -0.7842 -0.6187
vn 0.3474 -0.7375 -0.5791
vn 0.7559 -0.5189 -0.3992
vn 0.9289 -0.2953 -0.2233
vn 0.9396 -0.1672 -0.2987
vn 0.9341 -0.0919 -0.3450
vn 0.9289 -0.0593 -0.3655
vn 0.7019 -0.1078 -0.7041
vn 0.2993 -0.1414 -0.9436
vn 0.0419 -0.1472 -0.9882
vn 0.0430 -0.2242 -0.9736
vn 0.0452 -0.4211 -0.9059
vn 0.9142 -0.3733 0.1577
vn 1.0000 -0.0072 0.0042
vn 0.9982 -0.0564 0.0185
vn 0.9842 -0.1663 0.0611
vn 0.9331 -0.2434 -0.2647
vn 0.8559 -0.2549 -0.4500
vn 0.8559 -0.2445 -0.4557
vn 0.8559 -0.2464 -0.4546
vn 0.8558 -0.2565 -0.4492
vn 0.8460 -0.3319 -0.4173
vn 0.8209 -0.4525 -0.3485
vn 0.8888 -0.4100 -0.2046
vn 0.9122 -0.3983 -0.0964
vn 0.9040 -0.4254 -0.0432
vn -0.9331 -0.2434 -0.2647
vn -0.9040 -0.4254 -0.0433
vn -0.9122 -0.3983 -0.0964
vn -0.8888 -0.4100 -0.2046
vn -0.8209 -0.4525 -0.3485
vn -0.8460 -0.3319 -0.4173
vn -0.8559 -0.2549 -0.4500
vn -0.8558 -0.2565 -0.4492
vn -0.8560 -0.2464 -0.4546
vn -0.8560 -0.2444 -0.4556
vn -0.1833 -0.5608 -0.8074
vn -0.1810 -0.5707 -0.8010
vn -0.1809 -0.5711 -0.8007
vn -0.1881 -0.6445 -0.7411
vn 0.3388 -0.5886 -0.7340
vn 0.3191 -0.6681 -0.6722
vn -0.6122 -0.4182 -0.6711
vn -0.6085 -0.4284 -0.6679
vn -0.6118 -0.4194 -0.6707
vn -0.6081 -0.4297 -0.6675
vn -0.6025 -0.4997 -0.6223
vn -0.5744 -0.6231 -0.5309
vn -0.2110 -0.7837 -0.5842
vn 0.2839 -0.8095 -0.5139
vn 0.6547 -0.6711 -0.3479
vn 0.7310 -0.5372 -0.4208
vn 0.7713 -0.4444 -0.4555
vn 0.7965 -0.3971 -0.4560
vn 0.3494 -0.5675 -0.7456
vn -0.1834 -0.5604 -0.8077
vn 0.9293 -0.0221 0.3687
vn 0.8520 -0.3930 0.3460
vn 0.8886 0.0101 0.4586
vn 0.8029 -0.4338 0.4088
vn 0.9467 0.0972 0.3071
vn 0.9456 0.1068 0.3073
vn 0.9469 0.0951 0.3071
vn 0.9514 -0.0202 0.3074
vn 0.8969 -0.3153 0.3099
vn 0.6328 -0.7202 0.2843
vn 0.5296 -0.8069 0.2616
vn 0.4560 -0.8504 0.2623
vn 0.7329 -0.3988 0.5512
vn 0.7921 0.1013 0.6020
vn 0.8696 0.1741 0.4621
vn 0.8693 0.1752 0.4622
vn 0.8681 0.1797 0.4628
vn 0.9200 0.1226 0.3723
vn -0.2222 -0.9709 0.0896
vn -0.1923 -0.9450 0.2644
vn 0.3235 -0.9462 0.0087
vn 0.3359 -0.9240 0.1830
vn -0.6330 -0.7677 -0.0999
vn -0.6732 -0.7320 0.1052
vn -0.6635 -0.7066 0.2460
vn -0.6306 -0.7090 0.3155
vn -0.1621 -0.9264 0.3398
vn 0.3229 -0.9102 0.2594
vn 0.6997 -0.7067 0.1052
vn 0.7260 -0.6868 0.0339
vn 0.7111 -0.6953 -0.1043
vn 0.6296 -0.7209 -0.2896
vn 0.2711 -0.9218 -0.2771
vn -0.2475 -0.9476 -0.2019
vn 0.1865 0.9803 0.0649
vn 0.1406 0.9836 0.1126
vn -0.2348 0.9644 0.1215
vn -0.1835 0.9710 0.1535
vn 0.8010 0.5868 -0.1188
vn 0.6462 0.7617 -0.0472
vn 0.1188 0.9797 0.1613
vn -0.1589 0.9674 0.1970
vn -0.4505 0.8662 0.2164
vn -0.4924 0.8535 0.1706
vn -0.5732 0.8100 0.1236
vn -0.7007 0.7075 0.0918
vn -0.3244 0.9396 0.1089
vn 0.2852 0.9582 0.0223
vn -0.9933 -0.1007 0.0572
vn -0.9893 -0.0366 0.1414
vn -0.9749 -0.2141 0.0609
vn -0.9769 -0.1530 0.1492
vn -0.9789 -0.1670 -0.1176
vn -0.9973 -0.0371 0.0634
vn -0.9892 0.0232 0.1449
vn -0.9832 0.0482 0.1762
vn -0.9831 0.0488 0.1765
vn -0.9847 -0.0076 0.1743
vn -0.9846 -0.0069 0.1749
vn -0.9840 -0.0027 0.1783
vn -0.9739 -0.1298 0.1863
vn -0.9736 -0.1304 0.1874
vn -0.9715 -0.1342 0.1952
vn -0.9029 -0.3606 0.2340
vn -0.9112 -0.3687 0.1839
vn -0.9058 -0.4159 0.0813
vn -0.8713 -0.4843 -0.0800
vn -0.9334 -0.3383 -0.1193
vn -0.9647 -0.2311 -0.1265
vn 0.7152 0.5640 0.4128
vn 0.8761 0.2818 0.3912
vn 0.6550 0.5983 0.4614
vn 0.8219 0.3214 0.4702
vn 0.4949 0.7749 0.3932
vn 0.7734 0.5105 0.3759
vn 0.9144 0.2347 0.3299
vn 0.9454 0.1089 0.3073
vn 0.9174 0.1385 0.3731
vn 0.8676 0.1813 0.4629
vn 0.4497 0.8007 0.3958
vn -0.3190 -0.5797 -0.7498
vn -0.2283 -0.6078 -0.7606
vn 0.5032 -0.5159 -0.6933
vn 0.3933 -0.5812 -0.7124
vn -0.8655 -0.1961 -0.4610
vn -0.7670 -0.3248 -0.5533
vn -0.6665 -0.4292 -0.6096
vn -0.6215 -0.4465 -0.6437
vn -0.1934 -0.5938 -0.7810
vn 0.3560 -0.5860 -0.7279
vn 0.8172 -0.3739 -0.4387
vn 0.8657 -0.2918 -0.4068
vn 0.9423 -0.0857 -0.3235
vn 0.9747 0.1336 -0.1792
vn 0.6753 -0.4002 -0.6195
vn -0.4640 -0.5308 -0.7092
vn 0.9596 0.2678 0.0866
vn 0.9931 0.0900 0.0749
vn 0.9406 0.3013 0.1568
vn 0.9805 0.1287 0.1484
vn 0.9039 0.4275 0.0143
vn 0.9836 0.1729 -0.0519
vn 0.9959 -0.0240 -0.0870
vn 0.9872 -0.1205 -0.1043
vn 0.9976 0.0053 0.0695
vn 0.9877 0.0536 0.1472
vn 0.9820 0.0657 0.1769
vn 0.9747 0.1345 0.1785
vn 0.9741 0.1313 0.1840
vn 0.9746 0.1341 0.1793
vn 0.9310 0.3106 0.1918
vn 0.7665 0.6057 0.2136
vn 0.7911 0.5876 0.1699
vn 0.8323 0.5443 0.1050
vn 0.2222 -0.9709 0.0896
vn -0.3235 -0.9462 0.0087
vn 0.1923 -0.9450 0.2644
vn -0.3359 -0.9240 0.1830
vn 0.6330 -0.7677 -0.0999
vn 0.2475 -0.9476 -0.2019
vn -0.2711 -0.9218 -0.2771
vn -0.6296 -0.7209 -0.2896
vn -0.7111 -0.6953 -0.1043
vn -0.7260 -0.6868 0.0339
vn -0.6997 -0.7067 0.1052
vn -0.3229 -0.9102 0.2594
vn 0.1621 -0.9264 0.3398
vn 0.6306 -0.7090 0.3155
vn 0.6635 -0.7066 0.2460
vn 0.6732 -0.7320 0.1052
vn -0.1865 0.9803 0.0649
vn 0.2348 0.9644 0.1215
vn -0.1406 0.9836 0.1126
vn 0.1835 0.9710 0.1535
vn -0.8010 0.5868 -0.1188
vn -0.2852 0.9582 0.0223
vn 0.3244 0.9396 0.1089
vn 0.7007 0.7075 0.0918
vn 0.5732 0.8100 0.1236
vn 0.4924 0.8535 0.1706
vn 0.4505 0.8662 0.2164
vn 0.1589 0.9674 0.1970
vn -0.1188 0.9797 0.1613
vn -0.6462 0.7617 -0.0472
vn 0.9933 -0.1007 0.0572
vn 0.9749 -0.2141 0.0609
vn 0.9893 -0.0366 0.1413
vn 0.9769 -0.1530 0.1492
vn 0.9789 -0.1670 -0.1176
vn 0.9647 -0.2311 -0.1265
vn 0.9334 -0.3383 -0.1193
vn 0.8713 -0.4843 -0.0800
vn 0.9058 -0.4159 0.0813
vn 0.9112 -0.3687 0.1839
vn 0.9029 -0.3606 0.2340
vn 0.9739 -0.1298 0.1863
vn 0.9715 -0.1342 0.1952
vn 0.9736 -0.1304 0.1874
vn 0.9847 -0.0076 0.1743
vn 0.9840 -0.0027 0.1783
vn 0.9846 -0.0070 0.1748
vn 0.9832 0.0482 0.1762
vn 0.9823 0.0497 0.1806
vn 0.9831 0.0488 0.1765
vn 0.9892 0.0232 0.1449
vn 0.9973 -0.0371 0.0634
vn 0.9083 0.3416 0.2416
vn 0.9705 0.1368 0.1986
vn 0.8786 0.3835 0.2848
vn 0.9606 0.1566 0.2296
vn 0.7390 0.6238 0.2542
vn 0.9239 0.3185 0.2121
vn 0.9740 0.1308 0.1849
vn 0.9820 0.0619 0.1784
vn 0.9808 0.0620 0.1850
vn 0.9807 0.0629 0.1852
vn 0.9806 0.0620 0.1862
vn 0.9806 0.0612 0.1863
vn 0.9749 0.0700 0.2115
vn 0.9749 0.0692 0.2117
vn 0.9749 0.0659 0.2126
vn 0.9635 0.0860 0.2536
vn 0.9636 0.0848 0.2537
vn 0.9639 0.0789 0.2542
vn 0.9421 0.1904 0.2759
vn 0.8323 0.4426 0.3337
vn 0.5600 0.7340 0.3843
vn 0.6340 0.6894 0.3504
vn 0.6957 0.6517 0.3022
vn 0.1004 -0.9395 0.3276
vn -0.2646 -0.9322 0.2471
vn 0.0695 -0.9555 0.2866
vn -0.2347 -0.9497 0.2073
vn 0.5806 -0.7421 0.3349
vn 0.1316 -0.9283 0.3477
vn -0.2954 -0.9171 0.2676
vn -0.6445 -0.7542 0.1260
vn -0.5835 -0.8038 0.1159
vn -0.2139 -0.9656 0.1477
vn 0.0409 -0.9733 0.2259
vn 0.3469 -0.8959 0.2776
vn 0.4343 -0.8425 0.3188
vn 0.5143 -0.7891 0.3359
vn 0.1198 0.9418 0.3140
vn 0.0997 0.9300 0.3539
vn 0.1393 0.9566 0.2560
vn 0.4121 0.8700 0.2706
vn 0.3654 0.8716 0.3267
vn 0.3185 0.8736 0.3680
vn 0.2839 0.8799 0.3811
vn 0.9821 -0.0021 0.1885
vn 0.9818 -0.0020 0.1901
vn 0.9836 -0.0019 0.1803
vn 0.9650 -0.1540 0.2123
vn 0.9761 -0.0044 0.2171
vn 0.9525 -0.1871 0.2404
vn 0.9823 0.0535 0.1795
vn 0.9712 -0.1349 0.1965
vn 0.8858 -0.3889 0.2532
vn 0.8556 -0.4405 0.2719
vn 0.8062 -0.5150 0.2912
vn 0.7318 -0.6126 0.2987
vn 0.9308 -0.2402 0.2757
vn 0.9661 -0.0105 0.2578
vn 0.9640 0.0777 0.2543
vn 0.9749 0.0651 0.2128
vn 0.9807 0.0570 0.1871
vn 0.9831 -0.1279 0.1308
vn 0.9778 -0.0827 0.1925
vn 0.9969 -0.0065 0.0787
vn 0.9895 0.0290 0.1415
vn 0.9373 -0.3312 0.1087
vn 0.9156 -0.3400 0.2149
vn 0.9098 -0.2985 0.2884
vn 0.9067 -0.2455 0.3429
vn 0.9738 -0.0463 0.2227
vn 0.9850 0.0539 0.1637
vn 0.9850 0.0542 0.1637
vn 0.9840 0.0653 0.1657
vn 0.9852 0.0948 0.1430
vn 0.9849 0.1037 0.1384
vn 0.9850 0.1005 0.1404
vn 0.9851 0.0993 0.1406
vn 0.9897 0.0785 0.1194
vn 0.9974 0.0520 0.0496
vn 0.9933 0.0128 -0.1148
vn 0.9963 -0.0530 -0.0677
vn 0.9840 -0.1781 0.0067
vn -0.9664 -0.2408 0.0900
vn -0.9707 -0.2329 0.0594
vn -0.9830 -0.1729 -0.0614
vn -0.9851 -0.1585 -0.0663
vn -0.8356 -0.3482 0.4249
vn -0.8650 -0.3342 0.3743
vn -0.8849 -0.3544 0.3023
vn -0.8927 -0.3940 0.2189
vn -0.9710 -0.2381 0.0199
vn -0.9848 -0.1535 -0.0819
vn -0.9851 -0.1170 -0.1260
vn -0.9853 -0.1121 -0.1291
vn -0.9853 -0.1118 -0.1293
vn -0.9851 -0.1174 -0.1257
vn -0.9823 -0.1316 -0.1332
vn -0.9755 -0.1568 -0.1545
vn -0.9769 -0.2018 -0.0707
vn -0.9569 -0.2705 0.1057
vn -0.4223 -0.2001 -0.8841
vn 0.6115 -0.1960 -0.7666
vn -0.3081 -0.1642 -0.9371
vn 0.4912 -0.1368 -0.8602
vn -0.8823 -0.2742 -0.3826
vn -0.5855 -0.2092 -0.7832
vn 0.7632 -0.2272 -0.6049
vn 0.9608 -0.2604 -0.0947
vn 0.9460 -0.2056 -0.2507
vn 0.9133 -0.1044 -0.3937
vn 0.8801 -0.0509 -0.4720
vn 0.4354 -0.1262 -0.8914
vn -0.2536 -0.1751 -0.9513
vn -0.7067 -0.1789 -0.6845
vn -0.7515 -0.1856 -0.6330
vn -0.8175 -0.2493 -0.5191
vn -0.8327 -0.5493 -0.0696
vn -0.9094 -0.4117 0.0593
vn -0.8591 -0.4267 -0.2825
vn -0.9365 -0.3142 -0.1554
vn -0.3727 -0.9209 0.1141
vn -0.6752 -0.6567 0.3359
vn -0.7505 -0.4980 0.4345
vn -0.7971 -0.4064 0.4467
vn -0.9395 -0.3279 0.0997
vn -0.9637 -0.2480 -0.0986
vn -0.9618 -0.1942 -0.1929
vn -0.9337 -0.2481 -0.2581
vn -0.8554 -0.3440 -0.3872
vn -0.5060 -0.5500 -0.6644
vn -0.5067 -0.6611 -0.5533
vn -0.4800 -0.8080 -0.3417
vn -0.1965 -0.5066 0.8395
vn -0.1899 -0.3763 0.9068
vn 0.1990 -0.4512 0.8700
vn 0.1470 -0.3208 0.9357
vn -0.6158 -0.5949 0.5166
vn -0.5971 -0.4819 0.6413
vn -0.5576 -0.3970 0.7290
vn -0.5119 -0.3677 0.7764
vn -0.1776 -0.3196 0.9307
vn 0.1056 -0.2611 0.9595
vn 0.4074 -0.1909 0.8931
vn 0.4969 -0.2335 0.8358
vn 0.5818 -0.3249 0.7456
vn 0.6429 -0.4392 0.6275
vn 0.2496 -0.6182 0.7454
vn -0.1892 -0.6761 0.7121
vn -0.8058 -0.1431 -0.5746
vn -0.9010 -0.0838 -0.4257
vn -0.6787 0.1107 -0.7260
vn -0.7975 0.1518 -0.5840
vn -0.4923 -0.4418 -0.7500
vn -0.8453 -0.2778 -0.4564
vn -0.9275 -0.2000 -0.3159
vn -0.9574 -0.1567 -0.2427
vn -0.9393 -0.0575 -0.3382
vn -0.8623 0.1561 -0.4818
vn -0.6613 0.4526 -0.5982
vn -0.5710 0.4460 -0.6893
vn -0.4450 0.4178 -0.7922
vn -0.3537 0.0359 -0.9347
vn -0.4491 -0.2603 -0.8547
vn 0.0858 0.9494 -0.3020
vn 0.0570 0.9273 -0.3699
vn -0.2723 0.8947 -0.3541
vn -0.2418 0.8736 -0.4223
vn 0.5554 0.8138 -0.1712
vn 0.4894 0.8445 -0.2173
vn 0.4080 0.8663 -0.2882
vn 0.3195 0.8680 -0.3801
vn 0.0313 0.8898 -0.4553
vn -0.2123 0.8366 -0.5050
vn -0.4665 0.7028 -0.5371
vn -0.5365 0.7112 -0.4543
vn -0.6038 0.7000 -0.3814
vn -0.6647 0.6724 -0.3257
vn -0.3037 0.9014 -0.3087
vn 0.1146 0.9591 -0.2589
vn -0.9634 -0.2558 -0.0799
vn -0.9499 -0.2677 -0.1614
vn -0.9759 -0.1574 -0.1510
vn -0.9591 -0.1666 -0.2288
vn -0.8903 -0.4349 0.1353
vn -0.8859 -0.4603 0.0573
vn -0.8845 -0.4648 -0.0409
vn -0.8964 -0.4095 -0.1698
vn -0.9162 -0.2754 -0.2911
vn -0.9106 -0.1801 -0.3719
vn -0.8978 -0.1570 -0.4115
vn -0.9559 -0.1363 -0.2601
vn -0.9559 -0.1363 -0.2603
vn -0.9538 -0.1386 -0.2666
vn -0.9756 -0.1214 -0.1828
vn -0.9756 -0.1212 -0.1830
vn -0.9752 -0.1131 -0.1902
vn -0.9831 -0.1127 -0.1443
vn -0.9824 -0.1532 -0.1071
vn -0.9686 -0.2473 -0.0252
vn 0.9920 0.1263 -0.0060
vn 0.9871 0.1395 0.0786
vn 0.9732 0.2221 -0.0604
vn 0.9711 0.2371 0.0265
vn 0.9878 0.0436 -0.1493
vn 0.9964 0.0800 0.0283
vn 0.9894 0.0973 0.1076
vn 0.9849 0.1041 0.1382
vn 0.9848 0.1039 0.1392
vn 0.9834 0.1421 0.1125
vn 0.9834 0.1421 0.1127
vn 0.9832 0.1412 0.1156
vn 0.9679 0.2443 0.0597
vn 0.9678 0.2445 0.0596
vn 0.9658 0.2527 0.0588
vn 0.8876 0.4598 -0.0284
vn 0.8981 0.4356 -0.0606
vn 0.9018 0.4051 -0.1505
vn 0.8883 0.3487 -0.2989
vn 0.9504 0.1905 -0.2458
vn 0.9771 0.0922 -0.1915
vn -0.9719 -0.0323 -0.2333
vn -0.9791 -0.0290 -0.2012
vn -0.9360 0.1313 -0.3267
vn -0.9561 0.1141 -0.2698
vn -0.9720 -0.1262 -0.1982
vn -0.9799 -0.1047 -0.1699
vn -0.9836 -0.0927 -0.1545
vn -0.9846 -0.0899 -0.1497
vn -0.9837 -0.0925 -0.1541
vn -0.9831 -0.0955 -0.1564
vn -0.9846 -0.0901 -0.1499
vn -0.9830 -0.0334 -0.1808
vn -0.9692 0.0928 -0.2281
vn -0.8980 0.3338 -0.2866
vn -0.8599 0.3757 -0.3456
vn -0.8079 0.4118 -0.4215
vn -0.7410 0.4382 -0.5088
vn -0.9057 0.1453 -0.3982
vn -0.9596 -0.0424 -0.2782
vn -0.1198 0.9418 0.3140
vn -0.0997 0.9300 0.3539
vn -0.2838 0.8799 0.3811
vn -0.3185 0.8736 0.3681
vn -0.3654 0.8716 0.3267
vn -0.4121 0.8700 0.2706
vn -0.1393 0.9566 0.2560
vn 0.8111 0.0459 0.5832
vn 0.7290 0.0518 0.6825
vn 0.9097 0.1691 0.3792
vn 0.8519 0.2024 0.4829
vn 0.6544 -0.0865 0.7512
vn 0.5593 -0.1153 0.8209
vn 0.4723 -0.1294 0.8719
vn 0.4015 -0.1020 0.9102
vn 0.5921 0.0719 0.8027
vn 0.7275 0.2394 0.6430
vn 0.7709 0.3053 0.5590
vn 0.8815 0.2643 0.3912
vn 0.8836 0.2565 0.3917
vn 0.8818 0.2632 0.3913
vn 0.9297 0.2227 0.2932
vn 0.9306 0.2231 0.2902
vn 0.9298 0.2227 0.2929
vn 0.9549 0.1854 0.2320
vn 0.9547 0.1878 0.2310
vn 0.9549 0.1857 0.2318
vn 0.9420 0.1432 0.3035
vn 0.8711 0.0494 0.4886
vn 0.2067 0.8751 -0.4377
vn 0.1707 0.9385 -0.3002
vn -0.3517 0.7999 -0.4863
vn -0.3491 0.8703 -0.3473
vn 0.6540 0.5896 -0.4739
vn 0.6642 0.6852 -0.2989
vn 0.6393 0.7447 -0.1916
vn 0.6036 0.7823 -0.1537
vn 0.1419 0.9582 -0.2483
vn -0.3314 0.8959 -0.2958
vn -0.7140 0.6336 -0.2980
vn -0.7450 0.5797 -0.3300
vn -0.7488 0.5014 -0.4334
vn -0.6950 0.3992 -0.5980
vn -0.3218 0.6108 -0.7235
vn 0.2542 0.6936 -0.6740
vn -0.1891 -0.9250 0.3295
vn -0.1558 -0.8915 0.4254
vn 0.3483 -0.8556 0.3829
vn 0.3030 -0.8304 0.4676
vn -0.7670 -0.6411 0.0273
vn -0.6494 -0.7454 0.1504
vn -0.6051 -0.7492 0.2694
vn -0.6092 -0.6957 0.3805
vn -0.1674 -0.8184 0.5497
vn 0.2829 -0.7583 0.5874
vn 0.6705 -0.5429 0.5057
vn 0.6807 -0.6073 0.4097
vn 0.7170 -0.6204 0.3179
vn 0.8015 -0.5483 0.2386
vn 0.4411 -0.8327 0.3347
vn -0.2963 -0.9200 0.2565
vn 0.9664 -0.2408 0.0900
vn 0.9830 -0.1729 -0.0614
vn 0.9707 -0.2329 0.0594
vn 0.9851 -0.1585 -0.0663
vn 0.8356 -0.3482 0.4249
vn 0.9569 -0.2705 0.1057
vn 0.9769 -0.2018 -0.0707
vn 0.9755 -0.1568 -0.1545
vn 0.9823 -0.1316 -0.1332
vn 0.9851 -0.1174 -0.1257
vn 0.9851 -0.1171 -0.1260
vn 0.9853 -0.1121 -0.1291
vn 0.9853 -0.1118 -0.1293
vn 0.9848 -0.1535 -0.0819
vn 0.9710 -0.2381 0.0199
vn 0.8927 -0.3940 0.2189
vn 0.8849 -0.3544 0.3023
vn 0.8650 -0.3342 0.3743
vn 0.9291 0.3139 0.1957
vn 0.8910 0.3600 0.2767
vn 0.8229 0.5633 -0.0743
vn 0.7672 0.6374 -0.0718
vn 0.9546 0.1881 0.2309
vn 0.9307 0.2232 0.2899
vn 0.8839 0.2556 0.3917
vn 0.7736 0.2755 0.5707
vn 0.8011 0.4005 0.4449
vn 0.6932 0.7205 0.0175
vn 0.3713 0.8380 -0.3998
vn 0.4032 0.8059 -0.4336
vn 0.4800 0.7839 -0.3938
vn 0.5883 0.7477 -0.3081
vn 0.8772 0.4791 -0.0311
vn 0.9511 0.2624 0.1628
vn 0.9608 0.0033 0.2770
vn 0.9437 0.0263 0.3299
vn 0.9815 0.0769 0.1754
vn 0.9750 0.0945 0.2013
vn 0.8947 -0.1886 0.4049
vn 0.8656 -0.1346 0.4823
vn 0.8148 -0.0913 0.5725
vn 0.7420 -0.0711 0.6666
vn 0.9144 0.0448 0.4022
vn 0.9624 0.1182 0.2445
vn 0.9702 0.1516 0.1888
vn 0.9695 0.1540 0.1909
vn 0.9702 0.1518 0.1890
vn 0.9795 0.1243 0.1588
vn 0.9786 0.1264 0.1622
vn 0.9794 0.1245 0.1591
vn 0.9840 0.1065 0.1426
vn 0.9835 0.1071 0.1456
vn 0.9839 0.1072 0.1430
vn 0.9839 0.1070 0.1428
vn 0.9840 0.0657 0.1657
vn 0.9697 -0.0199 0.2437
vn 0.9815 0.1497 0.1192
vn 0.9831 0.1415 0.1160
vn 0.9814 0.1504 0.1195
vn 0.9760 0.1747 0.1303
vn 0.9591 0.2786 0.0510
vn 0.9446 0.3258 0.0387
vn 0.9846 0.1039 0.1403
vn 0.9833 0.1094 0.1453
vn 0.9786 0.1265 0.1625
vn 0.9694 0.1542 0.1912
vn 0.9661 0.2135 0.1453
vn 0.9186 0.3949 0.0131
vn 0.6977 0.6865 -0.2049
vn 0.7822 0.6108 -0.1228
vn 0.8378 0.5414 -0.0705
vn 0.8704 0.4908 -0.0397
vn 0.9656 0.2532 0.0587
vn -0.2229 -0.1842 -0.9573
vn 0.3967 -0.1022 -0.9123
vn -0.2348 -0.0510 -0.9707
vn 0.3721 0.0387 -0.9274
vn -0.6840 -0.2110 -0.6983
vn -0.2297 -0.2127 -0.9498
vn 0.4146 -0.1431 -0.8987
vn 0.8576 -0.0354 -0.5132
vn 0.8330 0.0125 -0.5531
vn 0.7947 0.1296 -0.5930
vn 0.7134 0.3183 -0.6243
vn 0.3228 0.3270 -0.8882
vn -0.2667 0.2362 -0.9344
vn -0.6559 0.1151 -0.7460
vn -0.6763 -0.0820 -0.7320
vn -0.6755 -0.1891 -0.7127
vn -0.1004 -0.9395 0.3276
vn -0.0695 -0.9555 0.2866
vn 0.2646 -0.9322 0.2470
vn 0.2347 -0.9497 0.2073
vn -0.5806 -0.7421 0.3349
vn -0.5143 -0.7891 0.3359
vn -0.4343 -0.8425 0.3188
vn -0.3469 -0.8959 0.2776
vn -0.0409 -0.9733 0.2259
vn 0.2110 -0.9663 0.1477
vn 0.5835 -0.8038 0.1159
vn 0.6445 -0.7541 0.1260
vn 0.2954 -0.9171 0.2676
vn -0.1316 -0.9283 0.3477
vn -0.9821 -0.0020 0.1885
vn -0.9836 -0.0019 0.1803
vn -0.9818 -0.0020 0.1901
vn -0.9761 -0.0044 0.2171
vn -0.9650 -0.1540 0.2123
vn -0.9525 -0.1871 0.2404
vn -0.9823 0.0535 0.1795
vn -0.9807 0.0629 0.1852
vn -0.9807 0.0570 0.1871
vn -0.9806 0.0613 0.1863
vn -0.9749 0.0659 0.2126
vn -0.9749 0.0651 0.2128
vn -0.9749 0.0693 0.2117
vn -0.9639 0.0789 0.2542
vn -0.9640 0.0777 0.2543
vn -0.9636 0.0848 0.2537
vn -0.9661 -0.0105 0.2578
vn -0.9308 -0.2402 0.2757
vn -0.7318 -0.6126 0.2987
vn -0.8062 -0.5150 0.2912
vn -0.8556 -0.4405 0.2719
vn -0.8858 -0.3889 0.2532
vn -0.9712 -0.1349 0.1965
vn -0.9768 -0.0725 -0.2015
vn -0.9551 -0.1073 -0.2762
vn -0.9739 0.0288 -0.2253
vn -0.9539 -0.0137 -0.2998
vn -0.9830 -0.0957 -0.1566
vn -0.9752 -0.1128 -0.1905
vn -0.9537 -0.1387 -0.2669
vn -0.8897 -0.1734 -0.4222
vn -0.8883 -0.1494 -0.4343
vn -0.8875 -0.0576 -0.4572
vn -0.8711 0.1054 -0.4796
vn -0.9203 0.1767 -0.3491
vn -0.9334 0.2358 -0.2703
vn -0.9236 0.2882 -0.2528
vn -0.9763 0.0655 -0.2062
vn -0.9835 -0.0469 -0.1750
vn 0.1965 -0.5066 0.8395
vn -0.1990 -0.4512 0.8700
vn 0.1899 -0.3763 0.9068
vn -0.1470 -0.3208 0.9357
vn 0.6158 -0.5949 0.5166
vn 0.1892 -0.6761 0.7121
vn -0.2496 -0.6182 0.7454
vn -0.6429 -0.4392 0.6275
vn -0.5818 -0.3249 0.7456
vn -0.4969 -0.2335 0.8358
vn -0.4074 -0.1909 0.8931
vn -0.1056 -0.2611 0.9595
vn 0.1776 -0.3196 0.9307
vn 0.5119 -0.3677 0.7764
vn 0.5576 -0.3970 0.7290
vn 0.5971 -0.4819 0.6413
vn -0.0858 0.9494 -0.3020
vn 0.2723 0.8947 -0.3541
vn -0.0570 0.9273 -0.3699
vn 0.2418 0.8736 -0.4223
vn -0.5554 0.8138 -0.1712
vn -0.1146 0.9591 -0.2589
vn 0.3037 0.9014 -0.3087
vn 0.6647 0.6723 -0.3257
vn 0.6038 0.7000 -0.3814
vn 0.5365 0.7112 -0.4543
vn 0.4665 0.7028 -0.5370
vn 0.2122 0.8366 -0.5050
vn -0.0313 0.8898 -0.4553
vn -0.3195 0.8680 -0.3801
vn -0.4080 0.8663 -0.2881
vn -0.4894 0.8446 -0.2173
vn 0.9999 0.0154 -0.0029
vn 1.0000 0.0089 -0.0016
vn 1.0000 0.0091 -0.0019
vn 0.9999 0.0158 -0.0034
vn 0.9999 0.0152 -0.0021
vn 1.0000 0.0026 -0.0032
vn 0.9990 0.0448 -0.0087
vn 0.9989 0.0456 -0.0104
vn 0.9988 0.0470 -0.0114
vn 0.9989 0.0459 -0.0107
vn 0.9990 0.0450 -0.0054
vn 0.9990 0.0447 -0.0080
vn 1.0000 0.0019 -0.0010
vn 1.0000 0.0020 -0.0009
vn 1.0000 0.0023 -0.0005
vn 1.0000 0.0022 -0.0004
vn 1.0000 0.0023 -0.0004
vn 1.0000 0.0022 -0.0002
vn 1.0000 0.0022 -0.0003
vn 0.9939 0.1084 -0.0221
vn 0.9938 0.1100 -0.0146
vn 0.9938 0.1102 -0.0135
vn 0.9935 0.1105 -0.0279
vn 0.9938 0.1085 -0.0238
vn 0.9930 0.1147 -0.0292
vn 0.9934 0.1113 -0.0286
vn 0.9928 0.1164 -0.0274
vn 0.9929 0.1154 -0.0289
vn 0.9988 0.0471 -0.0117
vn 0.9988 0.0470 -0.0119
vn 0.9999 0.0153 -0.0046
vn 0.9999 0.0157 -0.0040
vn 0.8058 -0.1431 -0.5746
vn 0.6787 0.1107 -0.7260
vn 0.9010 -0.0838 -0.4257
vn 0.7975 0.1518 -0.5840
vn 0.4923 -0.4418 -0.7500
vn 0.4491 -0.2603 -0.8547
vn 0.3537 0.0359 -0.9347
vn 0.4449 0.4178 -0.7922
vn 0.5710 0.4460 -0.6893
vn 0.6613 0.4526 -0.5982
vn 0.8623 0.1561 -0.4818
vn 0.9393 -0.0575 -0.3382
vn 0.9574 -0.1567 -0.2427
vn 0.9275 -0.2000 -0.3159
vn 0.8453 -0.2778 -0.4564
vn 0.9996 -0.0083 -0.0271
vn 0.9999 0.0141 -0.0058
vn 0.9999 0.0092 -0.0105
vn 0.9999 0.0083 -0.0114
vn 0.9992 0.0223 -0.0335
vn 0.9991 0.0393 -0.0179
vn 0.9989 0.0458 -0.0129
vn 0.9990 0.0403 -0.0171
vn 0.9960 -0.0669 -0.0585
vn 0.9994 -0.0237 -0.0242
vn 0.9994 -0.0252 -0.0240
vn 0.9992 -0.0327 -0.0232
vn 1.0000 0.0005 -0.0025
vn 1.0000 -0.0051 -0.0082
vn 0.9999 -0.0101 -0.0074
vn 0.9999 -0.0107 -0.0073
vn 0.9999 -0.0054 -0.0084
vn 1.0000 0.0014 -0.0016
vn 0.9938 0.1072 -0.0301
vn 0.9930 0.1151 -0.0276
vn 0.9939 0.1056 -0.0306
vn 0.9958 0.0799 -0.0435
vn 0.9973 0.0392 -0.0618
vn 0.9978 -0.0089 -0.0654
vn 0.9971 -0.0436 -0.0618
vn 0.9634 -0.2558 -0.0799
vn 0.9759 -0.1574 -0.1510
vn 0.9499 -0.2677 -0.1614
vn 0.9591 -0.1666 -0.2288
vn 0.8903 -0.4349 0.1353
vn 0.9686 -0.2473 -0.0252
vn 0.9824 -0.1532 -0.1071
vn 0.9831 -0.1127 -0.1443
vn 0.9756 -0.1214 -0.1828
vn 0.9752 -0.1131 -0.1902
vn 0.9756 -0.1212 -0.1830
vn 0.9559 -0.1363 -0.2601
vn 0.9538 -0.1386 -0.2666
vn 0.9559 -0.1363 -0.2603
vn 0.8978 -0.1570 -0.4115
vn 0.9106 -0.1801 -0.3719
vn 0.9162 -0.2754 -0.2911
vn 0.8964 -0.4095 -0.1698
vn 0.8845 -0.4648 -0.0409
vn 0.8859 -0.4603 0.0573
vn 0.9974 -0.0694 -0.0165
vn 0.9999 -0.0117 -0.0071
vn 0.9991 -0.0345 -0.0230
vn 0.9940 -0.0938 -0.0566
vn 0.9862 -0.1595 -0.0435
vn -0.9291 0.3139 0.1957
vn -0.8229 0.5633 -0.0743
vn -0.8910 0.3600 0.2767
vn -0.7672 0.6374 -0.0718
vn -0.9546 0.1881 0.2308
vn -0.9511 0.2624 0.1628
vn -0.8772 0.4791 -0.0311
vn -0.5883 0.7477 -0.3081
vn -0.4800 0.7839 -0.3938
vn -0.4032 0.8059 -0.4336
vn -0.3713 0.8380 -0.3998
vn -0.6932 0.7205 0.0175
vn -0.8011 0.4005 0.4448
vn -0.7736 0.2755 0.5707
vn -0.8839 0.2556 0.3917
vn -0.9307 0.2232 0.2899
vn -0.9920 0.1263 -0.0060
vn -0.9732 0.2221 -0.0604
vn -0.9871 0.1395 0.0786
vn -0.9711 0.2371 0.0265
vn -0.9878 0.0436 -0.1493
vn -0.9771 0.0922 -0.1915
vn -0.9504 0.1905 -0.2458
vn -0.8883 0.3487 -0.2990
vn -0.9018 0.4051 -0.1505
vn -0.8981 0.4356 -0.0606
vn -0.8876 0.4598 -0.0284
vn -0.9679 0.2443 0.0597
vn -0.9658 0.2527 0.0588
vn -0.9678 0.2445 0.0596
vn -0.9834 0.1421 0.1125
vn -0.9832 0.1412 0.1155
vn -0.9834 0.1421 0.1127
vn -0.9849 0.1037 0.1384
vn -0.9850 0.1005 0.1404
vn -0.9848 0.1039 0.1392
vn -0.9849 0.1041 0.1382
vn -0.9894 0.0973 0.1076
vn -0.9964 0.0800 0.0283
vn 0.1891 -0.9250 0.3295
vn -0.3483 -0.8556 0.3829
vn 0.1557 -0.8915 0.4254
vn -0.3030 -0.8304 0.4676
vn 0.7670 -0.6411 0.0273
vn 0.2963 -0.9200 0.2565
vn -0.4411 -0.8327 0.3347
vn -0.8015 -0.5483 0.2386
vn -0.7170 -0.6204 0.3179
vn -0.6807 -0.6073 0.4097
vn -0.6705 -0.5429 0.5057
vn -0.2829 -0.7583 0.5874
vn 0.1674 -0.8184 0.5497
vn 0.6092 -0.6957 0.3805
vn 0.6051 -0.7492 0.2694
vn 0.6494 -0.7454 0.1504
vn 0.8072 0.5676 -0.1617
vn 0.8164 0.5613 -0.1357
vn 0.4002 0.8803 -0.2549
vn 0.4114 0.8849 -0.2182
vn 0.9565 0.2846 -0.0633
vn 0.9573 0.2800 -0.0717
vn 0.9604 0.2689 -0.0735
vn 0.9578 0.2778 -0.0732
vn 0.9629 0.2627 -0.0621
vn 0.9610 0.2670 -0.0721
vn 0.9631 0.2621 -0.0607
vn 0.9626 0.2685 -0.0349
vn 0.8140 0.5757 -0.0773
vn 0.4081 0.9046 -0.1232
vn 0.0597 0.9890 -0.1353
vn 0.0603 0.9688 -0.2402
vn 0.0584 0.9585 -0.2790
vn 0.0558 0.9642 -0.2592
vn 0.3851 0.8914 -0.2391
vn 0.7944 0.5870 -0.1563
vn 0.1531 0.0237 0.9879
vn 0.2288 -0.0994 0.9684
vn 0.1006 -0.1395 0.9851
vn 0.0347 -0.1459 0.9887
vn 0.5315 0.3298 0.7802
vn 0.4785 0.2524 0.8410
vn 0.3550 0.0611 0.9329
vn -0.1329 -0.3615 0.9229
vn -0.0876 -0.4125 0.9067
vn 0.0047 -0.3104 0.9506
vn -0.0019 -0.3189 0.9478
vn 0.0052 -0.3098 0.9508
vn 0.0608 -0.2899 0.9551
vn 0.0599 -0.2857 0.9564
vn 0.0607 -0.2894 0.9553
vn 0.0598 -0.2853 0.9566
vn -0.4620 -0.4006 0.7912
vn -0.4068 -0.4613 0.7885
vn -0.1584 -0.3334 0.9294
vn -0.1615 -0.7222 0.6725
vn -0.0400 -0.4557 0.8892
vn -0.3326 -0.5720 0.7498
vn 0.0075 -0.2427 0.9701
vn 0.0283 -0.2460 0.9689
vn -0.0000 -0.3199 0.9474
vn 0.1773 -0.2215 0.9589
vn 0.2084 -0.2425 0.9475
vn 0.0764 -0.2416 0.9674
vn 0.3271 -0.2042 0.9227
vn 0.0782 -0.2689 0.9600
vn 0.2568 -0.2296 0.9388
vn 0.5366 0.2773 0.7969
vn 0.5820 0.4422 0.6825
vn 0.0076 0.8094 -0.5872
vn 0.0051 0.7951 -0.6065
vn -0.1498 0.7531 -0.6406
vn 0.2366 0.8486 -0.4733
vn 0.1731 0.8260 -0.5364
vn 0.0130 0.8435 -0.5370
vn 0.1310 0.8193 -0.5581
vn 0.1400 0.8114 -0.5675
vn -0.3960 0.6805 -0.6165
vn -0.1821 0.7912 -0.5838
vn -0.3259 0.6512 -0.6854
vn -0.9831 -0.1279 0.1308
vn -0.9969 -0.0065 0.0787
vn -0.9778 -0.0827 0.1925
vn -0.9895 0.0290 0.1415
vn -0.9373 -0.3312 0.1087
vn -0.9840 -0.1781 0.0067
vn -0.9963 -0.0530 -0.0677
vn -0.9933 0.0128 -0.1148
vn -0.9974 0.0520 0.0496
vn -0.9897 0.0785 0.1194
vn -0.9852 0.0948 0.1430
vn -0.9851 0.0992 0.1406
vn -0.9850 0.0539 0.1637
vn -0.9840 0.0653 0.1657
vn -0.9850 0.0542 0.1637
vn -0.9738 -0.0463 0.2227
vn -0.9067 -0.2455 0.3429
vn -0.9098 -0.2985 0.2884
vn -0.9156 -0.3400 0.2149
vn -0.9083 0.3416 0.2416
vn -0.8786 0.3835 0.2848
vn -0.9705 0.1368 0.1986
vn -0.9606 0.1566 0.2296
vn -0.7390 0.6238 0.2542
vn -0.6957 0.6517 0.3022
vn -0.6340 0.6894 0.3504
vn -0.5600 0.7340 0.3842
vn -0.8323 0.4426 0.3337
vn -0.9421 0.1904 0.2759
vn -0.9635 0.0860 0.2536
vn -0.9749 0.0700 0.2115
vn -0.9808 0.0620 0.1851
vn -0.9806 0.0620 0.1862
vn -0.9740 0.1308 0.1849
vn -0.9239 0.3185 0.2121
vn 0.2624 -0.9396 0.2199
vn 0.0178 -0.9872 0.1584
vn 0.1913 -0.9668 0.1696
vn 0.1666 -0.9748 0.1487
vn 0.2174 0.9021 0.3727
vn -0.9947 -0.0931 0.0426
vn -0.9941 -0.0991 0.0450
vn -0.9941 -0.0990 0.0450
vn -0.9994 -0.0323 0.0118
vn -0.9993 -0.0346 0.0125
vn -0.9991 -0.0401 0.0138
vn -0.9994 -0.0321 0.0118
vn -0.9920 -0.1156 0.0499
vn -0.9991 -0.0408 0.0139
vn -0.9987 -0.0479 0.0153
vn -0.9724 -0.2058 0.1095
vn -0.9954 -0.0871 0.0400
vn -0.9958 -0.0835 0.0367
vn -0.9995 -0.0287 0.0091
vn -0.9995 -0.0288 0.0092
vn -1.0000 -0.0045 -0.0003
vn -1.0000 -0.0047 0.0013
vn -1.0000 -0.0055 0.0014
vn -1.0000 -0.0066 0.0016
vn -1.0000 -0.0071 0.0020
vn -0.9987 -0.0491 0.0156
vn -0.9983 -0.0558 0.0183
vn -0.9887 -0.1391 0.0552
vn -0.9378 -0.3145 0.1474
vn -0.9547 -0.2651 0.1350
vn -0.9654 -0.2304 0.1224
vn 0.7027 0.5777 0.4154
vn 0.6682 0.6216 0.4088
vn 0.2995 0.7687 0.5652
vn 0.2750 0.7972 0.5374
vn 0.9409 0.2817 0.1879
vn 0.9297 0.3042 0.2078
vn 0.9162 0.3404 0.2114
vn 0.9029 0.3843 0.1927
vn 0.6388 0.6800 0.3599
vn 0.2561 0.8505 0.4594
vn 0.0356 0.8786 0.4763
vn 0.0382 0.8266 0.5614
vn 0.0440 0.8066 0.5895
vn 0.0440 0.8066 0.5894
vn 0.0419 0.8031 0.5944
vn 0.0460 0.8101 0.5845
vn 0.3259 0.7684 0.5508
vn 0.7354 0.5548 0.3891
vn -0.3253 -0.4004 -0.8567
vn -0.3077 -0.2144 -0.9270
vn -0.7394 -0.2936 -0.6059
vn -0.7154 -0.1619 -0.6797
vn -0.0480 -0.7842 -0.6187
vn -0.0452 -0.4211 -0.9059
vn -0.0430 -0.2242 -0.9736
vn -0.0419 -0.1472 -0.9882
vn -0.0417 -0.1411 -0.9891
vn -0.2993 -0.1414 -0.9436
vn -0.2975 -0.1352 -0.9451
vn -0.2959 -0.1293 -0.9464
vn -0.7019 -0.1078 -0.7041
vn -0.7018 -0.1076 -0.7042
vn -0.6970 -0.0976 -0.7104
vn -0.9289 -0.0593 -0.3655
vn -0.9289 -0.0590 -0.3657
vn -0.9270 -0.0517 -0.3716
vn -0.9341 -0.0919 -0.3450
vn -0.9396 -0.1672 -0.2986
vn -0.9289 -0.2953 -0.2233
vn -0.7559 -0.5189 -0.3992
vn -0.3474 -0.7375 -0.5791
vn -0.2969 -0.1089 -0.9487
vn -0.3027 -0.0702 -0.9505
vn -0.6983 -0.0803 -0.7113
vn -0.7058 -0.0497 -0.7066
vn -0.0414 -0.1349 -0.9900
vn -0.0416 -0.1145 -0.9926
vn -0.0425 -0.0746 -0.9963
vn -0.0440 -0.0265 -0.9987
vn -0.3124 -0.0240 -0.9497
vn -0.7182 -0.0146 -0.6957
vn -0.9345 -0.0041 -0.3559
vn -0.9302 -0.0229 -0.3664
vn -0.9272 -0.0460 -0.3718
vn -0.9272 -0.0459 -0.3718
vn -0.9274 -0.0404 -0.3719
vn -0.6969 -0.0974 -0.7105
vn -0.2959 -0.1292 -0.9465
vn -1.0000 0.0005 0.0025
vn -1.0000 -0.0005 0.0027
vn -1.0000 0.0007 0.0024
vn -1.0000 0.0001 0.0025
vn -1.0000 -0.0001 0.0025
vn -1.0000 -0.0005 0.0025
vn 0.8361 0.5401 0.0955
vn 0.8021 0.5428 0.2489
vn 0.4300 0.8863 0.1721
vn 0.3894 0.8330 0.3930
vn 0.9633 0.2524 -0.0912
vn 0.9677 0.2506 0.0271
vn 0.9607 0.2564 0.1062
vn 0.9513 0.2664 0.1552
vn 0.7690 0.5443 0.3352
vn 0.3565 0.7905 0.4980
vn 0.0509 0.8434 0.5348
vn 0.0562 0.9020 0.4281
vn 0.0625 0.9792 0.1930
vn 0.0686 0.9456 -0.3179
vn 0.4683 0.8368 -0.2837
vn 0.8554 0.4887 -0.1715
vn -0.9962 -0.0826 -0.0290
vn -0.9981 -0.0350 -0.0516
vn -0.9969 -0.0773 0.0131
vn -0.9995 -0.0289 -0.0105
vn -0.9800 -0.1880 -0.0647
vn -0.9883 -0.1026 -0.1132
vn -0.9888 -0.0509 -0.1402
vn -0.9879 -0.0281 -0.1527
vn -0.9980 -0.0145 -0.0613
vn -0.9998 -0.0078 -0.0195
vn -1.0000 -0.0046 -0.0018
vn -0.9996 -0.0275 0.0073
vn -0.9963 -0.0794 0.0331
vn -0.9775 -0.1888 0.0942
vn -0.9813 -0.1807 0.0663
vn -0.9832 -0.1819 0.0158
vn -0.9141 -0.3734 0.1578
vn -0.9842 -0.1664 0.0611
vn -0.9982 -0.0564 0.0185
vn -1.0000 -0.0071 0.0043
vn -0.4942 0.4194 -0.7615
vn -0.8711 0.2473 -0.4243
vn -0.5363 0.1957 -0.8210
vn -0.8959 0.0996 -0.4330
vn -0.0844 0.5582 -0.8254
vn -0.5517 0.4744 -0.6860
vn -0.9036 0.2603 -0.3401
vn -0.9730 0.1637 -0.1629
vn -0.9701 0.1369 -0.2004
vn -0.9816 0.0424 -0.1862
vn -0.9880 -0.0590 -0.1430
vn -0.9287 -0.1282 -0.3480
vn -0.6229 -0.2564 -0.7391
vn -0.1059 -0.3202 -0.9414
vn -0.0842 0.2345 -0.9685
vn -0.0746 0.4767 -0.8759
vn 0.7784 -0.4847 0.3989
vn 0.3627 -0.7073 0.6068
vn 0.7795 -0.3882 0.4916
vn 0.3649 -0.5655 0.7397
vn 0.9378 -0.3137 0.1487
vn 0.7862 -0.5558 0.2702
vn 0.3799 -0.8287 0.4110
vn 0.0532 -0.8936 0.4457
vn 0.0510 -0.7542 0.6546
vn 0.0519 -0.6041 0.7952
vn 0.9523 -0.1970 0.2332
vn 0.9494 -0.2518 0.1876
vn -0.2247 -0.9546 -0.1954
vn -0.6122 -0.7708 -0.1766
vn -0.0303 -0.9807 -0.1932
vn -0.0530 -0.9067 -0.4183
vn -0.3710 -0.8412 -0.3934
vn -0.7880 -0.5533 -0.2700
vn -0.9591 -0.2501 -0.1329
vn -0.9104 -0.3998 -0.1063
vn -0.3372 0.1009 -0.9360
vn -0.3599 0.2389 -0.9019
vn -0.7502 0.0741 -0.6570
vn -0.7768 0.1669 -0.6072
vn -0.0458 0.0255 -0.9986
vn -0.0476 0.1063 -0.9932
vn -0.0507 0.2545 -0.9658
vn -0.0595 0.5538 -0.8305
vn -0.4177 0.5054 -0.7550
vn -0.8210 0.3213 -0.4720
vn -0.9527 0.1726 -0.2500
vn -0.9519 0.0929 -0.2920
vn -0.9455 0.0428 -0.3228
vn -0.9397 0.0142 -0.3418
vn -0.7331 0.0209 -0.6798
vn -0.3244 0.0252 -0.9456
vn 0.8266 0.1626 0.5388
vn 0.4222 0.2524 0.8706
vn 0.7867 0.3412 0.5144
vn 0.3723 0.5076 0.7769
vn 0.9660 0.0244 0.2572
vn 0.8279 0.0325 0.5599
vn 0.4258 0.0377 0.9040
vn 0.0629 0.0367 0.9973
vn 0.0620 0.2761 0.9591
vn 0.0527 0.5460 0.8361
vn 0.0415 0.7600 0.6486
vn 0.3046 0.7245 0.6183
vn 0.7077 0.5378 0.4581
vn 0.9125 0.3105 0.2664
vn 0.9519 0.1787 0.2491
vn 0.9652 0.0853 0.2473
vn 0.7445 0.6579 0.1133
vn 0.6867 0.6907 0.2265
vn 0.3304 0.9292 0.1654
vn 0.2818 0.9104 0.3029
vn 0.9569 0.2905 0.0051
vn 0.9447 0.3236 0.0541
vn 0.9239 0.3632 0.1202
vn 0.8909 0.4034 0.2089
vn 0.6576 0.6668 0.3506
vn 0.2674 0.8525 0.4492
vn 0.0360 0.8839 0.4662
vn 0.0386 0.9475 0.3174
vn 0.0465 0.9831 0.1773
vn 0.0547 0.9982 0.0254
vn 0.3792 0.9250 0.0227
vn 0.7903 0.6126 0.0134
vn 0.4223 -0.2001 -0.8841
vn 0.3081 -0.1642 -0.9371
vn -0.6115 -0.1960 -0.7666
vn -0.4912 -0.1368 -0.8602
vn 0.8823 -0.2743 -0.3826
vn 0.8175 -0.2493 -0.5191
vn 0.7515 -0.1856 -0.6330
vn 0.7067 -0.1789 -0.6845
vn 0.2536 -0.1751 -0.9513
vn -0.4354 -0.1262 -0.8914
vn -0.8801 -0.0509 -0.4720
vn -0.9133 -0.1044 -0.3937
vn -0.9460 -0.2056 -0.2507
vn -0.9608 -0.2604 -0.0947
vn -0.7632 -0.2272 -0.6049
vn 0.5855 -0.2092 -0.7832
vn 0.0601 -0.1382 0.9886
vn 0.4099 -0.1181 0.9044
vn 0.8160 -0.0620 0.5747
vn 0.9633 -0.0186 0.2677
vn 0.8892 0.4516 -0.0737
vn 0.8233 0.5597 -0.0948
vn 0.5113 0.8535 -0.1000
vn 0.4171 0.8990 -0.1335
vn 0.9903 0.1291 -0.0515
vn 0.9783 0.1995 -0.0561
vn 0.9638 0.2609 -0.0555
vn 0.9564 0.2855 -0.0618
vn 0.7903 0.6000 -0.1241
vn 0.3798 0.9067 -0.1831
vn 0.0548 0.9790 -0.1962
vn 0.0607 0.9882 -0.1407
vn 0.0766 0.9916 -0.1046
vn 0.1011 0.9911 -0.0867
vn 0.6317 0.7712 -0.0790
vn 0.9433 0.3273 -0.0554
vn -0.9991 -0.0019 0.0415
vn -0.9941 -0.0024 0.1083
vn -0.2067 0.8751 -0.4377
vn 0.3517 0.7999 -0.4863
vn -0.1707 0.9385 -0.3002
vn 0.3491 0.8703 -0.3473
vn -0.6540 0.5896 -0.4739
vn -0.2542 0.6936 -0.6740
vn 0.3218 0.6108 -0.7235
vn 0.6950 0.3992 -0.5980
vn 0.7488 0.5014 -0.4334
vn 0.7450 0.5797 -0.3300
vn 0.7140 0.6336 -0.2980
vn 0.3314 0.8959 -0.2958
vn -0.1419 0.9582 -0.2483
vn -0.6036 0.7823 -0.1537
vn -0.6393 0.7447 -0.1916
vn -0.6642 0.6852 -0.2989
vn -0.9608 0.0033 0.2771
vn -0.9815 0.0769 0.1754
vn -0.9437 0.0263 0.3299
vn -0.9750 0.0945 0.2013
vn -0.8947 -0.1886 0.4049
vn -0.9697 -0.0199 0.2437
vn -0.9840 0.0657 0.1657
vn -0.9840 0.1065 0.1427
vn -0.9835 0.1071 0.1456
vn -0.9839 0.1070 0.1428
vn -0.9839 0.1072 0.1430
vn -0.9795 0.1243 0.1588
vn -0.9794 0.1245 0.1591
vn -0.9787 0.1263 0.1621
vn -0.9702 0.1516 0.1888
vn -0.9702 0.1518 0.1890
vn -0.9695 0.1540 0.1909
vn -0.9624 0.1182 0.2445
vn -0.9144 0.0448 0.4022
vn -0.7420 -0.0711 0.6666
vn -0.8148 -0.0913 0.5725
vn -0.8656 -0.1346 0.4823
vn -0.9815 0.1497 0.1192
vn -0.9814 0.1504 0.1195
vn -0.9831 0.1415 0.1160
vn -0.9591 0.2786 0.0510
vn -0.9760 0.1747 0.1303
vn -0.9446 0.3258 0.0387
vn -0.9846 0.1039 0.1403
vn -0.9656 0.2532 0.0587
vn -0.8704 0.4908 -0.0397
vn -0.8378 0.5414 -0.0705
vn -0.7822 0.6108 -0.1228
vn -0.6977 0.6865 -0.2049
vn -0.9186 0.3949 0.0131
vn -0.9661 0.2135 0.1453
vn -0.9694 0.1543 0.1912
vn -0.9786 0.1265 0.1625
vn -0.9833 0.1094 0.1453
vn 0.2229 -0.1842 -0.9573
vn 0.2348 -0.0510 -0.9707
vn -0.3967 -0.1022 -0.9123
vn -0.3721 0.0387 -0.9274
vn 0.6840 -0.2110 -0.6983
vn 0.6755 -0.1891 -0.7127
vn 0.6763 -0.0820 -0.7320
vn 0.6559 0.1151 -0.7460
vn 0.2667 0.2362 -0.9344
vn -0.3228 0.3270 -0.8882
vn -0.7134 0.3183 -0.6243
vn -0.7947 0.1296 -0.5930
vn -0.8330 0.0125 -0.5531
vn -0.8575 -0.0354 -0.5132
vn -0.4146 -0.1431 -0.8987
vn 0.2297 -0.2127 -0.9498
vn 0.9768 -0.0725 -0.2015
vn 0.9739 0.0288 -0.2253
vn 0.9551 -0.1073 -0.2762
vn 0.9539 -0.0137 -0.2998
vn 0.9830 -0.0957 -0.1566
vn 0.9835 -0.0469 -0.1750
vn 0.9763 0.0655 -0.2062
vn 0.9236 0.2882 -0.2528
vn 0.9334 0.2358 -0.2703
vn 0.9203 0.1767 -0.3491
vn 0.8711 0.1054 -0.4796
vn 0.8875 -0.0576 -0.4572
vn 0.8883 -0.1494 -0.4343
vn 0.8897 -0.1734 -0.4222
vn 0.9537 -0.1387 -0.2669
vn 0.9752 -0.1128 -0.1905
vn -0.9999 0.0154 -0.0029
vn -0.9999 0.0158 -0.0034
vn -1.0000 0.0091 -0.0019
vn -1.0000 0.0089 -0.0016
vn -0.9988 0.0469 -0.0113
vn -0.9989 0.0456 -0.0104
vn -0.9990 0.0448 -0.0087
vn -0.9989 0.0460 -0.0108
vn -0.9999 0.0152 -0.0021
vn -1.0000 0.0026 -0.0032
vn -0.9990 0.0450 -0.0054
vn -0.9990 0.0447 -0.0080
vn -1.0000 0.0023 -0.0005
vn -1.0000 0.0041 -0.0009
vn -0.9999 0.0160 -0.0036
vn -0.9988 0.0471 -0.0117
vn -0.9988 0.0470 -0.0119
vn -0.9928 0.1165 -0.0274
vn -0.9930 0.1146 -0.0292
vn -0.9934 0.1113 -0.0286
vn -0.9929 0.1153 -0.0291
vn -0.9935 0.1105 -0.0278
vn -0.9938 0.1085 -0.0238
vn -0.9939 0.1084 -0.0221
vn -0.9938 0.1100 -0.0146
vn -0.9938 0.1102 -0.0135
vn -0.9999 0.0151 -0.0015
vn -0.9999 0.0140 -0.0014
vn -1.0000 0.0022 -0.0002
vn -1.0000 0.0022 -0.0004
vn -1.0000 0.0022 -0.0003
vn -1.0000 0.0023 -0.0004
vn -0.9996 -0.0083 -0.0271
vn -0.9992 0.0223 -0.0335
vn -1.0000 -0.0034 -0.0089
vn -0.9999 0.0065 -0.0110
vn -0.9999 0.0083 -0.0114
vn -0.9991 0.0393 -0.0179
vn -0.9990 0.0403 -0.0171
vn -0.9989 0.0458 -0.0129
vn -0.9960 -0.0669 -0.0585
vn -0.9971 -0.0436 -0.0618
vn -0.9978 -0.0089 -0.0654
vn -0.9973 0.0392 -0.0618
vn -0.9958 0.0799 -0.0435
vn -0.9939 0.1056 -0.0306
vn -0.9938 0.1072 -0.0301
vn -0.9930 0.1151 -0.0276
vn -0.9999 0.0151 -0.0049
vn -1.0000 0.0032 -0.0021
vn -0.9999 0.0134 -0.0045
vn -1.0000 0.0014 -0.0016
vn -0.9999 -0.0101 -0.0074
vn -0.9999 -0.0054 -0.0084
vn -0.9999 -0.0107 -0.0073
vn -0.9992 -0.0327 -0.0232
vn -0.9994 -0.0252 -0.0240
vn -0.9994 -0.0237 -0.0242
vn -0.9974 -0.0694 -0.0165
vn -0.9862 -0.1595 -0.0435
vn -0.9940 -0.0938 -0.0566
vn -0.9991 -0.0345 -0.0230
vn -0.9999 -0.0117 -0.0071
vn -0.8072 0.5676 -0.1617
vn -0.4002 0.8803 -0.2549
vn -0.8164 0.5613 -0.1358
vn -0.4114 0.8849 -0.2182
vn -0.9565 0.2846 -0.0633
vn -0.9578 0.2778 -0.0732
vn -0.9604 0.2689 -0.0735
vn -0.9573 0.2800 -0.0717
vn -0.7944 0.5870 -0.1563
vn -0.3851 0.8914 -0.2391
vn -0.0558 0.9642 -0.2592
vn -0.0584 0.9585 -0.2790
vn -0.0603 0.9688 -0.2402
vn -0.0597 0.9890 -0.1353
vn -0.4081 0.9046 -0.1232
vn -0.8140 0.5757 -0.0773
vn -0.9626 0.2685 -0.0349
vn -0.9610 0.2670 -0.0721
vn -0.9631 0.2621 -0.0607
vn -0.9629 0.2627 -0.0621
vn -0.1531 0.0237 0.9879
vn -0.2288 -0.0994 0.9684
vn -0.3550 0.0611 0.9329
vn -0.4785 0.2524 0.8410
vn -0.5315 0.3298 0.7802
vn -0.0346 -0.1459 0.9887
vn -0.1006 -0.1395 0.9851
vn 0.1329 -0.3615 0.9229
vn -0.0598 -0.2853 0.9566
vn -0.0599 -0.2857 0.9564
vn -0.0607 -0.2894 0.9553
vn -0.0608 -0.2899 0.9551
vn -0.0052 -0.3098 0.9508
vn 0.0019 -0.3189 0.9478
vn -0.0047 -0.3104 0.9506
vn 0.0876 -0.4125 0.9067
vn 0.4620 -0.4006 0.7912
vn 0.1584 -0.3334 0.9294
vn 0.4068 -0.4613 0.7885
vn -0.3271 -0.2042 0.9227
vn -0.2568 -0.2296 0.9388
vn -0.0782 -0.2689 0.9600
vn -0.1773 -0.2215 0.9589
vn -0.0764 -0.2416 0.9674
vn -0.2084 -0.2425 0.9475
vn -0.0075 -0.2427 0.9701
vn -0.0283 -0.2460 0.9689
vn 0.1615 -0.7222 0.6725
vn 0.3326 -0.5720 0.7498
vn 0.0400 -0.4557 0.8892
vn -0.5367 0.2773 0.7969
vn -0.5820 0.4421 0.6825
vn -0.0076 0.8094 -0.5872
vn 0.1498 0.7531 -0.6406
vn -0.0051 0.7951 -0.6065
vn -0.2366 0.8486 -0.4733
vn -0.0130 0.8435 -0.5370
vn -0.1731 0.8260 -0.5364
vn 0.3960 0.6805 -0.6165
vn 0.3259 0.6512 -0.6854
vn 0.1821 0.7912 -0.5838
vn -0.1310 0.8193 -0.5581
vn -0.1400 0.8114 -0.5675
vn -0.2624 -0.9396 0.2199
vn -0.1916 -0.9667 0.1698
vn -0.0179 -0.9872 0.1585
vn -0.1666 -0.9747 0.1487
vn -0.2177 0.9020 0.3728
vn -0.7027 0.5777 0.4154
vn -0.2995 0.7687 0.5652
vn -0.6682 0.6216 0.4088
vn -0.2750 0.7972 0.5374
vn -0.9409 0.2817 0.1879
vn -0.7354 0.5548 0.3891
vn -0.3259 0.7684 0.5508
vn -0.0460 0.8101 0.5845
vn -0.0440 0.8066 0.5895
vn -0.0440 0.8066 0.5894
vn -0.0419 0.8031 0.5944
vn -0.0382 0.8266 0.5614
vn -0.0356 0.8786 0.4763
vn -0.2561 0.8505 0.4594
vn -0.6389 0.6799 0.3599
vn -0.9028 0.3844 0.1928
vn -0.9162 0.3404 0.2114
vn -0.9297 0.3042 0.2078
vn -0.8361 0.5401 0.0955
vn -0.4300 0.8863 0.1721
vn -0.8021 0.5428 0.2489
vn -0.3894 0.8330 0.3930
vn -0.9633 0.2524 -0.0912
vn -0.8554 0.4887 -0.1715
vn -0.4683 0.8368 -0.2837
vn -0.0686 0.9456 -0.3179
vn -0.0625 0.9792 0.1930
vn -0.0562 0.9020 0.4281
vn -0.0509 0.8434 0.5348
vn -0.3565 0.7905 0.4980
vn -0.7690 0.5443 0.3352
vn -0.9513 0.2664 0.1552
vn -0.9607 0.2564 0.1062
vn -0.9677 0.2506 0.0271
vn -0.7784 -0.4847 0.3989
vn -0.7795 -0.3882 0.4915
vn -0.3627 -0.7073 0.6068
vn -0.3649 -0.5655 0.7397
vn -0.9378 -0.3137 0.1487
vn -0.9494 -0.2518 0.1876
vn -0.9523 -0.1970 0.2332
vn -0.0519 -0.6041 0.7952
vn -0.0510 -0.7542 0.6546
vn -0.0532 -0.8936 0.4457
vn -0.3799 -0.8287 0.4110
vn -0.7862 -0.5558 0.2702
vn -0.8266 0.1626 0.5388
vn -0.7867 0.3412 0.5144
vn -0.4222 0.2524 0.8706
vn -0.3723 0.5076 0.7769
vn -0.9660 0.0244 0.2572
vn -0.9652 0.0853 0.2473
vn -0.9519 0.1787 0.2491
vn -0.9125 0.3105 0.2664
vn -0.7077 0.5378 0.4581
vn -0.3046 0.7245 0.6183
vn -0.0415 0.7600 0.6486
vn -0.0527 0.5460 0.8361
vn -0.0620 0.2761 0.9591
vn -0.0629 0.0367 0.9973
vn -0.4258 0.0377 0.9040
vn -0.8279 0.0325 0.5599
vn -0.7445 0.6579 0.1133
vn -0.3304 0.9292 0.1654
vn -0.6867 0.6907 0.2265
vn -0.2818 0.9104 0.3029
vn -0.9569 0.2905 0.0051
vn -0.7903 0.6126 0.0134
vn -0.3792 0.9250 0.0227
vn -0.0547 0.9982 0.0254
vn -0.0465 0.9831 0.1773
vn -0.0386 0.9475 0.3174
vn -0.0360 0.8839 0.4662
vn -0.2674 0.8525 0.4492
vn -0.6576 0.6668 0.3506
vn -0.8909 0.4034 0.2089
vn -0.9239 0.3632 0.1202
vn -0.9447 0.3236 0.0541
vn -0.9633 -0.0186 0.2677
vn -0.8160 -0.0620 0.5747
vn -0.4099 -0.1181 0.9044
vn -0.0601 -0.1382 0.9886
vn -0.8892 0.4516 -0.0737
vn -0.5113 0.8535 -0.1000
vn -0.8233 0.5597 -0.0948
vn -0.4171 0.8990 -0.1335
vn -0.9903 0.1291 -0.0515
vn -0.9433 0.3273 -0.0554
vn -0.6317 0.7712 -0.0790
vn -0.1011 0.9911 -0.0867
vn -0.0766 0.9916 -0.1046
vn -0.0607 0.9882 -0.1407
vn -0.0548 0.9790 -0.1962
vn -0.3798 0.9067 -0.1831
vn -0.7903 0.6000 -0.1241
vn -0.9564 0.2855 -0.0618
vn -0.9638 0.2609 -0.0555
vn -0.9783 0.1995 -0.0561
vn -0.9899 0.1261 -0.0654
vn -0.9604 0.2749 -0.0456
vn -0.9562 0.1997 -0.2140
vn -0.9253 0.3382 -0.1714
vn -0.9999 0.0097 -0.0067
vn -0.9998 0.0181 -0.0088
vn -0.9998 0.0185 -0.0095
vn -0.9955 0.0944 -0.0123
vn -0.9955 0.0945 -0.0104
vn -0.9955 0.0946 -0.0099
vn -0.9665 0.2566 -0.0102
vn -0.8436 0.5369 -0.0088
vn -0.8457 0.5336 -0.0118
vn -0.8439 0.5364 -0.0093
vn -0.8460 0.5331 -0.0122
vn -0.8152 0.5677 -0.1144
vn -0.7400 0.6080 -0.2877
vn -0.8036 0.4426 -0.3980
vn -0.8214 0.3146 -0.4757
vn -0.8102 0.2421 -0.5339
vn -0.9610 0.1296 -0.2442
vn -0.9957 0.0533 -0.0754
vn 0.9562 0.1997 -0.2140
vn 0.9253 0.3382 -0.1714
vn 0.9899 0.1261 -0.0654
vn 0.9604 0.2749 -0.0456
vn 0.7955 0.2491 -0.5523
vn 0.8089 0.3218 -0.4921
vn 0.7946 0.4481 -0.4097
vn 0.7317 0.6115 -0.3012
vn 0.8152 0.5677 -0.1144
vn 0.8460 0.5331 -0.0122
vn 0.8457 0.5336 -0.0118
vn 0.8439 0.5364 -0.0093
vn 0.8436 0.5369 -0.0088
vn 0.9665 0.2566 -0.0102
vn 0.9955 0.0946 -0.0099
vn 0.9955 0.0945 -0.0104
vn 0.9955 0.0944 -0.0123
vn 0.9998 0.0185 -0.0095
vn 0.9957 0.0533 -0.0754
vn 0.9610 0.1296 -0.2442
vn -0.9873 -0.1512 -0.0483
vn -0.9004 -0.4158 -0.1277
vn -0.9848 -0.1542 -0.0805
vn -0.9088 -0.3823 -0.1671
vn -0.9997 -0.0235 -0.0072
vn -0.9996 -0.0272 -0.0113
vn -0.9997 -0.0223 -0.0060
vn -0.9890 -0.1457 -0.0261
vn -0.9886 -0.1481 -0.0261
vn -0.9891 -0.1448 -0.0261
vn -0.9055 -0.4164 -0.0825
vn -0.6326 -0.7561 -0.1680
vn -0.6095 -0.7468 -0.2661
vn -0.6456 -0.6848 -0.3380
vn -0.7150 -0.5908 -0.3738
vn -0.9215 -0.3334 -0.1992
vn -0.9811 -0.1522 -0.1197
vn -0.9932 -0.0623 -0.0985
vn -0.9972 -0.0494 -0.0562
vn -0.9991 -0.0342 -0.0244
vn -0.1183 -0.9879 -0.0999
vn 0.1183 -0.9879 -0.0999
vn -0.1151 -0.9921 -0.0508
vn 0.1151 -0.9921 -0.0508
vn -0.3271 -0.9122 -0.2469
vn -0.1122 -0.9605 -0.2547
vn 0.1121 -0.9606 -0.2543
vn 0.3269 -0.9110 -0.2514
vn 0.3702 -0.9208 -0.1231
vn 0.3760 -0.9244 -0.0640
vn 0.3477 -0.9323 -0.0998
vn 0.1026 -0.9895 -0.1018
vn -0.1026 -0.9895 -0.1018
vn -0.3477 -0.9323 -0.0998
vn -0.3760 -0.9244 -0.0640
vn -0.3702 -0.9208 -0.1231
vn 0.1853 0.9825 -0.0190
vn -0.1853 0.9825 -0.0190
vn 0.1820 0.9815 0.0591
vn -0.1820 0.9815 0.0591
vn 0.4887 0.8413 -0.2310
vn 0.1784 0.9502 -0.2553
vn -0.1784 0.9504 -0.2547
vn -0.4870 0.8408 -0.2364
vn -0.5390 0.8406 -0.0533
vn -0.5481 0.8358 0.0317
vn -0.5287 0.8488 -0.0046
vn -0.1703 0.9854 -0.0006
vn 0.1703 0.9854 -0.0006
vn 0.5287 0.8488 -0.0046
vn 0.5481 0.8358 0.0317
vn 0.5390 0.8406 -0.0533
vn -0.5132 -0.6746 -0.5306
vn 0.4175 -0.7171 -0.5580
vn 0.5270 -0.6804 -0.5092
vn 0.6103 -0.6776 -0.4104
vn 0.6597 -0.6957 -0.2843
vn -0.6739 -0.6846 -0.2777
vn -0.6468 -0.6523 -0.3952
vn -0.5933 -0.6439 -0.4831
vn -0.0703 -0.9108 -0.4069
vn 0.0660 -0.9138 -0.4007
vn -0.2947 -0.9287 -0.2249
vn -0.0833 -0.9660 -0.2448
vn 0.0833 -0.9660 -0.2448
vn 0.2947 -0.9287 -0.2249
vn 0.2670 -0.8914 -0.3664
vn 0.2731 -0.8401 -0.4687
vn 0.3194 -0.7837 -0.5327
vn -0.3993 -0.7483 -0.5297
vn -0.3017 -0.8267 -0.4749
vn -0.2670 -0.8913 -0.3664
vn 0.1279 0.8935 -0.4305
vn -0.1274 0.8944 -0.4288
vn 0.1234 0.7978 -0.5901
vn -0.1166 0.8096 -0.5753
vn 0.4783 0.8618 -0.1688
vn 0.1472 0.9683 -0.2019
vn -0.1472 0.9683 -0.2019
vn -0.4783 0.8618 -0.1688
vn -0.4383 0.8230 -0.3614
vn -0.4340 0.7616 -0.4813
vn -0.4754 0.7005 -0.5322
vn 0.5381 0.6594 -0.5250
vn 0.4570 0.7435 -0.4882
vn 0.4383 0.8230 -0.3614
vn 0.9943 0.1004 -0.0368
vn 0.9576 0.2740 -0.0889
vn 0.9922 0.1036 -0.0698
vn 0.9573 0.2571 -0.1325
vn 0.9999 0.0122 -0.0070
vn 0.9999 0.0155 -0.0042
vn 1.0000 0.0030 -0.0036
vn 0.9955 0.0943 -0.0129
vn 0.9621 0.2695 -0.0402
vn 0.8163 0.5690 -0.0990
vn 0.7946 0.5685 -0.2129
vn 0.8051 0.5170 -0.2908
vn 0.8361 0.4447 -0.3213
vn 0.9588 0.2302 -0.1665
vn 0.9887 0.1036 -0.1081
vn 0.9946 0.0415 -0.0949
vn 0.9980 0.0330 -0.0539
vn 0.9995 0.0233 -0.0225
vn 0.7675 0.6036 -0.2159
vn -0.7675 0.6036 -0.2159
vn -0.7722 0.6180 -0.1472
vn -0.7727 0.6274 -0.0964
vn -0.7706 0.6351 -0.0543
vn 0.7678 0.6383 -0.0546
vn 0.7715 0.6289 -0.0966
vn 0.7728 0.6174 -0.1471
vn -0.9736 -0.1501 -0.1717
vn -0.9392 -0.2669 -0.2162
vn -0.9732 -0.1645 -0.1605
vn -0.9444 -0.2692 -0.1885
vn -0.9872 -0.0714 -0.1427
vn -0.9763 -0.1479 -0.1580
vn -0.9313 -0.2892 -0.2216
vn -0.7807 -0.5002 -0.3746
vn -0.8301 -0.4475 -0.3328
vn -0.8595 -0.4349 -0.2687
vn -0.8725 -0.4501 -0.1903
vn -0.9465 -0.2897 -0.1421
vn -0.9737 -0.1892 -0.1271
vn -0.9842 -0.1229 -0.1276
vn -0.9825 -0.0992 -0.1575
vn -0.9832 -0.0820 -0.1631
vn -0.7015 0.5854 -0.4064
vn -0.7420 0.5927 -0.3133
vn 0.7570 0.5777 -0.3054
vn 0.7302 0.5612 -0.3897
vn 0.9807 0.1122 -0.1602
vn 0.9603 0.2020 -0.1923
vn 0.9595 0.2077 -0.1904
vn 0.9604 0.2015 -0.1924
vn 0.9797 0.1279 -0.1544
vn 0.9619 0.2086 -0.1765
vn 0.9893 0.0494 -0.1374
vn 0.9839 0.1044 -0.1447
vn 0.9594 0.2084 -0.1902
vn 0.8677 0.3830 -0.3169
vn 0.8900 0.3519 -0.2900
vn 0.9045 0.3457 -0.2496
vn 0.9140 0.3549 -0.1969
vn 0.9636 0.2246 -0.1449
vn 0.9804 0.1485 -0.1294
vn 0.9865 0.0999 -0.1301
vn 0.9848 0.0790 -0.1549
vn 0.9855 0.0615 -0.1580
vn 0.9797 0.2003 -0.0086
vn 0.9805 0.1960 -0.0163
vn 0.9796 0.2006 -0.0082
vn 0.9786 0.2058 0.0016
vn 0.9595 0.2816 0.0002
vn 0.9779 0.2087 0.0079
vn 0.9773 0.2113 0.0134
vn 0.9570 0.2894 0.0183
vn 0.9900 0.1402 -0.0173
vn 0.9900 0.1402 -0.0171
vn 0.9898 0.1421 -0.0132
vn 0.9896 0.1430 -0.0118
vn 0.9805 0.1959 -0.0166
vn 0.9810 0.1926 -0.0240
vn 0.9615 0.2745 -0.0154
vn 0.9133 0.4072 -0.0126
vn 0.9087 0.4170 0.0157
vn 0.9030 0.4272 0.0464
vn 0.8966 0.4366 0.0736
vn 0.9542 0.2971 0.0363
vn 0.9767 0.2139 0.0195
vn 0.9760 0.2163 0.0250
vn 0.9887 0.1496 0.0005
vn 0.9892 0.1463 -0.0063
vn 0.9885 0.1514 0.0050
vn 0.9882 0.1529 0.0088
vn 0.9892 0.1462 -0.0066
vn 0.9896 0.1432 -0.0115
vn 0.9815 0.1819 -0.0603
vn 0.9642 0.2555 -0.0704
vn 0.9813 0.1888 -0.0383
vn 0.9636 0.2633 -0.0466
vn 0.9888 0.1197 -0.0897
vn 0.9814 0.1688 -0.0914
vn 0.9645 0.2429 -0.1034
vn 0.9185 0.3704 -0.1386
vn 0.9192 0.3823 -0.0948
vn 0.9183 0.3910 -0.0627
vn 0.9163 0.3987 -0.0370
vn 0.9628 0.2688 -0.0291
vn 0.9810 0.1926 -0.0241
vn 0.9900 0.1395 -0.0196
vn 0.9900 0.1376 -0.0327
vn 0.9899 0.1375 -0.0329
vn 0.9897 0.1319 -0.0562
vn -0.2670 -0.9597 -0.0878
vn 0.2670 -0.9597 -0.0878
vn -0.2631 -0.9646 -0.0167
vn 0.2631 -0.9646 -0.0167
vn -0.6748 -0.7215 -0.1551
vn -0.2706 -0.9411 -0.2027
vn 0.2704 -0.9409 -0.2041
vn 0.6742 -0.7220 -0.1557
vn 0.6694 -0.7397 -0.0688
vn 0.6624 -0.7490 -0.0144
vn 0.6565 -0.7541 0.0198
vn 0.2594 -0.9654 0.0271
vn -0.2594 -0.9654 0.0271
vn -0.6565 -0.7541 0.0198
vn -0.6624 -0.7490 -0.0144
vn -0.6694 -0.7397 -0.0688
vn -0.9709 -0.2361 -0.0401
vn -0.9406 -0.3370 -0.0418
vn -0.9692 -0.2459 -0.0133
vn -0.9373 -0.3482 -0.0125
vn -0.9857 -0.1480 -0.0805
vn -0.9730 -0.2171 -0.0788
vn -0.9445 -0.3172 -0.0850
vn -0.8724 -0.4767 -0.1078
vn -0.8669 -0.4959 -0.0502
vn -0.8614 -0.5077 -0.0125
vn -0.8575 -0.5144 0.0116
vn -0.9354 -0.3536 0.0062
vn -0.9344 -0.3558 0.0165
vn -0.9353 -0.3537 0.0066
vn -0.9684 -0.2494 0.0034
vn -0.9682 -0.2500 0.0114
vn -0.9684 -0.2495 0.0037
vn -0.9848 -0.1734 0.0024
vn -0.9849 -0.1732 0.0080
vn -0.9849 -0.1732 0.0070
vn -0.9850 -0.1718 -0.0141
vn -0.9855 -0.1643 -0.0413
vn -0.2480 -0.9628 0.1074
vn 0.2480 -0.9628 0.1074
vn -0.2463 -0.9544 0.1687
vn 0.2463 -0.9544 0.1687
vn -0.6383 -0.7664 0.0716
vn -0.6385 -0.7649 0.0853
vn -0.6383 -0.7665 0.0717
vn -0.6381 -0.7654 0.0833
vn -0.2480 -0.9646 0.0894
vn 0.2480 -0.9646 0.0894
vn 0.6383 -0.7665 0.0715
vn 0.6381 -0.7654 0.0832
vn 0.6382 -0.7665 0.0717
vn 0.6381 -0.7654 0.0835
vn 0.6352 -0.7618 0.1271
vn 0.6242 -0.7563 0.1959
vn 0.2396 -0.9349 0.2618
vn -0.2396 -0.9349 0.2618
vn -0.6242 -0.7563 0.1959
vn -0.6352 -0.7618 0.1271
vn -0.6381 -0.7654 0.0835
vn -0.2547 -0.9637 0.0798
vn 0.2547 -0.9637 0.0798
vn -0.2529 -0.9615 0.1072
vn 0.2529 -0.9615 0.1072
vn -0.6523 -0.7568 0.0407
vn -0.2568 -0.9650 0.0534
vn 0.2568 -0.9650 0.0534
vn 0.6523 -0.7568 0.0407
vn 0.6491 -0.7582 0.0616
vn 0.6461 -0.7587 0.0833
vn 0.6435 -0.7589 0.1000
vn 0.6434 -0.7589 0.1001
vn 0.6415 -0.7597 0.1060
vn 0.2512 -0.9594 0.1282
vn 0.2506 -0.9590 0.1321
vn 0.2506 -0.9591 0.1320
vn -0.2512 -0.9594 0.1282
vn -0.2506 -0.9591 0.1320
vn -0.2506 -0.9590 0.1321
vn -0.6435 -0.7589 0.1000
vn -0.6415 -0.7597 0.1060
vn -0.6434 -0.7589 0.1001
vn -0.6461 -0.7587 0.0833
vn -0.6491 -0.7582 0.0616
vn -0.9681 -0.2501 0.0172
vn -0.9680 -0.2501 0.0182
vn -0.9679 -0.2502 0.0249
vn -0.9679 -0.2502 0.0240
vn -0.9680 -0.2502 0.0184
vn -0.9344 -0.3559 0.0173
vn -0.9337 -0.3571 0.0265
vn -0.9330 -0.3580 0.0364
vn -0.9336 -0.3572 0.0271
vn -0.9679 -0.2502 0.0251
vn -0.9323 -0.3589 0.0441
vn -0.9324 -0.3589 0.0438
vn -0.9330 -0.3581 0.0368
vn -0.9849 -0.1731 0.0082
vn -0.9682 -0.2500 0.0117
vn -0.8550 -0.5179 0.0263
vn -0.8531 -0.5201 0.0407
vn -0.8514 -0.5216 0.0556
vn -0.8498 -0.5229 0.0665
vn -0.8513 -0.5217 0.0559
vn -0.8485 -0.5243 0.0710
vn -0.8497 -0.5229 0.0670
vn -0.9316 -0.3603 0.0472
vn -0.9323 -0.3589 0.0444
vn 0.7617 0.6478 -0.0124
vn -0.7617 0.6478 -0.0124
vn -0.7566 0.6529 0.0357
vn -0.7450 0.6616 0.0856
vn -0.7319 0.6695 0.1270
vn 0.7221 0.6797 0.1287
vn 0.7347 0.6728 0.0870
vn 0.7473 0.6635 0.0363
vn 0.1868 0.6229 0.7597
vn -0.1868 0.6229 0.7597
vn 0.1650 0.6114 0.7739
vn -0.1650 0.6114 0.7739
vn 0.5860 0.5639 0.5819
vn 0.2116 0.6701 0.7115
vn -0.2116 0.6701 0.7115
vn -0.5860 0.5639 0.5819
vn -0.5442 0.5430 0.6396
vn -0.5047 0.5485 0.6667
vn -0.4653 0.5755 0.6725
vn -0.1455 0.6272 0.7651
vn 0.1455 0.6272 0.7651
vn 0.4653 0.5755 0.6725
vn 0.5047 0.5485 0.6667
vn 0.5442 0.5430 0.6396
vn -0.9295 -0.3671 0.0351
vn -0.9293 -0.3675 0.0359
vn -0.9288 -0.3684 0.0405
vn -0.9294 -0.3675 0.0356
vn -0.9282 -0.3694 0.0451
vn -0.9834 -0.1814 0.0093
vn -0.9836 -0.1802 0.0112
vn -0.9835 -0.1806 0.0106
vn -0.9299 -0.3660 0.0373
vn -0.9297 -0.3667 0.0345
vn -0.8461 -0.5306 0.0500
vn -0.8464 -0.5294 0.0588
vn -0.8461 -0.5306 0.0501
vn -0.8458 -0.5307 0.0549
vn -0.8458 -0.5307 0.0551
vn -0.8436 -0.5314 0.0778
vn -0.8364 -0.5358 0.1158
vn -0.9247 -0.3757 0.0622
vn -0.9805 -0.1964 -0.0057
vn -0.9789 -0.2043 -0.0056
vn -0.9809 -0.1944 -0.0054
vn -0.9820 -0.1888 -0.0002
vn -0.9808 -0.1948 -0.0057
vn -0.9823 -0.1876 0.0011
vn -0.9830 -0.1834 0.0063
vn -0.9822 -0.1877 0.0009
vn 0.2764 0.9092 0.3113
vn -0.2772 0.9082 0.3135
vn 0.2748 0.8977 0.3445
vn -0.2748 0.8977 0.3445
vn 0.6877 0.6949 0.2101
vn -0.6940 0.6921 0.1986
vn -0.6905 0.6921 0.2102
vn -0.6904 0.6921 0.2105
vn -0.6842 0.6920 0.2303
vn -0.6789 0.6882 0.2559
vn -0.6738 0.6809 0.2871
vn -0.2711 0.8832 0.3827
vn 0.2711 0.8832 0.3827
vn 0.6738 0.6809 0.2871
vn 0.6789 0.6882 0.2559
vn 0.6837 0.6926 0.2299
vn 0.9707 0.2339 0.0545
vn 0.9716 0.2312 0.0494
vn 0.9707 0.2340 0.0550
vn 0.9699 0.2349 0.0642
vn 0.9418 0.3240 0.0893
vn 0.9434 0.3213 0.0820
vn 0.9417 0.3241 0.0899
vn 0.9403 0.3247 0.1019
vn 0.9698 0.2350 0.0648
vn 0.9691 0.2342 0.0777
vn 0.9403 0.3247 0.1023
vn 0.9860 0.1648 0.0267
vn 0.9862 0.1634 0.0261
vn 0.9859 0.1651 0.0269
vn 0.9854 0.1674 0.0308
vn 0.9717 0.2310 0.0491
vn 0.9727 0.2274 0.0468
vn 0.9436 0.3210 0.0816
vn 0.9452 0.3170 0.0775
vn 0.8759 0.4638 0.1325
vn 0.8790 0.4600 0.1255
vn 0.8758 0.4640 0.1331
vn 0.8728 0.4663 0.1442
vn 0.8727 0.4663 0.1446
vn 0.8698 0.4659 0.1623
vn 0.8670 0.4628 0.1848
vn 0.9388 0.3231 0.1192
vn 0.9691 0.2341 0.0780
vn 0.9845 0.1685 0.0495
vn 0.9847 0.1686 0.0444
vn 0.9844 0.1685 0.0497
vn 0.9849 0.1686 0.0386
vn 0.9854 0.1675 0.0311
vn -0.1279 -0.9168 0.3783
vn 0.1279 -0.9168 0.3783
vn -0.1038 -0.9102 0.4009
vn 0.1038 -0.9102 0.4009
vn -0.4680 -0.8278 0.3096
vn -0.1470 -0.9213 0.3601
vn 0.1470 -0.9213 0.3601
vn 0.4680 -0.8278 0.3096
vn 0.4211 -0.8471 0.3241
vn 0.3530 -0.8678 0.3498
vn 0.2780 -0.8774 0.3911
vn 0.0797 -0.8962 0.4365
vn -0.0797 -0.8962 0.4365
vn -0.2780 -0.8774 0.3911
vn -0.3530 -0.8678 0.3498
vn -0.4211 -0.8471 0.3241
vn 0.9356 0.1343 0.3264
vn 0.9046 0.2346 0.3559
vn 0.9082 0.2306 0.3491
vn 0.9049 0.2343 0.3553
vn 0.9440 0.1221 0.3065
vn 0.9087 0.2301 0.3483
vn 0.9511 0.0934 0.2943
vn 0.9425 0.1567 0.2952
vn 0.9119 0.2519 0.3241
vn 0.8210 0.3916 0.4155
vn 0.8017 0.3810 0.4606
vn 0.7881 0.3894 0.4767
vn 0.7761 0.4152 0.4746
vn 0.9201 0.2358 0.3127
vn 0.9624 0.1152 0.2461
vn 0.9705 0.0500 0.2357
vn 0.9495 0.0593 0.3081
vn 0.9409 0.0718 0.3310
vn -0.1589 -0.9177 0.3641
vn 0.1589 -0.9177 0.3641
vn -0.1590 -0.9262 0.3418
vn -0.1580 -0.9260 0.3428
vn -0.1580 -0.9260 0.3427
vn 0.1590 -0.9262 0.3418
vn 0.1580 -0.9260 0.3427
vn 0.1580 -0.9260 0.3428
vn -0.4787 -0.8004 0.3608
vn -0.1624 -0.9002 0.4041
vn 0.1624 -0.9002 0.4040
vn 0.4787 -0.8004 0.3608
vn 0.4774 -0.8112 0.3377
vn 0.4848 -0.8150 0.3174
vn 0.4869 -0.8175 0.3075
vn 0.4849 -0.8150 0.3172
vn 0.4870 -0.8176 0.3072
vn 0.1570 -0.9259 0.3437
vn -0.1570 -0.9259 0.3437
vn -0.4869 -0.8175 0.3075
vn -0.4849 -0.8150 0.3172
vn -0.4870 -0.8176 0.3072
vn -0.4848 -0.8150 0.3174
vn -0.4774 -0.8112 0.3377
vn -0.9412 -0.1852 0.2825
vn -0.8942 -0.3526 0.2759
vn -0.9544 -0.1468 0.2601
vn -0.9141 -0.3162 0.2537
vn -0.9553 -0.1348 0.2631
vn -0.9383 -0.2395 0.2495
vn -0.8812 -0.3977 0.2556
vn -0.7410 -0.6029 0.2958
vn -0.7537 -0.5866 0.2964
vn -0.7751 -0.5685 0.2757
vn -0.7922 -0.5606 0.2412
vn -0.9342 -0.2964 0.1984
vn -0.9729 -0.1250 0.1946
vn -0.9765 -0.0387 0.2120
vn -0.9578 -0.0572 0.2818
vn -0.9487 -0.0885 0.3035
vn -0.9460 -0.3223 0.0347
vn -0.9054 -0.4076 0.1189
vn -0.9453 -0.3107 0.0995
vn -0.8879 -0.4340 0.1526
vn -0.9787 -0.2051 -0.0056
vn -0.9526 -0.3042 0.0090
vn -0.9173 -0.3887 0.0866
vn -0.8209 -0.5474 0.1629
vn -0.7968 -0.5679 0.2063
vn -0.7691 -0.5905 0.2445
vn -0.7467 -0.6054 0.2755
vn -0.8792 -0.4311 0.2031
vn -0.9413 -0.2917 0.1699
vn -0.9687 -0.1851 0.1652
vn -0.9746 -0.2104 0.0773
vn -0.9769 -0.2128 0.0208
vn -0.2073 -0.8853 0.4162
vn 0.2073 -0.8853 0.4162
vn -0.1884 -0.8771 0.4418
vn 0.1884 -0.8771 0.4418
vn -0.6007 -0.7515 0.2727
vn -0.2257 -0.9060 0.3581
vn 0.2257 -0.9060 0.3581
vn 0.6007 -0.7515 0.2727
vn 0.5666 -0.7559 0.3278
vn 0.5292 -0.7677 0.3614
vn 0.4969 -0.7833 0.3734
vn 0.1725 -0.8819 0.4387
vn -0.1725 -0.8819 0.4387
vn -0.4969 -0.7833 0.3734
vn -0.5292 -0.7677 0.3614
vn -0.5666 -0.7559 0.3278
vn 0.9668 0.2233 0.1246
vn 0.9352 0.3112 0.1693
vn 0.9635 0.2089 0.1673
vn 0.9314 0.2977 0.2097
vn 0.9839 0.1665 0.0653
vn 0.9682 0.2312 0.0957
vn 0.9373 0.3193 0.1399
vn 0.8639 0.4572 0.2112
vn 0.8598 0.4477 0.2457
vn 0.8529 0.4335 0.2908
vn 0.8407 0.4142 0.3488
vn 0.9240 0.2775 0.2631
vn 0.9560 0.1863 0.2264
vn 0.9694 0.1226 0.2129
vn 0.9789 0.1451 0.1438
vn 0.9826 0.1592 0.0956
vn 0.2616 0.8372 0.4803
vn -0.2616 0.8372 0.4803
vn 0.2519 0.7966 0.5494
vn -0.2519 0.7966 0.5494
vn 0.6682 0.6704 0.3225
vn 0.2671 0.8647 0.4253
vn -0.2671 0.8647 0.4253
vn -0.6682 0.6704 0.3225
vn -0.6604 0.6544 0.3682
vn -0.6470 0.6317 0.4270
vn -0.6233 0.6009 0.5004
vn -0.2356 0.7397 0.6304
vn 0.2356 0.7397 0.6304
vn 0.6233 0.6009 0.5004
vn 0.6470 0.6317 0.4270
vn 0.6604 0.6544 0.3682
vn 0.0519 0.6893 0.7226
vn 0.0401 0.6850 0.7275
vn 0.0398 0.6848 0.7276
vn -0.0401 0.6850 0.7275
vn -0.0519 0.6893 0.7226
vn -0.0398 0.6848 0.7276
vn 0.0294 0.6623 0.7487
vn -0.0294 0.6623 0.7487
vn 0.1932 0.6938 0.6938
vn 0.0521 0.6894 0.7225
vn -0.0521 0.6894 0.7225
vn -0.1931 0.6938 0.6938
vn -0.1482 0.6923 0.7062
vn -0.1069 0.6665 0.7378
vn -0.0692 0.6158 0.7849
vn -0.0207 0.6100 0.7922
vn 0.0207 0.6100 0.7921
vn 0.0692 0.6158 0.7849
vn 0.1069 0.6665 0.7378
vn 0.1482 0.6923 0.7062
vn -0.9922 -0.1017 0.0717
vn -0.9430 -0.3160 0.1043
vn -0.9966 -0.0582 0.0585
vn -0.9298 -0.3544 0.0989
vn -0.9917 -0.0266 0.1256
vn -0.9866 -0.1153 0.1153
vn -0.9451 -0.2968 0.1364
vn -0.7904 -0.5750 0.2113
vn -0.7590 -0.6171 0.2075
vn -0.6933 -0.6833 0.2290
vn -0.5957 -0.7540 0.2768
vn -0.9049 -0.4092 0.1173
vn -0.9966 0.0649 0.0511
vn -0.8733 0.4527 0.1798
vn -0.9898 0.0983 0.1036
vn -0.9962 0.0023 0.0870
vn 0.1058 0.6702 0.7346
vn -0.1058 0.6702 0.7346
vn 0.0857 0.6806 0.7276
vn -0.0857 0.6806 0.7276
vn 0.4200 0.6118 0.6703
vn 0.1263 0.6531 0.7467
vn -0.1263 0.6531 0.7467
vn -0.4200 0.6118 0.6703
vn -0.3643 0.6419 0.6748
vn -0.3038 0.6651 0.6822
vn -0.2451 0.6824 0.6887
vn -0.0675 0.6869 0.7236
vn 0.0675 0.6869 0.7236
vn 0.2451 0.6824 0.6887
vn 0.3038 0.6651 0.6822
vn 0.3643 0.6419 0.6748
vn 0.9869 0.0970 0.1291
vn 0.9273 0.2695 0.2600
vn 0.9933 0.0624 0.0972
vn 0.9183 0.2942 0.2650
vn 0.9887 0.0382 0.1453
vn 0.9788 0.1093 0.1734
vn 0.9290 0.2494 0.2734
vn 0.7548 0.4543 0.4732
vn 0.7123 0.5006 0.4920
vn 0.6485 0.5518 0.5243
vn 0.5691 0.6030 0.5591
vn 0.9058 0.3217 0.2759
vn 0.9987 -0.0183 0.0466
vn 0.9651 -0.2604 0.0258
vn 0.9964 -0.0520 0.0666
vn 0.9955 0.0134 0.0938
vn 0.9430 -0.3160 0.1043
vn 0.9922 -0.1017 0.0717
vn 0.9298 -0.3544 0.0989
vn 0.9966 -0.0582 0.0585
vn 0.7904 -0.5750 0.2113
vn 0.9451 -0.2968 0.1364
vn 0.9866 -0.1153 0.1153
vn 0.9917 -0.0266 0.1256
vn 0.9962 0.0023 0.0870
vn 0.9898 0.0983 0.1036
vn 0.8733 0.4527 0.1798
vn 0.9966 0.0649 0.0511
vn 0.9049 -0.4092 0.1173
vn 0.5957 -0.7540 0.2768
vn 0.6933 -0.6833 0.2290
vn 0.7590 -0.6171 0.2075
vn 0.9924 0.0094 0.1227
vn 0.9925 0.0084 0.1223
vn 0.9928 -0.0007 0.1194
vn 0.9929 -0.0017 0.1191
vn 0.9823 0.0389 0.1832
vn 0.9869 -0.0308 0.1582
vn 0.9899 -0.0056 0.1419
vn 0.9898 -0.0052 0.1425
vn 0.9886 0.0006 0.1507
vn 0.9885 0.0015 0.1513
vn 0.9882 0.0077 0.1530
vn 0.9882 0.0089 0.1528
vn 0.9886 0.0165 0.1495
vn 0.9887 0.0174 0.1491
vn 0.9945 -0.0042 0.1049
vn 0.9919 -0.0646 0.1097
vn 0.9547 -0.2383 0.1784
vn 0.9403 -0.1126 0.3210
vn 0.9105 0.1094 0.3987
vn 0.8648 0.3634 0.3465
vn 0.9819 0.0992 0.1615
vn 0.9937 0.0180 0.1106
vn -0.9273 0.2695 0.2600
vn -0.9869 0.0970 0.1291
vn -0.9183 0.2942 0.2650
vn -0.9933 0.0624 0.0972
vn -0.7548 0.4543 0.4732
vn -0.9290 0.2494 0.2734
vn -0.9788 0.1093 0.1734
vn -0.9887 0.0382 0.1453
vn -0.9955 0.0134 0.0938
vn -0.9964 -0.0520 0.0666
vn -0.9651 -0.2604 0.0258
vn -0.9987 -0.0183 0.0466
vn -0.9058 0.3217 0.2759
vn -0.5691 0.6030 0.5591
vn -0.6485 0.5518 0.5243
vn -0.7123 0.5006 0.4920
vn -0.9929 -0.0017 0.1191
vn -0.9925 0.0084 0.1223
vn -0.9928 -0.0007 0.1194
vn -0.9924 0.0094 0.1227
vn -0.9869 -0.0308 0.1582
vn -0.9823 0.0389 0.1832
vn -0.9887 0.0174 0.1491
vn -0.9882 0.0089 0.1528
vn -0.9886 0.0166 0.1494
vn -0.9885 0.0015 0.1513
vn -0.9882 0.0077 0.1530
vn -0.9898 -0.0052 0.1425
vn -0.9886 0.0006 0.1507
vn -0.9899 -0.0056 0.1419
vn -0.9937 0.0180 0.1106
vn -0.9819 0.0992 0.1615
vn -0.8648 0.3634 0.3465
vn -0.9105 0.1094 0.3987
vn -0.9403 -0.1126 0.3210
vn -0.9547 -0.2383 0.1784
vn -0.9919 -0.0646 0.1097
vn -0.9945 -0.0042 0.1049
vn 0.8266 -0.4403 0.3504
vn 0.8612 0.5083 0.0014
vn 0.7094 -0.2220 0.6689
vn 0.6997 0.7007 0.1396
vn 0.4897 -0.7917 0.3652
vn 0.8690 -0.4605 0.1811
vn 0.9601 0.2794 0.0132
vn 0.5857 0.8081 0.0619
vn 0.3814 0.9166 -0.1197
vn 0.3105 0.9369 -0.1608
vn 0.2660 0.9633 -0.0360
vn 0.4304 0.7870 0.4420
vn 0.3994 0.1333 0.9071
vn 0.2473 -0.2805 0.9274
vn 0.3320 -0.5977 0.7298
vn 0.4037 -0.7579 0.5124
vn 0.2047 0.0894 0.9747
vn 0.2397 -0.3617 0.9009
vn -0.2047 0.0894 0.9747
vn -0.2397 -0.3617 0.9009
vn 0.4029 0.6735 0.6197
vn 0.6174 0.1609 0.7701
vn 0.6955 -0.2653 0.6678
vn 0.6870 -0.5280 0.4993
vn 0.2285 -0.6473 0.7272
vn -0.2285 -0.6473 0.7272
vn -0.6870 -0.5280 0.4993
vn -0.6955 -0.2653 0.6678
vn -0.6174 0.1609 0.7701
vn -0.4029 0.6735 0.6197
vn -0.1063 0.7239 0.6817
vn 0.1063 0.7239 0.6817
vn 0.8997 -0.4193 0.1212
vn 0.9513 -0.3040 0.0503
vn 0.8878 -0.4336 0.1543
vn 0.9453 -0.3107 0.0996
vn 0.8209 -0.5474 0.1629
vn 0.9132 -0.3979 0.0884
vn 0.9579 -0.2863 0.0190
vn 0.9790 -0.2037 -0.0049
vn 0.9810 -0.1939 -0.0045
vn 0.9792 -0.2028 -0.0049
vn 0.9769 -0.2128 0.0208
vn 0.9746 -0.2104 0.0773
vn 0.9687 -0.1851 0.1652
vn 0.9413 -0.2917 0.1699
vn 0.8792 -0.4311 0.2031
vn 0.7467 -0.6054 0.2755
vn 0.7691 -0.5905 0.2445
vn 0.7968 -0.5679 0.2063
vn 0.9987 -0.0423 0.0274
vn 0.9981 0.0357 0.0493
vn 0.9950 -0.0419 0.0911
vn 0.9935 0.0300 0.1094
vn 0.9928 -0.1190 -0.0108
vn 0.9922 -0.1239 -0.0130
vn 0.9922 -0.1242 -0.0132
vn 0.9992 -0.0398 -0.0061
vn 0.9992 -0.0410 -0.0038
vn 0.9992 -0.0410 -0.0037
vn 0.9992 0.0384 0.0084
vn 0.9991 0.0384 0.0163
vn 0.9991 0.0384 0.0167
vn 0.9937 0.1083 0.0279
vn 0.9934 0.1076 0.0403
vn 0.9934 0.1075 0.0407
vn 0.9921 0.1022 0.0727
vn 0.9877 0.0910 0.1272
vn 0.9757 0.0734 0.2065
vn 0.9799 0.0216 0.1981
vn 0.9817 -0.0378 0.1867
vn 0.9790 -0.1056 0.1743
vn 0.9894 -0.1232 0.0775
vn 0.9917 -0.1274 0.0146
vn -0.9352 0.3112 0.1693
vn -0.9668 0.2233 0.1246
vn -0.9314 0.2977 0.2097
vn -0.9635 0.2089 0.1673
vn -0.8639 0.4572 0.2112
vn -0.9373 0.3193 0.1399
vn -0.9682 0.2312 0.0957
vn -0.9839 0.1665 0.0653
vn -0.9826 0.1592 0.0956
vn -0.9789 0.1451 0.1438
vn -0.9694 0.1226 0.2129
vn -0.9560 0.1863 0.2264
vn -0.9240 0.2775 0.2631
vn -0.8407 0.4142 0.3488
vn -0.8529 0.4335 0.2908
vn -0.8598 0.4477 0.2457
vn -0.9981 0.0357 0.0493
vn -0.9987 -0.0423 0.0274
vn -0.9935 0.0300 0.1094
vn -0.9950 -0.0419 0.0911
vn -0.9934 0.1076 0.0403
vn -0.9937 0.1083 0.0279
vn -0.9934 0.1075 0.0407
vn -0.9991 0.0384 0.0163
vn -0.9992 0.0384 0.0084
vn -0.9991 0.0384 0.0167
vn -0.9992 -0.0410 -0.0038
vn -0.9992 -0.0398 -0.0061
vn -0.9992 -0.0410 -0.0037
vn -0.9922 -0.1239 -0.0130
vn -0.9928 -0.1190 -0.0108
vn -0.9922 -0.1242 -0.0132
vn -0.9917 -0.1274 0.0146
vn -0.9894 -0.1232 0.0775
vn -0.9790 -0.1056 0.1743
vn -0.9817 -0.0378 0.1867
vn -0.9799 0.0216 0.1981
vn -0.9757 0.0734 0.2065
vn -0.9877 0.0910 0.1272
vn -0.9921 0.1022 0.0727
vn -0.9046 0.2346 0.3559
vn -0.9049 0.2343 0.3553
vn -0.9082 0.2306 0.3492
vn -0.9356 0.1343 0.3264
vn -0.9087 0.2301 0.3483
vn -0.9440 0.1221 0.3065
vn -0.8210 0.3916 0.4155
vn -0.9119 0.2519 0.3241
vn -0.9425 0.1567 0.2952
vn -0.9511 0.0934 0.2943
vn -0.9409 0.0718 0.3310
vn -0.9495 0.0593 0.3081
vn -0.9705 0.0500 0.2357
vn -0.9624 0.1152 0.2461
vn -0.9201 0.2358 0.3127
vn -0.7761 0.4152 0.4746
vn -0.7881 0.3894 0.4766
vn -0.8017 0.3810 0.4606
vn -0.9384 0.0099 0.3453
vn -0.9402 -0.0166 0.3403
vn -0.9458 0.0110 0.3244
vn -0.9474 -0.0068 0.3199
vn -0.9528 0.0515 0.2994
vn -0.9540 0.0128 0.2996
vn -0.9555 -0.0282 0.2937
vn -0.9568 -0.0742 0.2812
vn -0.9442 -0.0453 0.3262
vn -0.9519 -0.0251 0.3055
vn -0.9724 -0.0134 0.2329
vn -0.9694 -0.0008 0.2453
vn -0.9695 -0.0012 0.2452
vn -0.9686 0.0111 0.2486
vn -0.9685 0.0115 0.2487
vn -0.9694 0.0258 0.2443
vn -0.9470 0.0306 0.3198
vn -0.9391 0.0372 0.3417
vn 0.8942 -0.3526 0.2759
vn 0.9412 -0.1852 0.2825
vn 0.9141 -0.3162 0.2537
vn 0.9544 -0.1468 0.2601
vn 0.7410 -0.6029 0.2958
vn 0.8812 -0.3977 0.2556
vn 0.9383 -0.2395 0.2495
vn 0.9553 -0.1348 0.2631
vn 0.9487 -0.0885 0.3035
vn 0.9578 -0.0572 0.2818
vn 0.9765 -0.0387 0.2120
vn 0.9729 -0.1250 0.1946
vn 0.9342 -0.2964 0.1984
vn 0.7922 -0.5606 0.2412
vn 0.7751 -0.5685 0.2757
vn 0.7537 -0.5866 0.2964
vn 0.9402 -0.0166 0.3403
vn 0.9384 0.0099 0.3453
vn 0.9474 -0.0068 0.3199
vn 0.9458 0.0110 0.3244
vn 0.9568 -0.0742 0.2812
vn 0.9555 -0.0282 0.2937
vn 0.9540 0.0128 0.2996
vn 0.9528 0.0515 0.2994
vn 0.9391 0.0372 0.3417
vn 0.9470 0.0306 0.3198
vn 0.9694 0.0258 0.2443
vn 0.9694 -0.0008 0.2453
vn 0.9685 0.0115 0.2487
vn 0.9686 0.0111 0.2486
vn 0.9695 -0.0012 0.2452
vn 0.9724 -0.0134 0.2329
vn 0.9519 -0.0251 0.3055
vn 0.9442 -0.0453 0.3262
vn 0.9280 -0.3704 0.0408
vn 0.9289 -0.3685 0.0361
vn 0.9293 -0.3677 0.0352
vn 0.9290 -0.3684 0.0358
vn 0.9270 -0.3722 0.0457
vn 0.8464 -0.5294 0.0587
vn 0.8461 -0.5306 0.0501
vn 0.8458 -0.5307 0.0549
vn 0.9298 -0.3662 0.0373
vn 0.9298 -0.3662 0.0374
vn 0.9296 -0.3669 0.0345
vn 0.9837 -0.1792 0.0117
vn 0.9835 -0.1809 0.0095
vn 0.9837 -0.1797 0.0110
vn 0.9828 -0.1849 0.0022
vn 0.9831 -0.1830 0.0064
vn 0.9814 -0.1917 -0.0041
vn 0.9825 -0.1860 0.0011
vn 0.9827 -0.1849 0.0021
vn 0.9814 -0.1921 -0.0045
vn 0.9224 -0.3811 0.0632
vn 0.8364 -0.5358 0.1158
vn 0.8436 -0.5314 0.0778
vn 0.8458 -0.5307 0.0551
vn 0.9993 -0.0374 -0.0005
vn 0.9993 -0.0382 -0.0021
vn 0.9993 0.0368 0.0024
vn 0.9993 0.0375 0.0040
vn 0.9992 -0.0396 -0.0060
vn 0.9992 -0.0392 -0.0048
vn 0.9993 0.0381 0.0065
vn 0.9993 0.0381 0.0066
vn 0.9939 -0.1107 0.0034
vn 0.9938 -0.1107 0.0033
vn 0.9940 -0.1097 0.0048
vn 0.9941 -0.1081 0.0053
vn 0.9941 -0.1087 0.0051
vn 0.9993 -0.0366 0.0002
vn 0.9993 0.0360 0.0017
vn 0.9946 0.1033 0.0107
vn 0.9946 0.1034 0.0107
vn 0.9943 0.1056 0.0127
vn 0.9943 0.1055 0.0125
vn 0.9941 0.1071 0.0170
vn 0.9940 0.1077 0.0196
vn 0.9939 0.1080 0.0236
vn 0.9939 0.1080 0.0237
vn 0.9934 -0.1146 -0.0036
vn 0.9929 -0.1185 -0.0103
vn 0.9936 -0.1131 -0.0008
vn 0.9934 -0.1144 -0.0032
vn -0.9434 0.3213 0.0820
vn -0.9419 0.3240 0.0892
vn -0.9403 0.3247 0.1018
vn -0.9417 0.3241 0.0899
vn -0.9716 0.2313 0.0494
vn -0.9707 0.2339 0.0545
vn -0.9699 0.2349 0.0642
vn -0.9707 0.2340 0.0550
vn -0.9403 0.3247 0.1023
vn -0.9691 0.2342 0.0777
vn -0.9698 0.2350 0.0648
vn -0.8790 0.4601 0.1255
vn -0.8759 0.4639 0.1326
vn -0.8728 0.4663 0.1442
vn -0.8757 0.4641 0.1331
vn -0.9452 0.3170 0.0775
vn -0.9436 0.3210 0.0816
vn -0.9727 0.2274 0.0468
vn -0.9717 0.2310 0.0491
vn -0.9862 0.1634 0.0261
vn -0.9860 0.1649 0.0268
vn -0.9854 0.1674 0.0308
vn -0.9859 0.1651 0.0269
vn -0.9849 0.1686 0.0385
vn -0.9854 0.1675 0.0311
vn -0.9845 0.1685 0.0495
vn -0.9847 0.1686 0.0444
vn -0.9844 0.1685 0.0497
vn -0.9691 0.2341 0.0780
vn -0.9388 0.3231 0.1192
vn -0.8670 0.4628 0.1848
vn -0.8698 0.4659 0.1623
vn -0.8727 0.4663 0.1446
vn -0.9993 0.0368 0.0024
vn -0.9993 0.0375 0.0040
vn -0.9993 -0.0374 -0.0005
vn -0.9993 -0.0382 -0.0021
vn -0.9993 0.0381 0.0066
vn -0.9993 0.0381 0.0065
vn -0.9992 -0.0392 -0.0048
vn -0.9992 -0.0396 -0.0061
vn -0.9946 0.1034 0.0107
vn -0.9946 0.1033 0.0107
vn -0.9943 0.1055 0.0125
vn -0.9943 0.1056 0.0127
vn -0.9993 0.0360 0.0017
vn -0.9993 -0.0366 0.0002
vn -0.9938 -0.1107 0.0033
vn -0.9939 -0.1107 0.0034
vn -0.9940 -0.1089 0.0050
vn -0.9941 -0.1084 0.0052
vn -0.9940 -0.1097 0.0048
vn -0.9936 -0.1131 -0.0008
vn -0.9934 -0.1144 -0.0032
vn -0.9934 -0.1146 -0.0036
vn -0.9929 -0.1185 -0.0103
vn -0.9939 0.1080 0.0236
vn -0.9939 0.1080 0.0237
vn -0.9941 0.1071 0.0170
vn -0.9940 0.1077 0.0196
vn -0.9595 0.2816 0.0002
vn -0.9805 0.1960 -0.0163
vn -0.9797 0.2004 -0.0086
vn -0.9786 0.2058 0.0016
vn -0.9797 0.2005 -0.0083
vn -0.9570 0.2894 0.0183
vn -0.9773 0.2113 0.0135
vn -0.9779 0.2087 0.0079
vn -0.9133 0.4072 -0.0126
vn -0.9615 0.2745 -0.0154
vn -0.9810 0.1926 -0.0240
vn -0.9805 0.1958 -0.0166
vn -0.9900 0.1402 -0.0171
vn -0.9900 0.1402 -0.0173
vn -0.9897 0.1430 -0.0118
vn -0.9898 0.1421 -0.0132
vn -0.9892 0.1461 -0.0067
vn -0.9896 0.1432 -0.0115
vn -0.9887 0.1496 0.0004
vn -0.9892 0.1463 -0.0063
vn -0.9882 0.1529 0.0088
vn -0.9885 0.1514 0.0050
vn -0.9760 0.2162 0.0249
vn -0.9767 0.2139 0.0195
vn -0.9542 0.2971 0.0363
vn -0.8966 0.4366 0.0736
vn -0.9030 0.4272 0.0464
vn -0.9087 0.4170 0.0157
vn -0.9994 0.0330 -0.0036
vn -0.9995 0.0329 -0.0035
vn -0.9994 -0.0341 0.0036
vn -0.9994 -0.0344 0.0034
vn -0.9994 -0.0342 0.0036
vn -0.9994 0.0331 -0.0030
vn -0.9994 -0.0341 0.0034
vn -0.9957 0.0920 -0.0119
vn -0.9957 0.0920 -0.0121
vn -0.9957 0.0920 -0.0102
vn -0.9957 0.0920 -0.0101
vn -0.9994 0.0334 -0.0048
vn -0.9994 0.0334 -0.0049
vn -0.9994 -0.0352 -0.0001
vn -0.9994 -0.0349 0.0015
vn -0.9994 -0.0347 0.0032
vn -0.9946 -0.1035 0.0095
vn -0.9946 -0.1032 0.0105
vn -0.9946 -0.1033 0.0103
vn -0.9994 -0.0343 0.0029
vn -0.9994 -0.0343 0.0028
vn -0.9994 -0.0341 0.0033
vn -0.9994 0.0334 -0.0020
vn -0.9994 0.0334 -0.0019
vn -0.9956 0.0940 -0.0060
vn -0.9955 0.0947 -0.0045
vn -0.9953 0.0963 0.0003
vn -0.9954 0.0956 -0.0018
vn -0.9957 0.0927 -0.0087
vn -0.9957 0.0927 -0.0089
vn -0.9642 0.2555 -0.0704
vn -0.9815 0.1819 -0.0603
vn -0.9636 0.2633 -0.0466
vn -0.9813 0.1888 -0.0383
vn -0.9185 0.3704 -0.1386
vn -0.9645 0.2429 -0.1034
vn -0.9814 0.1688 -0.0914
vn -0.9888 0.1197 -0.0897
vn -0.9897 0.1319 -0.0562
vn -0.9899 0.1375 -0.0329
vn -0.9900 0.1395 -0.0196
vn -0.9899 0.1376 -0.0327
vn -0.9810 0.1926 -0.0241
vn -0.9628 0.2688 -0.0291
vn -0.9163 0.3987 -0.0370
vn -0.9183 0.3910 -0.0627
vn -0.9192 0.3823 -0.0948
vn -0.9982 0.0329 -0.0491
vn -0.9984 -0.0344 -0.0454
vn -0.9992 0.0339 -0.0214
vn -0.9992 -0.0356 -0.0166
vn -0.9927 0.0798 -0.0906
vn -0.9956 0.0297 -0.0894
vn -0.9957 -0.0309 -0.0870
vn -0.9922 -0.0921 -0.0841
vn -0.9938 -0.1026 -0.0431
vn -0.9942 -0.1067 -0.0146
vn -0.9942 -0.1075 0.0010
vn -0.9994 -0.0352 -0.0002
vn -0.9994 0.0337 -0.0062
vn -0.9956 0.0922 -0.0135
vn -0.9954 0.0919 -0.0276
vn -0.9946 0.0885 -0.0533
vn 0.9406 -0.3370 -0.0418
vn 0.9709 -0.2361 -0.0401
vn 0.9373 -0.3482 -0.0125
vn 0.9692 -0.2459 -0.0133
vn 0.8724 -0.4767 -0.1078
vn 0.9445 -0.3172 -0.0850
vn 0.9730 -0.2171 -0.0788
vn 0.9857 -0.1480 -0.0805
vn 0.9855 -0.1643 -0.0413
vn 0.9850 -0.1718 -0.0141
vn 0.9849 -0.1729 0.0074
vn 0.9849 -0.1728 0.0085
vn 0.9848 -0.1734 0.0024
vn 0.9684 -0.2494 0.0034
vn 0.9684 -0.2495 0.0038
vn 0.9682 -0.2500 0.0114
vn 0.9354 -0.3536 0.0062
vn 0.9353 -0.3537 0.0067
vn 0.9344 -0.3558 0.0165
vn 0.8575 -0.5144 0.0116
vn 0.8614 -0.5077 -0.0125
vn 0.8669 -0.4959 -0.0502
vn 0.9984 -0.0344 -0.0454
vn 0.9982 0.0329 -0.0491
vn 0.9992 -0.0356 -0.0165
vn 0.9992 0.0339 -0.0214
vn 0.9922 -0.0921 -0.0841
vn 0.9957 -0.0309 -0.0870
vn 0.9956 0.0297 -0.0894
vn 0.9927 0.0798 -0.0906
vn 0.9946 0.0885 -0.0533
vn 0.9954 0.0919 -0.0276
vn 0.9956 0.0922 -0.0135
vn 0.9957 0.0920 -0.0119
vn 0.9957 0.0920 -0.0121
vn 0.9994 0.0337 -0.0062
vn 0.9994 0.0334 -0.0048
vn 0.9994 0.0334 -0.0049
vn 0.9994 -0.0355 -0.0002
vn 0.9994 -0.0351 0.0016
vn 0.9994 -0.0351 0.0015
vn 0.9943 -0.1068 0.0019
vn 0.9942 -0.1067 -0.0146
vn 0.9938 -0.1026 -0.0431
vn 0.9337 -0.3571 0.0265
vn 0.9344 -0.3559 0.0173
vn 0.9336 -0.3572 0.0271
vn 0.9330 -0.3581 0.0364
vn 0.9679 -0.2502 0.0240
vn 0.9679 -0.2502 0.0248
vn 0.9680 -0.2501 0.0182
vn 0.9681 -0.2501 0.0172
vn 0.9680 -0.2501 0.0184
vn 0.9322 -0.3593 0.0437
vn 0.9322 -0.3593 0.0441
vn 0.9329 -0.3582 0.0367
vn 0.9679 -0.2502 0.0251
vn 0.8550 -0.5179 0.0263
vn 0.9682 -0.2500 0.0117
vn 0.9849 -0.1728 0.0086
vn 0.9316 -0.3605 0.0471
vn 0.9321 -0.3594 0.0443
vn 0.8498 -0.5229 0.0665
vn 0.8513 -0.5217 0.0559
vn 0.8497 -0.5229 0.0670
vn 0.8486 -0.5243 0.0710
vn 0.8514 -0.5216 0.0556
vn 0.8531 -0.5201 0.0407
vn 0.9994 -0.0345 0.0034
vn 0.9994 -0.0342 0.0036
vn 0.9994 -0.0343 0.0035
vn 0.9994 0.0330 -0.0036
vn 0.9995 0.0329 -0.0035
vn 0.9994 -0.0341 0.0034
vn 0.9994 0.0331 -0.0030
vn 0.9994 -0.0348 0.0032
vn 0.9957 0.0920 -0.0101
vn 0.9957 0.0920 -0.0102
vn 0.9957 0.0927 -0.0087
vn 0.9957 0.0927 -0.0089
vn 0.9956 0.0940 -0.0060
vn 0.9955 0.0947 -0.0045
vn 0.9954 0.0956 -0.0018
vn 0.9953 0.0963 0.0003
vn 0.9994 0.0334 -0.0019
vn 0.9994 0.0334 -0.0020
vn 0.9994 -0.0343 0.0028
vn 0.9994 -0.0343 0.0029
vn 0.9994 -0.0341 0.0033
vn 0.9946 -0.1031 0.0105
vn 0.9946 -0.1035 0.0095
vn 0.9946 -0.1032 0.0103
vn 0.9392 -0.2669 -0.2162
vn 0.9736 -0.1501 -0.1717
vn 0.9444 -0.2692 -0.1885
vn 0.9732 -0.1645 -0.1605
vn 0.7807 -0.5002 -0.3746
vn 0.9313 -0.2892 -0.2216
vn 0.9763 -0.1479 -0.1580
vn 0.9872 -0.0714 -0.1427
vn 0.9832 -0.0820 -0.1631
vn 0.9825 -0.0992 -0.1575
vn 0.9842 -0.1229 -0.1276
vn 0.9737 -0.1892 -0.1271
vn 0.9465 -0.2897 -0.1421
vn 0.8725 -0.4501 -0.1903
vn 0.8595 -0.4349 -0.2687
vn 0.8300 -0.4475 -0.3328
vn 0.9856 -0.0166 -0.1682
vn 0.9859 -0.0184 -0.1665
vn 0.9857 0.0124 -0.1678
vn 0.9860 0.0151 -0.1663
vn 0.9861 -0.0201 -0.1648
vn 0.9862 0.0177 -0.1648
vn 0.9889 -0.0391 -0.1435
vn 0.9894 -0.0142 -0.1447
vn 0.9895 0.0089 -0.1443
vn 0.9895 0.0277 -0.1416
vn 0.9857 0.0366 -0.1643
vn 0.9857 0.0431 -0.1628
vn 0.9857 0.0369 -0.1642
vn 0.9856 0.0495 -0.1614
vn 0.9887 0.0651 -0.1348
vn 0.9903 0.0240 -0.1367
vn 0.9904 -0.0253 -0.1357
vn 0.9883 -0.0752 -0.1325
vn 0.9850 -0.0529 -0.1641
vn 0.9850 -0.0473 -0.1660
vn 0.9850 -0.0589 -0.1620
vn 0.9850 -0.0469 -0.1661
vn -0.9595 0.2077 -0.1904
vn -0.9603 0.2020 -0.1923
vn -0.9604 0.2015 -0.1924
vn -0.9807 0.1122 -0.1602
vn -0.9619 0.2086 -0.1765
vn -0.9797 0.1279 -0.1544
vn -0.8648 0.3872 -0.3195
vn -0.9594 0.2084 -0.1902
vn -0.9840 0.1044 -0.1447
vn -0.9893 0.0494 -0.1374
vn -0.9855 0.0615 -0.1580
vn -0.9848 0.0790 -0.1549
vn -0.9865 0.0999 -0.1301
vn -0.9804 0.1485 -0.1294
vn -0.9636 0.2246 -0.1449
vn -0.9140 0.3549 -0.1969
vn -0.9043 0.3462 -0.2500
vn -0.8883 0.3546 -0.2919
vn -0.9857 0.0124 -0.1678
vn -0.9860 0.0151 -0.1663
vn -0.9856 -0.0166 -0.1682
vn -0.9859 -0.0184 -0.1665
vn -0.9862 0.0177 -0.1648
vn -0.9861 -0.0201 -0.1648
vn -0.9895 0.0277 -0.1416
vn -0.9895 0.0089 -0.1443
vn -0.9894 -0.0142 -0.1447
vn -0.9889 -0.0391 -0.1435
vn -0.9850 -0.0469 -0.1661
vn -0.9850 -0.0529 -0.1641
vn -0.9850 -0.0473 -0.1660
vn -0.9850 -0.0589 -0.1620
vn -0.9883 -0.0752 -0.1325
vn -0.9904 -0.0253 -0.1357
vn -0.9903 0.0240 -0.1367
vn -0.9887 0.0651 -0.1348
vn -0.9857 0.0431 -0.1628
vn -0.9857 0.0369 -0.1642
vn -0.9856 0.0495 -0.1614
vn -0.9857 0.0366 -0.1643
vn 0.9004 -0.4158 -0.1277
vn 0.9873 -0.1512 -0.0483
vn 0.9088 -0.3823 -0.1671
vn 0.9848 -0.1542 -0.0805
vn 0.6326 -0.7561 -0.1680
vn 0.9055 -0.4164 -0.0825
vn 0.9886 -0.1481 -0.0261
vn 0.9890 -0.1457 -0.0261
vn 0.9891 -0.1448 -0.0261
vn 0.9996 -0.0272 -0.0113
vn 0.9997 -0.0235 -0.0072
vn 0.9997 -0.0223 -0.0060
vn 0.9991 -0.0342 -0.0244
vn 0.9972 -0.0494 -0.0562
vn 0.9932 -0.0623 -0.0985
vn 0.9811 -0.1522 -0.1197
vn 0.9215 -0.3334 -0.1992
vn 0.7150 -0.5908 -0.3738
vn 0.6456 -0.6848 -0.3380
vn 0.6095 -0.7468 -0.2661
vn 0.9997 -0.0102 -0.0221
vn 0.9998 -0.0006 -0.0220
vn 0.9998 -0.0008 -0.0220
vn 0.9997 -0.0044 -0.0221
vn 0.9997 0.0072 -0.0217
vn 0.9998 0.0028 -0.0220
vn 0.9983 -0.0210 -0.0540
vn 0.9985 -0.0078 -0.0540
vn 0.9985 0.0048 -0.0539
vn 0.9985 -0.0087 -0.0540
vn 0.9985 0.0146 -0.0534
vn 0.9985 0.0052 -0.0539
vn 0.9999 -0.0050 -0.0090
vn 1.0000 -0.0006 -0.0043
vn 1.0000 -0.0011 -0.0036
vn 1.0000 -0.0022 -0.0036
vn 1.0000 0.0002 -0.0037
vn 1.0000 -0.0001 -0.0036
vn 1.0000 0.0006 -0.0038
vn 1.0000 0.0011 -0.0035
vn 0.9997 0.0076 -0.0217
vn 0.9985 0.0151 -0.0534
vn 0.9951 0.0217 -0.0961
vn 0.9952 0.0069 -0.0973
vn 0.9952 -0.0116 -0.0975
vn 0.9948 -0.0318 -0.0972
vn 0.9983 -0.0220 -0.0540
vn 0.9997 -0.0110 -0.0221
vn -0.9576 0.2740 -0.0889
vn -0.9943 0.1004 -0.0368
vn -0.9573 0.2571 -0.1325
vn -0.9922 0.1036 -0.0698
vn -0.8163 0.5690 -0.0990
vn -0.9621 0.2695 -0.0402
vn -0.9955 0.0943 -0.0129
vn -1.0000 0.0030 -0.0036
vn -0.9999 0.0155 -0.0042
vn -0.9995 0.0233 -0.0225
vn -0.9980 0.0330 -0.0539
vn -0.9946 0.0415 -0.0949
vn -0.9887 0.1036 -0.1081
vn -0.9588 0.2302 -0.1665
vn -0.8361 0.4447 -0.3213
vn -0.8051 0.5170 -0.2908
vn -0.7946 0.5685 -0.2129
vn -0.9997 0.0072 -0.0217
vn -0.9998 -0.0006 -0.0220
vn -0.9998 -0.0008 -0.0220
vn -0.9998 0.0028 -0.0220
vn -0.9997 -0.0102 -0.0221
vn -0.9997 -0.0044 -0.0221
vn -0.9985 0.0146 -0.0534
vn -0.9985 -0.0078 -0.0540
vn -0.9985 0.0048 -0.0539
vn -0.9985 0.0052 -0.0539
vn -0.9983 -0.0210 -0.0540
vn -0.9985 -0.0087 -0.0540
vn -1.0000 0.0006 -0.0038
vn -1.0000 0.0011 -0.0035
vn -1.0000 0.0002 -0.0037
vn -1.0000 -0.0001 -0.0036
vn -1.0000 -0.0006 -0.0043
vn -1.0000 -0.0010 -0.0036
vn -0.9999 -0.0050 -0.0090
vn -1.0000 -0.0022 -0.0036
vn -0.9997 -0.0110 -0.0221
vn -0.9983 -0.0220 -0.0540
vn -0.9948 -0.0318 -0.0972
vn -0.9952 -0.0116 -0.0975
vn -0.9952 0.0069 -0.0973
vn -0.9951 0.0217 -0.0961
vn -0.9985 0.0151 -0.0534
vn -0.9997 0.0076 -0.0217
vn 0.8301 -0.5140 -0.2161
vn 0.9083 -0.3345 -0.2510
vn 0.9005 -0.4253 -0.0904
vn 0.9741 -0.2072 -0.0904
vn 0.5612 -0.7755 -0.2893
vn 0.6592 -0.6353 -0.4023
vn 0.7143 -0.5014 -0.4881
vn 0.7290 -0.4039 -0.5526
vn 0.9345 -0.2263 -0.2747
vn 0.9920 -0.0903 -0.0877
vn 0.9995 -0.0284 -0.0126
vn 0.9885 -0.1490 -0.0261
vn 0.9155 -0.3989 -0.0528
vn 0.6829 -0.7256 -0.0841
vn 0.6943 -0.7150 -0.0819
vn 0.6495 -0.7414 -0.1688
vn 0.9554 -0.0600 -0.2890
vn 0.9596 0.0353 -0.2790
vn 0.9963 -0.0181 -0.0839
vn 0.9966 0.0114 -0.0813
vn 0.7368 -0.3032 -0.6043
vn 0.7606 -0.1254 -0.6369
vn 0.7745 0.0704 -0.6287
vn 0.7804 0.1931 -0.5947
vn 0.9599 0.0949 -0.2638
vn 0.9964 0.0312 -0.0790
vn 1.0000 0.0034 -0.0094
vn 0.9999 0.0037 -0.0094
vn 1.0000 -0.0002 -0.0094
vn 0.9999 -0.0051 -0.0099
vn 0.9999 -0.0056 -0.0100
vn 0.9950 -0.0495 -0.0862
vn 0.9449 -0.1554 -0.2881
vn -0.9005 -0.4253 -0.0904
vn -0.9741 -0.2072 -0.0904
vn -0.8301 -0.5140 -0.2161
vn -0.9083 -0.3345 -0.2510
vn -0.6829 -0.7256 -0.0841
vn -0.9155 -0.3989 -0.0528
vn -0.9885 -0.1490 -0.0261
vn -0.9995 -0.0284 -0.0126
vn -0.9920 -0.0903 -0.0877
vn -0.9345 -0.2263 -0.2747
vn -0.7074 -0.4170 -0.5707
vn -0.6877 -0.5194 -0.5072
vn -0.6346 -0.6490 -0.4197
vn -0.5477 -0.7753 -0.3146
vn -0.6495 -0.7414 -0.1688
vn -0.6943 -0.7150 -0.0819
vn -0.9963 -0.0181 -0.0839
vn -0.9966 0.0114 -0.0813
vn -0.9554 -0.0600 -0.2890
vn -0.9596 0.0353 -0.2790
vn -0.9999 -0.0051 -0.0099
vn -0.9999 -0.0056 -0.0100
vn -1.0000 -0.0002 -0.0094
vn -0.9999 0.0035 -0.0094
vn -0.9999 0.0037 -0.0094
vn -0.9964 0.0312 -0.0790
vn -0.9599 0.0949 -0.2638
vn -0.7915 0.1889 -0.5813
vn -0.7788 0.0698 -0.6234
vn -0.7572 -0.1262 -0.6409
vn -0.7240 -0.3093 -0.6166
vn -0.9449 -0.1554 -0.2881
vn -0.9950 -0.0495 -0.0862
vn 0.0265 0.3837 0.9231
vn 0.0212 0.4828 0.8755
vn -0.0265 0.3837 0.9231
vn -0.0212 0.4828 0.8755
vn 0.1053 0.2003 0.9741
vn 0.0949 0.3625 0.9271
vn 0.0765 0.4747 0.8768
vn 0.0594 0.5425 0.8380
vn 0.0182 0.5491 0.8355
vn -0.0182 0.5491 0.8355
vn -0.0594 0.5425 0.8380
vn -0.0765 0.4747 0.8768
vn -0.0949 0.3625 0.9271
vn -0.1053 0.2003 0.9741
vn -0.0343 0.2039 0.9784
vn 0.0343 0.2039 0.9784
vn 0.9732 -0.1781 0.1457
vn 0.7931 0.4198 0.4412
vn 0.7312 0.0337 0.6813
vn 0.5120 0.4791 0.7130
vn 0.8615 -0.5072 -0.0237
vn 0.9913 -0.1315 -0.0021
vn 0.8843 0.3568 0.3013
vn 0.4825 0.6471 0.5903
vn 0.3818 0.6665 0.6404
vn 0.2607 0.6397 0.7231
vn 0.1498 0.5741 0.8050
vn 0.2077 0.4730 0.8562
vn 0.2651 0.2894 0.9198
vn 0.2912 0.0212 0.9564
vn 0.6091 -0.4811 0.6305
vn 0.7465 -0.6565 0.1082
vn -0.7932 0.4198 0.4412
vn -0.9732 -0.1781 0.1457
vn -0.5120 0.4791 0.7130
vn -0.7312 0.0337 0.6813
vn -0.4825 0.6471 0.5903
vn -0.8843 0.3568 0.3013
vn -0.9913 -0.1315 -0.0021
vn -0.8615 -0.5072 -0.0237
vn -0.7465 -0.6565 0.1082
vn -0.6091 -0.4811 0.6305
vn -0.2912 0.0212 0.9564
vn -0.2651 0.2894 0.9198
vn -0.2077 0.4730 0.8562
vn -0.1498 0.5741 0.8050
vn -0.2607 0.6397 0.7231
vn -0.3818 0.6665 0.6404
vn -0.1294 -0.8692 0.4772
vn 0.1294 -0.8692 0.4772
vn -0.0918 -0.6621 0.7438
vn 0.0918 -0.6621 0.7438
vn -0.5298 -0.8363 0.1415
vn -0.1791 -0.8531 0.4900
vn 0.1791 -0.8531 0.4900
vn 0.5298 -0.8363 0.1415
vn 0.4061 -0.8686 0.2839
vn 0.3081 -0.6756 0.6698
vn 0.1714 -0.2019 0.9643
vn 0.0543 -0.1813 0.9819
vn -0.0543 -0.1813 0.9819
vn -0.1714 -0.2019 0.9643
vn -0.3081 -0.6756 0.6698
vn -0.4061 -0.8686 0.2839
vn 0.0470 0.2642 0.9633
vn 0.0541 0.7375 0.6732
vn -0.0470 0.2642 0.9633
vn -0.0541 0.7375 0.6732
vn 0.1139 -0.0990 0.9886
vn 0.1652 0.2554 0.9526
vn 0.1881 0.7577 0.6249
vn 0.1418 0.9766 0.1616
vn 0.0455 0.9865 0.1571
vn -0.0455 0.9865 0.1571
vn -0.1418 0.9766 0.1616
vn -0.1881 0.7577 0.6249
vn -0.1652 0.2554 0.9526
vn -0.1139 -0.0989 0.9886
vn -0.0356 -0.1118 0.9931
vn 0.0356 -0.1118 0.9931
vn 0.0235 0.9800 -0.1974
vn -0.0235 0.9800 -0.1974
vn 0.0329 0.9604 -0.2767
vn -0.0329 0.9604 -0.2767
vn 0.1388 0.9855 0.0974
vn 0.0246 0.9978 0.0617
vn -0.0246 0.9978 0.0617
vn -0.1388 0.9855 0.0974
vn -0.1180 0.9812 -0.1526
vn -0.1228 0.9630 -0.2397
vn -0.1168 0.9729 -0.1994
vn -0.0371 0.9784 -0.2034
vn 0.0371 0.9784 -0.2034
vn 0.1168 0.9729 -0.1994
vn 0.1228 0.9630 -0.2398
vn 0.1180 0.9812 -0.1526
vn -0.0463 -0.7941 0.6060
vn 0.0462 -0.7941 0.6060
vn -0.0363 -0.6557 0.7541
vn 0.0363 -0.6557 0.7541
vn -0.2134 -0.8597 0.4641
vn -0.0602 -0.8624 0.5026
vn 0.0602 -0.8624 0.5026
vn 0.2134 -0.8597 0.4641
vn 0.1669 -0.7987 0.5781
vn 0.1327 -0.6594 0.7400
vn 0.1007 -0.4178 0.9029
vn 0.0313 -0.4020 0.9151
vn -0.0313 -0.4020 0.9151
vn -0.1007 -0.4178 0.9029
vn -0.1327 -0.6594 0.7400
vn -0.1669 -0.7987 0.5781
vn -0.8612 0.5083 0.0014
vn -0.8266 -0.4403 0.3504
vn -0.6997 0.7007 0.1396
vn -0.7094 -0.2220 0.6689
vn -0.5857 0.8081 0.0619
vn -0.9601 0.2794 0.0132
vn -0.8690 -0.4605 0.1811
vn -0.4897 -0.7917 0.3652
vn -0.4037 -0.7579 0.5124
vn -0.3320 -0.5977 0.7298
vn -0.2473 -0.2805 0.9275
vn -0.3994 0.1333 0.9071
vn -0.4304 0.7870 0.4420
vn -0.2660 0.9633 -0.0360
vn -0.3105 0.9369 -0.1608
vn -0.3814 0.9166 -0.1197
vn -0.9994 0.0339 -0.0006
vn -0.9994 0.0339 -0.0007
vn -0.9994 0.0345 0.0005
vn -0.9994 -0.0347 0.0019
vn -0.9994 -0.0347 0.0020
vn -0.9994 -0.0352 0.0011
vn -0.9994 0.0352 0.0012
vn -0.9994 0.0352 0.0013
vn -0.9994 -0.0359 0.0006
vn -0.9952 0.0981 0.0048
vn -0.9952 0.0973 0.0028
vn -0.9945 -0.1045 0.0078
vn -0.9945 -0.1039 0.0086
vn -0.9944 -0.1053 0.0068
vn -0.9944 -0.1058 0.0064
vn -0.9944 -0.1052 0.0069
vn -0.9943 -0.1065 0.0058
vn -0.9942 -0.1073 0.0056
vn -0.9941 -0.1081 0.0053
vn -0.9948 0.1012 0.0094
vn -0.9948 0.1011 0.0093
vn -0.9950 0.0992 0.0067
vn -0.9951 0.0991 0.0066
vn -0.9502 0.3064 0.0565
vn -0.9503 0.3063 0.0564
vn -0.9471 0.3130 0.0711
vn -0.9480 0.3110 0.0669
vn -0.9754 0.2184 0.0300
vn -0.9748 0.2203 0.0346
vn -0.9738 0.2237 0.0419
vn -0.9743 0.2221 0.0385
vn -0.9453 0.3168 0.0773
vn -0.9470 0.3131 0.0714
vn -0.9728 0.2271 0.0465
vn -0.9732 0.2256 0.0445
vn -0.8908 0.4449 0.0919
vn -0.9514 0.3038 0.0508
vn -0.9876 0.1558 0.0162
vn -0.9879 0.1545 0.0128
vn -0.9871 0.1586 0.0219
vn -0.9874 0.1573 0.0193
vn -0.9865 0.1615 0.0252
vn -0.9868 0.1602 0.0237
vn -0.8823 0.4560 0.1168
vn -0.8791 0.4598 0.1251
vn -0.8842 0.4536 0.1112
vn -0.8843 0.4536 0.1110
vn -0.8861 0.4513 0.1056
vn 0.9994 -0.0347 0.0020
vn 0.9994 -0.0347 0.0019
vn 0.9994 -0.0352 0.0011
vn 0.9994 0.0339 -0.0007
vn 0.9994 0.0339 -0.0006
vn 0.9994 0.0345 0.0005
vn 0.9994 -0.0359 0.0006
vn 0.9994 0.0352 0.0013
vn 0.9994 0.0352 0.0012
vn 0.9945 -0.1042 0.0079
vn 0.9946 -0.1039 0.0086
vn 0.9952 0.0973 0.0028
vn 0.9952 0.0981 0.0048
vn 0.9950 0.0992 0.0067
vn 0.9951 0.0991 0.0066
vn 0.9948 0.1012 0.0094
vn 0.9948 0.1011 0.0093
vn 0.9943 -0.1066 0.0058
vn 0.9942 -0.1071 0.0056
vn 0.9942 -0.1078 0.0054
vn 0.9945 -0.1049 0.0069
vn 0.9944 -0.1055 0.0065
vn 0.9945 -0.1046 0.0071
vn 0.9305 -0.3633 0.0462
vn 0.9306 -0.3632 0.0463
vn 0.9312 -0.3614 0.0473
vn 0.9308 -0.3623 0.0474
vn 0.9301 -0.3649 0.0426
vn 0.9301 -0.3648 0.0427
vn 0.9303 -0.3641 0.0451
vn 0.8480 -0.5253 0.0710
vn 0.8480 -0.5252 0.0711
vn 0.9315 -0.3606 0.0473
vn 0.9299 -0.3656 0.0402
vn 0.8464 -0.5291 0.0600
vn 0.8466 -0.5285 0.0630
vn 0.8464 -0.5293 0.0589
vn 0.8468 -0.5277 0.0670
vn 0.8471 -0.5269 0.0690
vn 0.8471 -0.5269 0.0689
vn 0.9748 0.2203 0.0346
vn 0.9754 0.2184 0.0300
vn 0.9743 0.2221 0.0385
vn 0.9738 0.2237 0.0419
vn 0.9503 0.3063 0.0564
vn 0.9502 0.3064 0.0565
vn 0.9480 0.3110 0.0669
vn 0.9471 0.3130 0.0711
vn 0.9732 0.2256 0.0445
vn 0.9727 0.2271 0.0466
vn 0.9470 0.3131 0.0713
vn 0.9453 0.3168 0.0773
vn 0.9879 0.1545 0.0128
vn 0.9876 0.1558 0.0162
vn 0.9514 0.3038 0.0508
vn 0.8908 0.4449 0.0919
vn 0.8861 0.4513 0.1056
vn 0.8842 0.4536 0.1112
vn 0.8843 0.4536 0.1110
vn 0.8823 0.4560 0.1168
vn 0.8791 0.4598 0.1251
vn 0.9865 0.1615 0.0252
vn 0.9868 0.1602 0.0237
vn 0.9871 0.1586 0.0219
vn 0.9874 0.1573 0.0193
vn 0.7119 0.6853 0.1534
vn -0.7199 0.6772 0.1518
vn -0.7102 0.6832 0.1698
vn -0.7020 0.6878 0.1849
vn -0.6942 0.6921 0.1978
vn 0.6942 0.6921 0.1978
vn 0.6943 0.6920 0.1976
vn 0.6985 0.6910 0.1862
vn 0.6987 0.6909 0.1855
vn 0.7044 0.6889 0.1709
vn -0.9313 -0.3612 0.0473
vn -0.9313 -0.3611 0.0473
vn -0.9307 -0.3628 0.0462
vn -0.9310 -0.3620 0.0474
vn -0.9303 -0.3644 0.0426
vn -0.9303 -0.3644 0.0425
vn -0.9305 -0.3636 0.0451
vn -0.9316 -0.3604 0.0473
vn -0.8480 -0.5252 0.0711
vn -0.8480 -0.5253 0.0710
vn -0.8471 -0.5269 0.0690
vn -0.8471 -0.5269 0.0689
vn -0.8464 -0.5291 0.0600
vn -0.8466 -0.5285 0.0630
vn -0.8468 -0.5277 0.0670
vn -0.8464 -0.5294 0.0589
vn -0.9300 -0.3652 0.0402
vn -0.2491 -0.9591 0.1345
vn -0.2495 -0.9589 0.1351
vn -0.2496 -0.9589 0.1352
vn -0.2489 -0.9597 0.1301
vn -0.2488 -0.9601 0.1274
vn 0.2489 -0.9598 0.1299
vn 0.2495 -0.9589 0.1351
vn 0.2491 -0.9591 0.1344
vn 0.2487 -0.9602 0.1272
vn -0.2488 -0.9604 0.1256
vn 0.2486 -0.9605 0.1253
vn -0.6408 -0.7604 0.1058
vn -0.6407 -0.7605 0.1058
vn 0.6407 -0.7604 0.1057
vn 0.6408 -0.7604 0.1058
vn 0.6400 -0.7611 0.1053
vn 0.6398 -0.7618 0.1016
vn 0.6396 -0.7622 0.0996
vn 0.6395 -0.7625 0.0981
vn 0.6385 -0.7649 0.0855
vn 0.2482 -0.9627 0.1077
vn -0.2482 -0.9627 0.1077
vn -0.6385 -0.7649 0.0854
vn -0.6395 -0.7620 0.1019
vn -0.6393 -0.7625 0.1001
vn -0.6390 -0.7628 0.0986
vn -0.6400 -0.7611 0.1054
vt 0.851253 0.850245
vt 0.847268 0.840902
vt 0.854155 0.840597
vt 0.856917 0.849959
vt 0.860155 0.840901
vt 0.861856 0.850289
vt 0.843714 0.830643
vt 0.851841 0.830400
vt 0.858951 0.830753
vt 0.850440 0.859784
vt 0.845119 0.851327
vt 0.855421 0.858842
vt 0.860010 0.858642
vt 0.864049 0.859096
vt 0.865814 0.851056
vt 0.867380 0.860116
vt 0.864903 0.841574
vt 0.864555 0.831433
vt 0.858249 0.819665
vt 0.864681 0.820399
vt 0.850097 0.819214
vt 0.840839 0.819297
vt 0.835057 0.831747
vt 0.831089 0.820166
vt 0.839862 0.842057
vt 0.281424 0.870637
vt 0.281551 0.839077
vt 0.286275 0.840645
vt 0.286186 0.871237
vt 0.855859 0.189028
vt 0.883095 0.170225
vt 0.881769 0.180959
vt 0.856378 0.197808
vt 0.281773 0.803684
vt 0.286404 0.807431
vt 0.913310 0.152798
vt 0.907715 0.167788
vt 0.276444 0.896164
vt 0.276421 0.870475
vt 0.281447 0.896299
vt 0.286210 0.896717
vt 0.834062 0.208793
vt 0.834879 0.216876
vt 0.857640 0.214668
vt 0.836480 0.232669
vt 0.881137 0.199596
vt 0.902688 0.189788
vt 0.933119 0.157032
vt 0.918221 0.184171
vt 0.944906 0.136181
vt 0.915767 0.146805
vt 0.949787 0.127659
vt 0.276789 0.803073
vt 0.277076 0.765365
vt 0.282042 0.766390
vt 0.276553 0.838777
vt 0.876309 0.572343
vt 0.853914 0.575926
vt 0.859938 0.545769
vt 0.884052 0.540736
vt 0.868280 0.598386
vt 0.847889 0.601064
vt 0.905998 0.534930
vt 0.896540 0.567499
vt 0.886484 0.593462
vt 0.857635 0.513302
vt 0.864920 0.511950
vt 0.847503 0.547255
vt 0.848356 0.545025
vt 0.849224 0.542896
vt 0.853836 0.528326
vt 0.854624 0.526016
vt 0.835613 0.576885
vt 0.837346 0.573008
vt 0.842444 0.560535
vt 0.843426 0.558250
vt 0.827293 0.600787
vt 0.828554 0.593837
vt 0.831408 0.587259
vt 0.842924 0.619884
vt 0.823830 0.618511
vt 0.861719 0.617684
vt 0.878613 0.611784
vt 0.900023 0.589355
vt 0.890351 0.604920
vt 0.912264 0.563319
vt 0.923295 0.529860
vt 0.912694 0.497993
vt 0.930690 0.491772
vt 0.889911 0.505245
vt 0.401355 0.192167
vt 0.409102 0.223772
vt 0.384991 0.218742
vt 0.378962 0.188586
vt 0.421581 0.197009
vt 0.431043 0.229576
vt 0.372929 0.163451
vt 0.393319 0.166126
vt 0.411518 0.171047
vt 0.372612 0.217265
vt 0.389976 0.252562
vt 0.382747 0.251221
vt 0.380366 0.241170
vt 0.379679 0.238496
vt 0.375073 0.223950
vt 0.374277 0.221617
vt 0.414965 0.259262
vt 0.437743 0.266513
vt 0.448329 0.234645
vt 0.455728 0.272733
vt 0.437295 0.201188
vt 0.425048 0.175154
vt 0.403636 0.152728
vt 0.415370 0.159590
vt 0.386744 0.146829
vt 0.367951 0.144632
vt 0.352334 0.163730
vt 0.348857 0.146008
vt 0.360703 0.187632
vt 0.357686 0.180185
vt 0.356453 0.177256
vt 0.353562 0.170487
vt 0.369385 0.208556
vt 0.368477 0.206264
vt 0.363454 0.193972
vt 0.362395 0.191507
vt 0.854589 0.882860
vt 0.850480 0.879010
vt 0.852867 0.876884
vt 0.856579 0.880913
vt 0.856071 0.875147
vt 0.859357 0.879359
vt 0.844177 0.873227
vt 0.847291 0.870927
vt 0.851210 0.868957
vt 0.232115 0.891627
vt 0.230240 0.895574
vt 0.228088 0.894323
vt 0.229888 0.891243
vt 0.216836 0.881710
vt 0.220806 0.880318
vt 0.220385 0.882397
vt 0.216892 0.883672
vt 0.220234 0.885246
vt 0.216935 0.886379
vt 0.220206 0.888385
vt 0.216963 0.889370
vt 0.859588 0.873900
vt 0.862448 0.878261
vt 0.855421 0.867498
vt 0.845287 0.861493
vt 0.840420 0.863742
vt 0.836358 0.866241
vt 0.842382 0.875673
vt 0.833621 0.868701
vt 0.849417 0.881428
vt 0.853866 0.885140
vt 0.271444 0.870462
vt 0.266868 0.870900
vt 0.267053 0.840309
vt 0.271583 0.838902
vt 0.267414 0.807100
vt 0.271835 0.803510
vt 0.380882 0.575497
vt 0.381423 0.566713
vt 0.406816 0.583559
vt 0.408120 0.594297
vt 0.432761 0.596727
vt 0.438335 0.611720
vt 0.271466 0.896125
vt 0.272143 0.766217
vt 0.440767 0.617716
vt 0.469932 0.628333
vt 0.474788 0.636858
vt 0.458162 0.607479
vt 0.427747 0.574725
vt 0.443275 0.580340
vt 0.406199 0.564919
vt 0.382702 0.549850
vt 0.359923 0.547649
vt 0.361541 0.531853
vt 0.359084 0.555735
vt 0.266879 0.896379
vt 0.825717 0.600519
vt 0.819324 0.617422
vt 0.820903 0.613413
vt 0.825656 0.600693
vt 0.200999 0.884825
vt 0.200999 0.900542
vt 0.200867 0.900419
vt 0.200356 0.900127
vt 0.198900 0.899398
vt 0.197696 0.898586
vt 0.196784 0.897835
vt 0.196827 0.881653
vt 0.820145 0.236329
vt 0.813728 0.250072
vt 0.813731 0.249235
vt 0.813382 0.246052
vt 0.813130 0.244551
vt 0.819598 0.228933
vt 0.821232 0.250832
vt 0.816228 0.259551
vt 0.815772 0.257723
vt 0.814784 0.255075
vt 0.814560 0.253901
vt 0.281656 0.914649
vt 0.286405 0.915110
vt 0.192065 0.880781
vt 0.190549 0.860043
vt 0.195304 0.860952
vt 0.193988 0.896777
vt 0.193233 0.896530
vt 0.192019 0.896109
vt 0.079014 0.238202
vt 0.088054 0.232117
vt 0.090748 0.233560
vt 0.082240 0.240285
vt 0.093711 0.235083
vt 0.085878 0.242422
vt 0.095224 0.227190
vt 0.097786 0.227872
vt 0.100347 0.228777
vt 0.786143 0.816042
vt 0.784123 0.803187
vt 0.787347 0.802174
vt 0.789285 0.814629
vt 0.068839 0.244847
vt 0.072867 0.247498
vt 0.077407 0.250239
vt 0.089682 0.244234
vt 0.082162 0.252598
vt 0.096761 0.236370
vt 0.102838 0.229597
vt 0.105244 0.224048
vt 0.107354 0.224502
vt 0.102890 0.223650
vt 0.781920 0.781835
vt 0.778449 0.775357
vt 0.779197 0.773019
vt 0.783198 0.780077
vt 0.779378 0.782894
vt 0.777507 0.777616
vt 0.781730 0.791751
vt 0.784844 0.790923
vt 0.563027 0.907075
vt 0.548879 0.903998
vt 0.572836 0.882482
vt 0.582355 0.888077
vt 0.600752 0.868854
vt 0.596508 0.860883
vt 0.535993 0.895788
vt 0.564495 0.873168
vt 0.592966 0.850527
vt 0.563058 0.921571
vt 0.548136 0.923069
vt 0.575065 0.908814
vt 0.590890 0.891429
vt 0.600903 0.869032
vt 0.600708 0.879152
vt 0.600872 0.868726
vt 0.600903 0.868994
vt 0.599900 0.857764
vt 0.600761 0.868003
vt 0.600863 0.868665
vt 0.598707 0.845955
vt 0.598990 0.849294
vt 0.599138 0.850378
vt 0.599756 0.856160
vt 0.591928 0.837233
vt 0.597616 0.833350
vt 0.598534 0.843651
vt 0.560080 0.858961
vt 0.528237 0.880678
vt 0.512426 0.914540
vt 0.501859 0.898658
vt 0.529379 0.921993
vt 0.878231 0.936568
vt 0.874104 0.932922
vt 0.871057 0.902031
vt 0.875079 0.904919
vt 0.869847 0.865369
vt 0.873733 0.866847
vt 0.596117 0.150962
vt 0.599422 0.160587
vt 0.584950 0.189499
vt 0.580827 0.181724
vt 0.576911 0.222555
vt 0.572083 0.218317
vt 0.418571 0.880428
vt 0.423579 0.880415
vt 0.424031 0.903764
vt 0.419024 0.903826
vt 0.883006 0.937187
vt 0.879839 0.905429
vt 0.878474 0.867156
vt 0.874654 0.827949
vt 0.879390 0.828039
vt 0.870798 0.828008
vt 0.576798 0.255376
vt 0.572028 0.255689
vt 0.584864 0.233994
vt 0.582601 0.255308
vt 0.592530 0.205832
vt 0.605812 0.179527
vt 0.618000 0.141903
vt 0.622847 0.161657
vt 0.615517 0.131785
vt 0.428376 0.880310
vt 0.428818 0.903318
vt 0.615770 0.209409
vt 0.627784 0.245502
vt 0.617553 0.265343
vt 0.603896 0.232746
vt 0.609410 0.285240
vt 0.595864 0.256989
vt 0.639828 0.281528
vt 0.634084 0.292331
vt 0.632236 0.294224
vt 0.630951 0.296195
vt 0.622293 0.308592
vt 0.622214 0.308702
vt 0.630451 0.192657
vt 0.590397 0.276153
vt 0.603523 0.301694
vt 0.616892 0.314873
vt 0.616475 0.315623
vt 0.615027 0.318349
vt 0.640887 0.284689
vt 0.635022 0.291343
vt 0.648817 0.267533
vt 0.650490 0.274352
vt 0.649370 0.275433
vt 0.647612 0.276940
vt 0.639633 0.230088
vt 0.363703 0.768981
vt 0.363786 0.786071
vt 0.359245 0.786449
vt 0.359095 0.765388
vt 0.359178 0.765498
vt 0.359640 0.765963
vt 0.586742 0.917227
vt 0.582589 0.913121
vt 0.596830 0.893801
vt 0.599291 0.894902
vt 0.599122 0.896602
vt 0.599030 0.896928
vt 0.598943 0.897322
vt 0.600020 0.888927
vt 0.599786 0.890090
vt 0.368760 0.786015
vt 0.368871 0.810547
vt 0.363914 0.810554
vt 0.368688 0.770102
vt 0.363859 0.769031
vt 0.365153 0.769355
vt 0.600593 0.880818
vt 0.600704 0.884292
vt 0.600706 0.884441
vt 0.567851 0.932059
vt 0.572549 0.939702
vt 0.359494 0.810580
vt 0.378208 0.765365
vt 0.378234 0.786440
vt 0.373729 0.786066
vt 0.373657 0.768757
vt 0.377678 0.765927
vt 0.378127 0.765488
vt 0.692967 0.229577
vt 0.690288 0.228720
vt 0.692600 0.204829
vt 0.698455 0.204552
vt 0.694232 0.227529
vt 0.693885 0.228169
vt 0.693192 0.229244
vt 0.471996 0.775979
vt 0.474657 0.773404
vt 0.474657 0.780165
vt 0.373819 0.810548
vt 0.261662 0.882760
vt 0.266833 0.880301
vt 0.266833 0.902518
vt 0.261846 0.903604
vt 0.702910 0.178347
vt 0.694289 0.180892
vt 0.684108 0.203006
vt 0.683702 0.185493
vt 0.684267 0.226514
vt 0.689321 0.235029
vt 0.686912 0.238272
vt 0.686800 0.238413
vt 0.683351 0.242576
vt 0.372251 0.769170
vt 0.373354 0.768839
vt 0.887894 0.936795
vt 0.884730 0.905145
vt 0.889670 0.902467
vt 0.892809 0.933360
vt 0.474788 0.888737
vt 0.483962 0.855634
vt 0.492244 0.852615
vt 0.483698 0.883796
vt 0.883360 0.867072
vt 0.888262 0.865801
vt 0.501903 0.822563
vt 0.508345 0.822647
vt 0.414050 0.903759
vt 0.413597 0.880410
vt 0.892373 0.956337
vt 0.897221 0.952709
vt 0.476412 0.915967
vt 0.485039 0.910110
vt 0.501122 0.873981
vt 0.508811 0.845535
vt 0.521918 0.819457
vt 0.530187 0.798149
vt 0.534471 0.802083
vt 0.526829 0.794718
vt 0.884266 0.828175
vt 0.889095 0.828437
vt 0.528504 0.858405
vt 0.535259 0.833107
vt 0.567202 0.817977
vt 0.561561 0.839576
vt 0.594590 0.820813
vt 0.597733 0.803992
vt 0.597421 0.806295
vt 0.597438 0.809313
vt 0.545473 0.809700
vt 0.574431 0.797729
vt 0.599472 0.788880
vt 0.598046 0.800896
vt 0.597377 0.819231
vt 0.597265 0.826874
vt 0.597314 0.829426
vt 0.581034 0.781548
vt 0.600694 0.776845
vt 0.599972 0.779839
vt 0.599788 0.780673
vt 0.554202 0.791783
vt 0.673980 0.196256
vt 0.675666 0.223305
vt 0.664840 0.221108
vt 0.661392 0.189094
vt 0.652409 0.222466
vt 0.646317 0.186594
vt 0.668027 0.252995
vt 0.676516 0.249899
vt 0.658471 0.258334
vt 0.673594 0.174409
vt 0.658916 0.162679
vt 0.641320 0.156898
vt 0.659706 0.265655
vt 0.658018 0.267278
vt 0.662968 0.262568
vt 0.668475 0.257640
vt 0.667281 0.258750
vt 0.663732 0.261965
vt 0.676520 0.250099
vt 0.676465 0.250153
vt 0.676751 0.249866
vt 0.676722 0.249895
vt 0.677664 0.248946
vt 0.373723 0.839431
vt 0.378235 0.837867
vt 0.378235 0.861094
vt 0.373614 0.863937
vt 0.424100 0.838390
vt 0.428818 0.839283
vt 0.428416 0.858793
vt 0.423634 0.858560
vt 0.680890 0.156034
vt 0.676972 0.161840
vt 0.658374 0.146173
vt 0.658817 0.137950
vt 0.638266 0.138017
vt 0.636793 0.128375
vt 0.368754 0.839656
vt 0.368628 0.864345
vt 0.419102 0.838260
vt 0.418627 0.858525
vt 0.378183 0.810571
vt 0.279569 0.740361
vt 0.279042 0.724948
vt 0.294141 0.723469
vt 0.296152 0.738948
vt 0.310667 0.720655
vt 0.314288 0.736345
vt 0.278381 0.707868
vt 0.291821 0.706371
vt 0.306530 0.703378
vt 0.262567 0.753190
vt 0.263289 0.740993
vt 0.279950 0.752455
vt 0.297692 0.751117
vt 0.317080 0.748702
vt 0.335229 0.732145
vt 0.339404 0.744739
vt 0.329814 0.716169
vt 0.323624 0.698608
vt 0.302196 0.686258
vt 0.317126 0.681259
vt 0.289354 0.689346
vt 0.277600 0.690771
vt 0.265100 0.708147
vt 0.265936 0.690784
vt 0.264175 0.725431
vt 0.912081 0.809818
vt 0.912287 0.784882
vt 0.916963 0.786237
vt 0.916802 0.810790
vt 0.845344 0.013522
vt 0.872174 0.021471
vt 0.869300 0.025314
vt 0.843431 0.017599
vt 0.912580 0.764787
vt 0.917159 0.766745
vt 0.894362 0.031892
vt 0.889969 0.034952
vt 0.906949 0.835176
vt 0.907084 0.809716
vt 0.911947 0.835248
vt 0.916673 0.836010
vt 0.818314 0.007812
vt 0.816957 0.011858
vt 0.839834 0.025620
vt 0.814324 0.019787
vt 0.864637 0.033071
vt 0.884196 0.041502
vt 0.902222 0.046660
vt 0.895161 0.048576
vt 0.907993 0.045127
vt 0.291081 0.864049
vt 0.290964 0.880996
vt 0.286496 0.880986
vt 0.286554 0.864646
vt 0.296053 0.863976
vt 0.295928 0.881009
vt 0.907296 0.784726
vt 0.907603 0.764545
vt 0.673141 0.916806
vt 0.674091 0.905748
vt 0.678943 0.905824
vt 0.678055 0.916124
vt 0.668431 0.917404
vt 0.669435 0.905451
vt 0.670319 0.916859
vt 0.670188 0.916901
vt 0.664153 0.917588
vt 0.665169 0.904708
vt 0.666258 0.917497
vt 0.665448 0.917558
vt 0.664245 0.917541
vt 0.660507 0.917410
vt 0.661488 0.903296
vt 0.662702 0.917753
vt 0.661376 0.917636
vt 0.683758 0.905823
vt 0.682808 0.916869
vt 0.722816 0.163713
vt 0.720940 0.163819
vt 0.717281 0.150932
vt 0.720023 0.149524
vt 0.723521 0.163514
vt 0.687141 0.917601
vt 0.688158 0.905595
vt 0.691727 0.904912
vt 0.690684 0.917780
vt 0.690616 0.917744
vt 0.689643 0.917791
vt 0.688025 0.917688
vt 0.685586 0.917023
vt 0.685468 0.916976
vt 0.276719 0.674832
vt 0.275784 0.659319
vt 0.284489 0.658300
vt 0.286885 0.673586
vt 0.293881 0.655357
vt 0.297939 0.670528
vt 0.274851 0.643028
vt 0.282221 0.642199
vt 0.290104 0.639402
vt 0.266588 0.674527
vt 0.310734 0.665392
vt 0.304650 0.650182
vt 0.299027 0.634277
vt 0.286699 0.621366
vt 0.287091 0.621366
vt 0.290982 0.621432
vt 0.293849 0.620620
vt 0.295108 0.620235
vt 0.280140 0.623992
vt 0.286576 0.621366
vt 0.273973 0.624750
vt 0.267463 0.642250
vt 0.267792 0.624002
vt 0.267079 0.658721
vt 0.322825 0.810996
vt 0.322690 0.793281
vt 0.330063 0.793549
vt 0.330531 0.811669
vt 0.336646 0.793175
vt 0.337331 0.810885
vt 0.322510 0.778119
vt 0.329176 0.777698
vt 0.335236 0.778023
vt 0.315455 0.808802
vt 0.322747 0.829243
vt 0.316350 0.826782
vt 0.316327 0.826430
vt 0.315408 0.812818
vt 0.330524 0.830165
vt 0.337331 0.829133
vt 0.185842 0.320457
vt 0.168950 0.312531
vt 0.167858 0.304959
vt 0.184163 0.312361
vt 0.152667 0.304588
vt 0.152292 0.297640
vt 0.139132 0.296288
vt 0.139733 0.290572
vt 0.124221 0.915997
vt 0.120723 0.906212
vt 0.125440 0.904837
vt 0.129276 0.910817
vt 0.327903 0.765365
vt 0.333660 0.766601
vt 0.321794 0.766692
vt 0.316405 0.777932
vt 0.317362 0.769224
vt 0.315708 0.791914
vt 0.742703 0.140531
vt 0.748884 0.139782
vt 0.748631 0.146587
vt 0.748055 0.146834
vt 0.742894 0.149401
vt 0.742840 0.149435
vt 0.754716 0.144362
vt 0.755052 0.140539
vt 0.761402 0.143129
vt 0.759203 0.143165
vt 0.756060 0.143959
vt 0.751725 0.145264
vt 0.911832 0.895830
vt 0.911838 0.877534
vt 0.916561 0.877980
vt 0.916555 0.896138
vt 0.920736 0.879263
vt 0.920728 0.897049
vt 0.911871 0.857734
vt 0.916595 0.858330
vt 0.774096 0.001856
vt 0.794677 0.004084
vt 0.793766 0.008051
vt 0.773588 0.005760
vt 0.906841 0.913812
vt 0.906834 0.895823
vt 0.911839 0.913800
vt 0.916562 0.913983
vt 0.920736 0.914552
vt 0.737040 0.003679
vt 0.755116 0.004474
vt 0.754869 0.012079
vt 0.737487 0.011348
vt 0.772612 0.013416
vt 0.792001 0.015828
vt 0.906873 0.857686
vt 0.906840 0.877508
vt 0.321072 0.872038
vt 0.321606 0.860461
vt 0.329076 0.862352
vt 0.327858 0.875328
vt 0.335562 0.860354
vt 0.333690 0.871942
vt 0.322260 0.846060
vt 0.330008 0.847268
vt 0.336765 0.845949
vt 0.760160 0.882949
vt 0.768095 0.876910
vt 0.764546 0.889032
vt 0.762999 0.890134
vt 0.759155 0.890745
vt 0.320662 0.881822
vt 0.326495 0.887124
vt 0.331465 0.881739
vt 0.234690 0.344933
vt 0.225412 0.340762
vt 0.220457 0.328555
vt 0.226205 0.330295
vt 0.214582 0.335469
vt 0.211362 0.325327
vt 0.201315 0.328420
vt 0.199044 0.319581
vt 0.316853 0.834798
vt 0.316925 0.843476
vt 0.316888 0.838927
vt 0.317002 0.852417
vt 0.317042 0.857400
vt 0.317042 0.857388
vt 0.753853 0.894340
vt 0.750804 0.896192
vt 0.750968 0.890511
vt 0.756078 0.893185
vt 0.139438 0.159899
vt 0.143261 0.173350
vt 0.138693 0.171606
vt 0.135824 0.158504
vt 0.136429 0.149429
vt 0.133277 0.147336
vt 0.134497 0.147743
vt 0.135913 0.149159
vt 0.134758 0.169995
vt 0.132796 0.157380
vt 0.131292 0.147593
vt 0.131879 0.147155
vt 0.131162 0.147624
vt 0.153055 0.189300
vt 0.147186 0.187552
vt 0.148042 0.174865
vt 0.143302 0.161212
vt 0.137645 0.150480
vt 0.140295 0.152502
vt 0.133140 0.146736
vt 0.133389 0.146914
vt 0.133030 0.146796
vt 0.115391 0.766973
vt 0.115478 0.765365
vt 0.119551 0.775651
vt 0.115157 0.774307
vt 0.114297 0.771753
vt 0.115027 0.769001
vt 0.123526 0.788804
vt 0.118820 0.787091
vt 0.126863 0.802824
vt 0.122098 0.800854
vt 0.141501 0.185490
vt 0.136537 0.183543
vt 0.751626 0.089700
vt 0.761792 0.090944
vt 0.759397 0.106230
vt 0.750693 0.105212
vt 0.757131 0.122332
vt 0.749761 0.121504
vt 0.772847 0.094001
vt 0.768790 0.109172
vt 0.765014 0.125128
vt 0.740841 0.073750
vt 0.752506 0.073761
vt 0.741495 0.090006
vt 0.741988 0.105812
vt 0.742373 0.122283
vt 0.761618 0.143126
vt 0.773938 0.130252
vt 0.770004 0.144349
vt 0.769856 0.144307
vt 0.765894 0.143097
vt 0.763093 0.143101
vt 0.779560 0.114346
vt 0.785642 0.099134
vt 0.777102 0.078270
vt 0.792033 0.083267
vt 0.764260 0.075184
vt 0.325672 0.658172
vt 0.317120 0.642745
vt 0.330150 0.634118
vt 0.341358 0.649878
vt 0.342232 0.625649
vt 0.355946 0.641775
vt 0.309235 0.626756
vt 0.319822 0.617951
vt 0.329597 0.609268
vt 0.334614 0.674337
vt 0.353012 0.666439
vt 0.370141 0.658749
vt 0.367591 0.635129
vt 0.383822 0.652452
vt 0.351862 0.618686
vt 0.337368 0.602115
vt 0.332552 0.595307
vt 0.325161 0.602089
vt 0.327801 0.599880
vt 0.329591 0.598261
vt 0.315448 0.609321
vt 0.319317 0.606703
vt 0.320343 0.605981
vt 0.324945 0.602351
vt 0.304951 0.615738
vt 0.305741 0.615345
vt 0.310184 0.612804
vt 0.315280 0.609458
vt 0.297817 0.619427
vt 0.301214 0.617774
vt 0.689131 0.854902
vt 0.693441 0.854672
vt 0.691567 0.871795
vt 0.687225 0.872050
vt 0.689802 0.888497
vt 0.685430 0.888754
vt 0.261660 0.896099
vt 0.257613 0.894367
vt 0.257615 0.880301
vt 0.261663 0.881701
vt 0.694979 0.871037
vt 0.693296 0.887736
vt 0.686338 0.836495
vt 0.691135 0.836502
vt 0.684329 0.854902
vt 0.682419 0.872054
vt 0.680619 0.888759
vt 0.711618 0.133728
vt 0.714951 0.132172
vt 0.705486 0.116997
vt 0.709454 0.115449
vt 0.698946 0.099911
vt 0.703576 0.098502
vt 0.692063 0.081644
vt 0.697364 0.080478
vt 0.261658 0.911405
vt 0.257611 0.909311
vt 0.695413 0.836317
vt 0.800581 0.106353
vt 0.816269 0.114645
vt 0.805063 0.130406
vt 0.792030 0.121780
vt 0.794736 0.146574
vt 0.784147 0.137771
vt 0.830864 0.122746
vt 0.817152 0.138874
vt 0.804518 0.155256
vt 0.809522 0.090186
vt 0.779849 0.148827
vt 0.777237 0.147553
vt 0.772729 0.145102
vt 0.790358 0.155215
vt 0.790195 0.155068
vt 0.785749 0.152500
vt 0.780654 0.149182
vt 0.794220 0.158158
vt 0.800074 0.162449
vt 0.799867 0.162174
vt 0.794994 0.158770
vt 0.802687 0.164858
vt 0.812301 0.162411
vt 0.807470 0.169242
vt 0.803700 0.165864
vt 0.826794 0.145837
vt 0.842522 0.129393
vt 0.845057 0.105770
vt 0.858751 0.112067
vt 0.827922 0.098082
vt 0.679464 0.854828
vt 0.677559 0.871976
vt 0.672844 0.871651
vt 0.674718 0.854528
vt 0.668420 0.870832
vt 0.670208 0.853780
vt 0.675764 0.888680
vt 0.671079 0.888353
vt 0.666737 0.887532
vt 0.681468 0.836427
vt 0.676690 0.836173
vt 0.672093 0.835547
vt 0.217120 0.682903
vt 0.224001 0.664634
vt 0.228649 0.666040
vt 0.222439 0.684065
vt 0.230539 0.647547
vt 0.234525 0.649092
vt 0.236670 0.630815
vt 0.240021 0.632369
vt 0.662910 0.885969
vt 0.834238 0.038393
vt 0.858242 0.045680
vt 0.849876 0.061930
vt 0.826962 0.054628
vt 0.839468 0.080036
vt 0.818514 0.072506
vt 0.878512 0.053271
vt 0.870528 0.069188
vt 0.858889 0.087383
vt 0.810140 0.032380
vt 0.804720 0.048356
vt 0.798530 0.065917
vt 0.874382 0.093383
vt 0.886847 0.074989
vt 0.893732 0.059072
vt 0.695472 0.778608
vt 0.699521 0.779253
vt 0.698919 0.796689
vt 0.694754 0.796536
vt 0.697386 0.816420
vt 0.693146 0.816519
vt 0.674324 0.025132
vt 0.677843 0.026449
vt 0.679885 0.042748
vt 0.676524 0.042578
vt 0.685195 0.061929
vt 0.682141 0.062335
vt 0.690072 0.764545
vt 0.694832 0.764742
vt 0.690707 0.778484
vt 0.689972 0.796482
vt 0.688354 0.816501
vt 0.261663 0.927446
vt 0.257629 0.924951
vt 0.691127 0.061111
vt 0.686225 0.042506
vt 0.683981 0.027228
vt 0.680359 0.014505
vt 0.684190 0.017868
vt 0.677231 0.011786
vt 0.698845 0.765891
vt 0.359327 0.726128
vt 0.352056 0.709893
vt 0.374966 0.702589
vt 0.383328 0.718838
vt 0.395612 0.695328
vt 0.403593 0.711245
vt 0.343608 0.692017
vt 0.364559 0.684484
vt 0.383973 0.677134
vt 0.364913 0.738903
vt 0.389713 0.731449
vt 0.409268 0.723015
vt 0.418802 0.705443
vt 0.420228 0.715939
vt 0.411919 0.689526
vt 0.399455 0.671134
vt 0.754479 0.024173
vt 0.771062 0.025583
vt 0.769046 0.041061
vt 0.753947 0.039584
vt 0.766726 0.058159
vt 0.753286 0.056664
vt 0.789198 0.028183
vt 0.785572 0.043872
vt 0.781436 0.061151
vt 0.738199 0.023542
vt 0.739080 0.039104
vt 0.740004 0.056387
vt 0.685843 0.778534
vt 0.685100 0.796462
vt 0.680301 0.796546
vt 0.681101 0.779111
vt 0.675643 0.796713
vt 0.676607 0.780423
vt 0.683481 0.816444
vt 0.678676 0.816276
vt 0.674005 0.815867
vt 0.685218 0.764668
vt 0.680544 0.765750
vt 0.676294 0.768465
vt 0.205418 0.750044
vt 0.202901 0.738100
vt 0.209055 0.737318
vt 0.209260 0.746679
vt 0.204944 0.721801
vt 0.211301 0.722039
vt 0.210253 0.702619
vt 0.216203 0.703433
vt 0.693243 0.025901
vt 0.705941 0.024169
vt 0.708900 0.040172
vt 0.696087 0.041458
vt 0.712592 0.058292
vt 0.700527 0.059790
vt 0.721519 0.023432
vt 0.723705 0.039330
vt 0.726158 0.057039
vt 0.691176 0.014428
vt 0.705787 0.078699
vt 0.716567 0.076671
vt 0.728615 0.074864
vt 0.719797 0.010995
vt 0.703615 0.011786
vt 0.710932 0.096342
vt 0.720342 0.093845
vt 0.723829 0.110288
vt 0.715760 0.113068
vt 0.727039 0.126956
vt 0.720250 0.129773
vt 0.730849 0.091553
vt 0.732844 0.107679
vt 0.734640 0.124274
vt 0.724384 0.147356
vt 0.729984 0.144806
vt 0.736273 0.142365
vt 0.157185 0.170221
vt 0.160483 0.176837
vt 0.156864 0.176467
vt 0.150642 0.162777
vt 0.151468 0.162932
vt 0.152523 0.164427
vt 0.154344 0.166819
vt 0.149720 0.160707
vt 0.152653 0.175870
vt 0.147096 0.162121
vt 0.144586 0.155816
vt 0.389572 0.784749
vt 0.388176 0.789897
vt 0.384920 0.786952
vt 0.388831 0.772052
vt 0.390425 0.773214
vt 0.389600 0.784351
vt 0.391017 0.765365
vt 0.390499 0.772070
vt 0.158628 0.190419
vt 0.163651 0.191032
vt 0.167928 0.191377
vt 0.216324 0.313827
vt 0.207513 0.310849
vt 0.202910 0.293155
vt 0.211734 0.296104
vt 0.197299 0.273480
vt 0.205600 0.275648
vt 0.195853 0.306023
vt 0.191855 0.289155
vt 0.187162 0.270630
vt 0.223258 0.317405
vt 0.218543 0.298933
vt 0.211896 0.277439
vt 0.198424 0.255072
vt 0.204073 0.255990
vt 0.190981 0.253924
vt 0.181952 0.252210
vt 0.175425 0.266916
vt 0.171542 0.249594
vt 0.178875 0.284173
vt 0.181814 0.299833
vt 0.912045 0.964793
vt 0.911907 0.949702
vt 0.916582 0.949492
vt 0.916627 0.964151
vt 0.686345 0.003716
vt 0.700540 0.000000
vt 0.701765 0.003994
vt 0.688535 0.007406
vt 0.911853 0.932154
vt 0.916571 0.932199
vt 0.920733 0.932407
vt 0.920646 0.949101
vt 0.907358 0.976000
vt 0.907067 0.964922
vt 0.912326 0.975812
vt 0.916846 0.974761
vt 0.718665 0.003174
vt 0.906856 0.932185
vt 0.906916 0.949770
vt 0.727104 0.161058
vt 0.725926 0.161672
vt 0.725680 0.161770
vt 0.724210 0.162891
vt 0.737085 0.153287
vt 0.739570 0.151510
vt 0.734476 0.154991
vt 0.733699 0.155484
vt 0.731698 0.157294
vt 0.731676 0.157311
vt 0.729967 0.158777
vt 0.297689 0.802545
vt 0.299448 0.800219
vt 0.299194 0.802642
vt 0.298997 0.805560
vt 0.312818 0.768539
vt 0.315408 0.765365
vt 0.313029 0.769076
vt 0.302108 0.782126
vt 0.312360 0.770163
vt 0.308904 0.776989
vt 0.304187 0.786645
vt 0.293970 0.794357
vt 0.302049 0.792277
vt 0.300756 0.795974
vt 0.299795 0.798784
vt 0.291304 0.811129
vt 0.289657 0.802995
vt 0.299671 0.817802
vt 0.295779 0.822616
vt 0.299176 0.811071
vt 0.299268 0.813187
vt 0.303198 0.834533
vt 0.302667 0.835183
vt 0.300700 0.823834
vt 0.300782 0.824297
vt 0.303426 0.835476
vt 0.303466 0.835605
vt 0.304016 0.837349
vt 0.418433 0.798862
vt 0.418305 0.801291
vt 0.416932 0.798722
vt 0.418693 0.795962
vt 0.426970 0.767272
vt 0.428626 0.765365
vt 0.427827 0.766981
vt 0.427766 0.767102
vt 0.427391 0.767994
vt 0.421278 0.783952
vt 0.418188 0.778601
vt 0.423402 0.777729
vt 0.423250 0.778173
vt 0.411955 0.789239
vt 0.420160 0.788462
vt 0.419743 0.790537
vt 0.411954 0.806215
vt 0.409042 0.797009
vt 0.418078 0.819566
vt 0.418423 0.802765
vt 0.418930 0.805688
vt 0.419626 0.809541
vt 0.420853 0.815434
vt 0.426527 0.834656
vt 0.423991 0.825704
vt 0.426331 0.832982
vt 0.426822 0.834158
vt 0.428626 0.838260
vt 0.344403 0.841326
vt 0.352028 0.840771
vt 0.351582 0.858861
vt 0.344288 0.859017
vt 0.350821 0.874671
vt 0.344226 0.874149
vt 0.359000 0.841637
vt 0.358331 0.859317
vt 0.357033 0.874422
vt 0.344324 0.823099
vt 0.337376 0.843386
vt 0.337331 0.839300
vt 0.338210 0.825795
vt 0.338231 0.825443
vt 0.337634 0.860258
vt 0.338412 0.874227
vt 0.343793 0.885532
vt 0.339499 0.882929
vt 0.349858 0.886948
vt 0.355735 0.885787
vt 0.613837 0.468222
vt 0.614414 0.473934
vt 0.606936 0.479406
vt 0.604344 0.477501
vt 0.627357 0.459918
vt 0.626955 0.466862
vt 0.643627 0.451971
vt 0.642509 0.459538
vt 0.660509 0.444041
vt 0.658805 0.452133
vt 0.352015 0.822296
vt 0.359000 0.823412
vt 0.610649 0.606024
vt 0.613486 0.592916
vt 0.618049 0.591169
vt 0.614258 0.604627
vt 0.607634 0.607149
vt 0.609564 0.594529
vt 0.609112 0.616871
vt 0.608138 0.617196
vt 0.611290 0.615074
vt 0.610766 0.615372
vt 0.607111 0.617331
vt 0.606228 0.616776
vt 0.606058 0.616743
vt 0.627812 0.575213
vt 0.622827 0.589654
vt 0.621945 0.576963
vt 0.616266 0.579027
vt 0.611315 0.580976
vt 0.606697 0.595693
vt 0.607633 0.582384
vt 0.157026 0.897273
vt 0.161454 0.884968
vt 0.164874 0.883795
vt 0.160454 0.896427
vt 0.156289 0.899068
vt 0.156161 0.906033
vt 0.156206 0.904592
vt 0.156292 0.902349
vt 0.156326 0.900057
vt 0.607970 0.617569
vt 0.608046 0.617607
vt 0.611547 0.614840
vt 0.618120 0.603312
vt 0.615198 0.611856
vt 0.612495 0.614050
vt 0.119453 0.894717
vt 0.112791 0.894534
vt 0.112179 0.880699
vt 0.119415 0.881355
vt 0.112294 0.865974
vt 0.119714 0.866754
vt 0.107275 0.894790
vt 0.106061 0.881435
vt 0.105834 0.866837
vt 0.126053 0.896417
vt 0.126609 0.883770
vt 0.126904 0.869228
vt 0.119967 0.852116
vt 0.126924 0.854376
vt 0.112598 0.851392
vt 0.106011 0.852199
vt 0.309265 0.849428
vt 0.306902 0.852757
vt 0.298608 0.840651
vt 0.307646 0.846035
vt 0.307828 0.846417
vt 0.291357 0.828131
vt 0.286875 0.815761
vt 0.286405 0.803594
vt 0.114617 0.906918
vt 0.109368 0.906280
vt 0.409030 0.822666
vt 0.408394 0.825843
vt 0.401775 0.827925
vt 0.405228 0.806520
vt 0.409042 0.806437
vt 0.409032 0.809201
vt 0.391017 0.904241
vt 0.387224 0.904712
vt 0.388691 0.883089
vt 0.389154 0.883099
vt 0.389894 0.891483
vt 0.395781 0.824563
vt 0.398342 0.804951
vt 0.401462 0.784550
vt 0.408701 0.785319
vt 0.768095 0.897924
vt 0.767632 0.898694
vt 0.766595 0.895870
vt 0.766589 0.895851
vt 0.409042 0.825389
vt 0.388936 0.879991
vt 0.388830 0.878163
vt 0.381849 0.880540
vt 0.383468 0.859905
vt 0.387916 0.861347
vt 0.388031 0.864437
vt 0.388133 0.866192
vt 0.395468 0.783988
vt 0.398688 0.765365
vt 0.404705 0.765381
vt 0.392664 0.802966
vt 0.391017 0.819545
vt 0.229519 0.324245
vt 0.398355 0.849264
vt 0.393646 0.843156
vt 0.404445 0.844251
vt 0.166396 0.293246
vt 0.151481 0.286722
vt 0.150488 0.272884
vt 0.164604 0.278572
vt 0.149615 0.257429
vt 0.162520 0.262329
vt 0.138974 0.280758
vt 0.138087 0.267750
vt 0.138051 0.252929
vt 0.160119 0.245920
vt 0.148694 0.241741
vt 0.138440 0.237791
vt 0.129123 0.249572
vt 0.130530 0.234802
vt 0.128612 0.264059
vt 0.129885 0.276681
vt 0.132240 0.285103
vt 0.927569 0.766493
vt 0.931588 0.781119
vt 0.928601 0.783600
vt 0.926795 0.776436
vt 0.926984 0.771920
vt 0.926988 0.769787
vt 0.926956 0.768925
vt 0.926904 0.767060
vt 0.621913 0.602403
vt 0.627437 0.588648
vt 0.631652 0.588052
vt 0.625463 0.601748
vt 0.926835 0.764546
vt 0.620216 0.607626
vt 0.619611 0.608233
vt 0.624666 0.603547
vt 0.926195 0.790434
vt 0.926450 0.784272
vt 0.931658 0.799555
vt 0.926894 0.801454
vt 0.925873 0.795962
vt 0.925890 0.795544
vt 0.934778 0.796609
vt 0.638412 0.573482
vt 0.633384 0.574095
vt 0.926497 0.783122
vt 0.926661 0.780378
vt 0.342554 0.780338
vt 0.349157 0.777162
vt 0.350439 0.790136
vt 0.343096 0.791909
vt 0.351447 0.805209
vt 0.343796 0.806298
vt 0.355252 0.780608
vt 0.357139 0.792208
vt 0.358393 0.806610
vt 0.781840 0.886571
vt 0.785377 0.898694
vt 0.777437 0.892665
vt 0.776450 0.884868
vt 0.780296 0.885475
vt 0.768239 0.885114
vt 0.768095 0.879435
vt 0.771145 0.881283
vt 0.773373 0.882435
vt 0.338806 0.794880
vt 0.338721 0.808789
vt 0.338790 0.799845
vt 0.338806 0.794892
vt 0.338693 0.817446
vt 0.338710 0.813313
vt 0.675977 0.436075
vt 0.673681 0.444910
vt 0.689243 0.429025
vt 0.686000 0.439162
vt 0.700079 0.423731
vt 0.695104 0.435935
vt 0.709364 0.419560
vt 0.700864 0.434196
vt 0.347740 0.765365
vt 0.353034 0.770790
vt 0.342163 0.770558
vt 0.690968 0.450663
vt 0.686387 0.468388
vt 0.677552 0.471335
vt 0.682147 0.453640
vt 0.666494 0.475337
vt 0.670484 0.458467
vt 0.680270 0.488847
vt 0.671958 0.491014
vt 0.661819 0.493864
vt 0.697920 0.447087
vt 0.656449 0.464660
vt 0.653517 0.480321
vt 0.650083 0.497581
vt 0.656630 0.512289
vt 0.646221 0.514906
vt 0.665661 0.510573
vt 0.673114 0.509426
vt 0.686588 0.487058
vt 0.678786 0.508512
vt 0.693216 0.465561
vt 0.177607 0.777990
vt 0.176888 0.791259
vt 0.170388 0.791117
vt 0.171723 0.777441
vt 0.163117 0.789740
vt 0.165050 0.776606
vt 0.175132 0.805813
vt 0.168354 0.805775
vt 0.160818 0.804235
vt 0.604581 0.487828
vt 0.599304 0.488754
vt 0.177599 0.766735
vt 0.172134 0.765365
vt 0.165889 0.765444
vt 0.158941 0.774543
vt 0.161093 0.766455
vt 0.156308 0.786898
vt 0.153757 0.801282
vt 0.158354 0.818820
vt 0.153694 0.816988
vt 0.153577 0.813650
vt 0.153565 0.813226
vt 0.153336 0.803806
vt 0.165917 0.820320
vt 0.172746 0.820407
vt 0.603835 0.514940
vt 0.605256 0.529712
vt 0.600690 0.531159
vt 0.598638 0.516570
vt 0.603313 0.500451
vt 0.597740 0.502020
vt 0.466846 0.870086
vt 0.467276 0.867356
vt 0.471034 0.868082
vt 0.471034 0.889796
vt 0.464816 0.886622
vt 0.464695 0.883352
vt 0.925913 0.939425
vt 0.923344 0.917585
vt 0.930434 0.915770
vt 0.932293 0.935406
vt 0.470501 0.846529
vt 0.470968 0.846563
vt 0.469224 0.854796
vt 0.921015 0.895066
vt 0.928369 0.894263
vt 0.783882 0.879739
vt 0.784914 0.876910
vt 0.785377 0.877683
vt 0.783877 0.879758
vt 0.465767 0.905459
vt 0.471003 0.911438
vt 0.928595 0.960727
vt 0.933936 0.953444
vt 0.938281 0.927139
vt 0.938453 0.938011
vt 0.937089 0.911008
vt 0.935191 0.891253
vt 0.926487 0.872827
vt 0.933236 0.870613
vt 0.921623 0.876251
vt 0.921729 0.873135
vt 0.920736 0.891841
vt 0.920840 0.890016
vt 0.921522 0.878010
vt 0.470940 0.843642
vt 0.464240 0.886061
vt 0.641037 0.471250
vt 0.639252 0.485925
vt 0.625146 0.491616
vt 0.626134 0.477778
vt 0.612762 0.496756
vt 0.613646 0.483747
vt 0.637183 0.502171
vt 0.624287 0.507073
vt 0.612738 0.511578
vt 0.613142 0.526717
vt 0.623382 0.522764
vt 0.634800 0.518582
vt 0.665620 0.527676
vt 0.657997 0.543800
vt 0.652225 0.544095
vt 0.659035 0.528201
vt 0.645325 0.544786
vt 0.651098 0.529210
vt 0.650328 0.558665
vt 0.645320 0.558954
vt 0.639393 0.559566
vt 0.931755 0.851625
vt 0.936799 0.848398
vt 0.938453 0.866614
vt 0.642001 0.531091
vt 0.637486 0.546245
vt 0.632737 0.560806
vt 0.642700 0.573137
vt 0.929025 0.817746
vt 0.933825 0.815459
vt 0.930498 0.834236
vt 0.935398 0.831543
vt 0.170167 0.834002
vt 0.167331 0.846805
vt 0.160425 0.846498
vt 0.163307 0.833824
vt 0.154806 0.845402
vt 0.154684 0.843215
vt 0.154434 0.838530
vt 0.155784 0.832394
vt 0.164043 0.859339
vt 0.157088 0.858837
vt 0.154854 0.846397
vt 0.155452 0.858463
vt 0.155377 0.856957
vt 0.155130 0.851850
vt 0.177607 0.818946
vt 0.175128 0.832796
vt 0.154187 0.831811
vt 0.153914 0.824906
vt 0.153884 0.823998
vt 0.154317 0.835796
vt 0.154253 0.834042
vt 0.155653 0.863355
vt 0.160111 0.872123
vt 0.156009 0.871664
vt 0.155862 0.868324
vt 0.155838 0.867819
vt 0.169398 0.858656
vt 0.165748 0.871648
vt 0.172458 0.845869
vt 0.923729 0.835660
vt 0.923923 0.835653
vt 0.925108 0.853370
vt 0.922662 0.853479
vt 0.923047 0.846955
vt 0.923626 0.837291
vt 0.923816 0.834418
vt 0.922005 0.867110
vt 0.922492 0.856869
vt 0.924842 0.820029
vt 0.924904 0.818470
vt 0.924312 0.827413
vt 0.924947 0.817320
vt 0.925392 0.806707
vt 0.925646 0.801619
vt 0.632072 0.534053
vt 0.629007 0.548676
vt 0.620620 0.551629
vt 0.622184 0.537581
vt 0.613170 0.554483
vt 0.613349 0.540981
vt 0.625625 0.562849
vt 0.618658 0.565310
vt 0.612519 0.567668
vt 0.606578 0.543555
vt 0.607499 0.556623
vt 0.607893 0.569402
vt 0.490466 0.442492
vt 0.497754 0.440495
vt 0.501227 0.453647
vt 0.493509 0.455885
vt 0.505988 0.467856
vt 0.498255 0.470749
vt 0.506990 0.438937
vt 0.510508 0.451403
vt 0.515038 0.464789
vt 0.483355 0.432894
vt 0.487941 0.431444
vt 0.484727 0.443043
vt 0.487451 0.457219
vt 0.492220 0.472924
vt 0.504858 0.484876
vt 0.499097 0.487651
vt 0.512204 0.481319
vt 0.520702 0.477577
vt 0.524988 0.462008
vt 0.529922 0.474243
vt 0.520941 0.449408
vt 0.517711 0.437767
vt 0.504318 0.428853
vt 0.515224 0.428408
vt 0.495046 0.429708
vt 0.037846 0.789702
vt 0.042948 0.792444
vt 0.035345 0.801347
vt 0.029246 0.798405
vt 0.028367 0.811699
vt 0.021411 0.808759
vt 0.048923 0.794985
vt 0.042448 0.804102
vt 0.036491 0.814450
vt 0.043683 0.779588
vt 0.046439 0.782037
vt 0.034157 0.787144
vt 0.024730 0.795732
vt 0.016231 0.806101
vt 0.015114 0.821375
vt 0.009491 0.819002
vt 0.022682 0.823967
vt 0.031587 0.826360
vt 0.045177 0.816543
vt 0.041219 0.828136
vt 0.049975 0.806220
vt 0.055226 0.796936
vt 0.055387 0.786765
vt 0.060544 0.788464
vt 0.050513 0.784526
vt 0.452158 0.917686
vt 0.452574 0.909790
vt 0.458025 0.910040
vt 0.457099 0.918426
vt 0.462858 0.909763
vt 0.461456 0.917661
vt 0.453083 0.900403
vt 0.458739 0.900478
vt 0.463773 0.900375
vt 0.003494 0.874907
vt 0.008032 0.875822
vt 0.006923 0.883817
vt 0.000000 0.883874
vt 0.451839 0.924596
vt 0.456066 0.926170
vt 0.474788 0.419535
vt 0.482747 0.419419
vt 0.484695 0.423047
vt 0.477715 0.424032
vt 0.492732 0.422411
vt 0.502374 0.422380
vt 0.513437 0.422444
vt 0.459133 0.889642
vt 0.464207 0.889571
vt 0.453460 0.889600
vt 0.024376 0.875922
vt 0.035198 0.874571
vt 0.035236 0.879798
vt 0.024340 0.881681
vt 0.015158 0.876540
vt 0.014863 0.883208
vt 0.064695 0.765365
vt 0.066690 0.767308
vt 0.062967 0.771351
vt 0.060572 0.769230
vt 0.057385 0.777323
vt 0.054261 0.775031
vt 0.069473 0.768856
vt 0.066177 0.773080
vt 0.061311 0.779285
vt 0.229611 0.886879
vt 0.232115 0.886409
vt 0.227486 0.881558
vt 0.230336 0.880318
vt 0.059495 0.766817
vt 0.052449 0.772593
vt 0.065526 0.780736
vt 0.069696 0.774321
vt 0.072566 0.769948
vt 0.213826 0.888386
vt 0.213737 0.885247
vt 0.213496 0.882398
vt 0.227709 0.891192
vt 0.227233 0.887285
vt 0.717903 0.851013
vt 0.712623 0.850153
vt 0.716504 0.836872
vt 0.721729 0.837889
vt 0.720663 0.823805
vt 0.725755 0.825076
vt 0.707503 0.848195
vt 0.711368 0.834995
vt 0.715502 0.821974
vt 0.463251 0.778642
vt 0.457801 0.777862
vt 0.458824 0.765365
vt 0.464240 0.766293
vt 0.722456 0.850530
vt 0.726185 0.837765
vt 0.730008 0.825410
vt 0.730249 0.812713
vt 0.734140 0.813668
vt 0.725402 0.811041
vt 0.720205 0.809209
vt 0.711261 0.819739
vt 0.715777 0.807261
vt 0.707241 0.832472
vt 0.703439 0.845376
vt 0.703607 0.861500
vt 0.699578 0.858367
vt 0.708716 0.863560
vt 0.714013 0.864307
vt 0.075570 0.770509
vt 0.078399 0.770406
vt 0.076283 0.774921
vt 0.073101 0.774971
vt 0.073351 0.781583
vt 0.069590 0.781518
vt 0.079954 0.772213
vt 0.079214 0.774059
vt 0.078890 0.770236
vt 0.079631 0.771603
vt 0.076728 0.780908
vt 0.216976 0.892261
vt 0.213857 0.891413
vt 0.065527 0.789397
vt 0.070115 0.789589
vt 0.074146 0.789130
vt 0.262617 0.858411
vt 0.262230 0.849048
vt 0.264925 0.848495
vt 0.265111 0.857403
vt 0.266073 0.865113
vt 0.264868 0.865951
vt 0.263643 0.864629
vt 0.266868 0.867369
vt 0.213728 0.894235
vt 0.214535 0.894416
vt 0.213646 0.894718
vt 0.216973 0.893449
vt 0.249247 0.817247
vt 0.254495 0.818413
vt 0.253400 0.828729
vt 0.248142 0.827612
vt 0.252845 0.838881
vt 0.247557 0.837843
vt 0.259814 0.819201
vt 0.258700 0.829467
vt 0.258091 0.839427
vt 0.246518 0.804829
vt 0.250814 0.806297
vt 0.244977 0.815876
vt 0.243844 0.826317
vt 0.243182 0.836582
vt 0.247551 0.848388
vt 0.243050 0.847093
vt 0.252888 0.849306
vt 0.258040 0.849444
vt 0.262445 0.839488
vt 0.263150 0.829712
vt 0.264298 0.819450
vt 0.261382 0.808266
vt 0.265843 0.808430
vt 0.256071 0.807499
vt 0.010951 0.836338
vt 0.018791 0.838209
vt 0.016541 0.852853
vt 0.008814 0.851635
vt 0.015546 0.866059
vt 0.008258 0.865043
vt 0.028128 0.839845
vt 0.025971 0.853635
vt 0.024828 0.866161
vt 0.005155 0.834606
vt 0.003117 0.850758
vt 0.002945 0.864956
vt 0.035583 0.865557
vt 0.036579 0.853891
vt 0.038389 0.840957
vt 0.529151 0.436683
vt 0.540069 0.435973
vt 0.542516 0.446515
vt 0.531937 0.447752
vt 0.545268 0.458288
vt 0.535333 0.459853
vt 0.549202 0.435872
vt 0.551644 0.445692
vt 0.553920 0.457167
vt 0.526966 0.427828
vt 0.539381 0.471776
vt 0.548382 0.470084
vt 0.556177 0.468940
vt 0.560436 0.456302
vt 0.562016 0.468111
vt 0.558472 0.444960
vt 0.555735 0.435656
vt 0.547324 0.428477
vt 0.552963 0.429977
vt 0.538155 0.427642
vt 0.061362 0.798006
vt 0.067025 0.798282
vt 0.064268 0.807653
vt 0.057383 0.807361
vt 0.061963 0.817858
vt 0.053837 0.817631
vt 0.071957 0.797945
vt 0.070261 0.807340
vt 0.069064 0.817495
vt 0.050972 0.828986
vt 0.060228 0.829052
vt 0.068372 0.828588
vt 0.074653 0.816808
vt 0.074789 0.827846
vt 0.074992 0.806664
vt 0.075898 0.797176
vt 0.077462 0.788107
vt 0.387623 0.841829
vt 0.385314 0.841133
vt 0.387520 0.824053
vt 0.387710 0.824108
vt 0.387700 0.825729
vt 0.387652 0.835340
vt 0.387737 0.822801
vt 0.388268 0.807011
vt 0.384815 0.805333
vt 0.389287 0.790367
vt 0.388966 0.795389
vt 0.388338 0.805875
vt 0.382179 0.821128
vt 0.388176 0.808551
vt 0.387948 0.815899
vt 0.380056 0.837875
vt 0.378235 0.856168
vt 0.387672 0.845195
vt 0.387829 0.855366
vt 0.553873 0.526340
vt 0.557089 0.524256
vt 0.565621 0.530983
vt 0.562935 0.532428
vt 0.572686 0.536674
vt 0.570129 0.537357
vt 0.560725 0.522118
vt 0.568582 0.529459
vt 0.575244 0.535769
vt 0.713079 0.805119
vt 0.718018 0.793522
vt 0.720894 0.795296
vt 0.723209 0.783231
vt 0.726024 0.784799
vt 0.728277 0.775140
vt 0.730481 0.776792
vt 0.733234 0.769715
vt 0.733591 0.772135
vt 0.727471 0.773123
vt 0.733083 0.767264
vt 0.225010 0.885167
vt 0.227003 0.885655
vt 0.227233 0.892006
vt 0.224725 0.891685
vt 0.582282 0.540047
vt 0.580171 0.540502
vt 0.577736 0.534948
vt 0.571632 0.528172
vt 0.564529 0.520306
vt 0.552234 0.514299
vt 0.556989 0.511939
vt 0.547697 0.517041
vt 0.543677 0.519693
vt 0.256938 0.773249
vt 0.261687 0.773884
vt 0.260006 0.784259
vt 0.254895 0.783197
vt 0.258016 0.795817
vt 0.252759 0.794609
vt 0.266160 0.774967
vt 0.265007 0.785081
vt 0.263270 0.796567
vt 0.254898 0.766457
vt 0.258269 0.765378
vt 0.252945 0.772351
vt 0.250591 0.781765
vt 0.248409 0.793071
vt 0.079771 0.838916
vt 0.075194 0.839709
vt 0.078949 0.827056
vt 0.079954 0.850462
vt 0.075202 0.851110
vt 0.078599 0.860366
vt 0.074208 0.860522
vt 0.074915 0.867870
vt 0.072619 0.866326
vt 0.262787 0.765365
vt 0.266868 0.766981
vt 0.460004 0.827888
vt 0.455546 0.830632
vt 0.453786 0.812137
vt 0.458856 0.810869
vt 0.452614 0.794183
vt 0.457957 0.793577
vt 0.451436 0.829500
vt 0.449380 0.812651
vt 0.448108 0.795429
vt 0.464196 0.834756
vt 0.461205 0.844240
vt 0.464240 0.824414
vt 0.463840 0.809969
vt 0.463301 0.793890
vt 0.452400 0.778276
vt 0.704577 0.876910
vt 0.699521 0.874690
vt 0.488218 0.473958
vt 0.495295 0.489160
vt 0.483175 0.457014
vt 0.479935 0.440222
vt 0.457592 0.849260
vt 0.453869 0.845620
vt 0.827764 0.858598
vt 0.819160 0.849915
vt 0.825245 0.846959
vt 0.832854 0.855843
vt 0.832340 0.844189
vt 0.838820 0.853290
vt 0.811318 0.839580
vt 0.818260 0.836624
vt 0.826376 0.833856
vt 0.824096 0.861167
vt 0.821461 0.821959
vt 0.812565 0.824371
vt 0.805010 0.826981
vt 0.806159 0.842253
vt 0.799407 0.829369
vt 0.814665 0.852602
vt 0.568255 0.519108
vt 0.571650 0.518427
vt 0.577277 0.526914
vt 0.574612 0.527370
vt 0.582190 0.534091
vt 0.580150 0.534479
vt 0.574461 0.518075
vt 0.579397 0.526611
vt 0.583582 0.533525
vt 0.561663 0.510317
vt 0.584300 0.539825
vt 0.585214 0.539598
vt 0.585598 0.539026
vt 0.585530 0.539131
vt 0.473559 0.785905
vt 0.471996 0.784753
vt 0.472208 0.780683
vt 0.472525 0.780557
vt 0.473559 0.780165
vt 0.244700 0.880301
vt 0.242935 0.875484
vt 0.245322 0.876101
vt 0.245771 0.878148
vt 0.241411 0.866935
vt 0.244281 0.868076
vt 0.240514 0.856733
vt 0.243468 0.857968
vt 0.240199 0.845920
vt 0.565946 0.509329
vt 0.569527 0.508759
vt 0.513183 0.496332
vt 0.519869 0.492538
vt 0.528632 0.501770
vt 0.522780 0.505398
vt 0.538054 0.509706
vt 0.533121 0.512907
vt 0.527538 0.488575
vt 0.535292 0.497991
vt 0.543633 0.506380
vt 0.507901 0.499310
vt 0.518125 0.508251
vt 0.529179 0.515425
vt 0.540472 0.521788
vt 0.549514 0.503490
vt 0.542371 0.494688
vt 0.535771 0.485086
vt 0.544112 0.482568
vt 0.551970 0.480904
vt 0.556075 0.490821
vt 0.549462 0.492338
vt 0.560725 0.500181
vt 0.555341 0.501462
vt 0.558717 0.479828
vt 0.561703 0.489868
vt 0.565264 0.499399
vt 0.240446 0.835410
vt 0.565838 0.489212
vt 0.568557 0.498869
vt 0.563727 0.479076
vt 0.453517 0.877815
vt 0.453433 0.866439
vt 0.458803 0.866231
vt 0.459135 0.877797
vt 0.463718 0.866412
vt 0.464207 0.877787
vt 0.453373 0.856969
vt 0.458226 0.856381
vt 0.462751 0.856944
vt 0.448108 0.889442
vt 0.448271 0.877803
vt 0.525390 0.422177
vt 0.536967 0.422307
vt 0.546854 0.423802
vt 0.554326 0.427547
vt 0.457468 0.849260
vt 0.461754 0.850318
vt 0.453009 0.850342
vt 0.067098 0.868960
vt 0.068104 0.872842
vt 0.448477 0.866737
vt 0.449047 0.857803
vt 0.119896 0.838447
vt 0.112600 0.837825
vt 0.112038 0.825029
vt 0.119278 0.825512
vt 0.110707 0.812480
vt 0.117901 0.812762
vt 0.106996 0.825591
vt 0.105947 0.838553
vt 0.105670 0.832349
vt 0.106555 0.827739
vt 0.107161 0.824608
vt 0.108059 0.819199
vt 0.108957 0.814183
vt 0.109199 0.812699
vt 0.126638 0.840423
vt 0.125876 0.827196
vt 0.124432 0.814179
vt 0.115556 0.799650
vt 0.111250 0.799654
vt 0.109843 0.807667
vt 0.110694 0.803448
vt 0.110779 0.802934
vt 0.109588 0.809519
vt 0.104838 0.839028
vt 0.105064 0.836803
vt 0.105297 0.835065
vt 0.315408 0.862935
vt 0.314702 0.863976
vt 0.312004 0.855902
vt 0.312400 0.856717
vt 0.157372 0.230452
vt 0.147479 0.226926
vt 0.145898 0.212881
vt 0.154290 0.215831
vt 0.143916 0.199204
vt 0.150888 0.201663
vt 0.138631 0.223530
vt 0.138434 0.210030
vt 0.137765 0.196848
vt 0.167304 0.233413
vt 0.162772 0.218262
vt 0.158002 0.203704
vt 0.129276 0.816492
vt 0.132740 0.207896
vt 0.133115 0.195119
vt 0.131836 0.220960
vt 0.048964 0.841354
vt 0.059121 0.841144
vt 0.058449 0.853063
vt 0.047714 0.853693
vt 0.058035 0.863535
vt 0.047061 0.864727
vt 0.068106 0.840520
vt 0.067846 0.852079
vt 0.067291 0.861875
vt 0.046887 0.873201
vt 0.058024 0.871472
vt 0.773329 0.857930
vt 0.772846 0.844269
vt 0.778160 0.844567
vt 0.778659 0.858394
vt 0.783600 0.844009
vt 0.784103 0.857754
vt 0.772092 0.830858
vt 0.777340 0.830878
vt 0.782793 0.830372
vt 0.769579 0.869862
vt 0.769034 0.856343
vt 0.773833 0.871772
vt 0.779151 0.872350
vt 0.784609 0.871608
vt 0.788735 0.856021
vt 0.789285 0.869562
vt 0.788221 0.842578
vt 0.787454 0.829247
vt 0.781372 0.816842
vt 0.775883 0.817340
vt 0.770774 0.817771
vt 0.767888 0.830137
vt 0.766768 0.817740
vt 0.768557 0.843053
vt 0.222599 0.828438
vt 0.221483 0.818077
vt 0.226749 0.816962
vt 0.227857 0.827272
vt 0.232029 0.816233
vt 0.233154 0.826494
vt 0.220899 0.807847
vt 0.226191 0.806812
vt 0.231420 0.806275
vt 0.219838 0.840861
vt 0.218286 0.829819
vt 0.224184 0.839381
vt 0.229454 0.838179
vt 0.234741 0.837423
vt 0.237586 0.826265
vt 0.239141 0.837281
vt 0.236435 0.816005
vt 0.235735 0.806229
vt 0.231380 0.796256
vt 0.235537 0.796665
vt 0.226245 0.796386
vt 0.220907 0.797301
vt 0.216497 0.809114
vt 0.216386 0.798598
vt 0.217151 0.819379
vt 0.893007 0.427782
vt 0.869377 0.437446
vt 0.869206 0.397624
vt 0.891609 0.386611
vt 0.892736 0.467418
vt 0.868044 0.475669
vt 0.914376 0.417996
vt 0.911818 0.375760
vt 0.915177 0.458814
vt 0.859869 0.360684
vt 0.867819 0.356550
vt 0.865485 0.399182
vt 0.865085 0.391761
vt 0.860048 0.361249
vt 0.866363 0.438439
vt 0.866789 0.423640
vt 0.863780 0.476750
vt 0.865907 0.454720
vt 0.858653 0.509040
vt 0.859339 0.506390
vt 0.863201 0.482836
vt 0.932871 0.451552
vt 0.931180 0.409848
vt 0.927687 0.366845
vt 0.909027 0.332326
vt 0.924460 0.322726
vt 0.889430 0.344177
vt 0.868281 0.877793
vt 0.865451 0.877695
vt 0.862991 0.873243
vt 0.866174 0.873288
vt 0.869111 0.874145
vt 0.869847 0.875988
vt 0.869521 0.876596
vt 0.868773 0.877962
vt 0.859484 0.866708
vt 0.863246 0.866637
vt 0.866631 0.867308
vt 0.220202 0.891412
vt 0.220317 0.894234
vt 0.219482 0.894416
vt 0.220387 0.894718
vt 0.239394 0.780602
vt 0.238210 0.779755
vt 0.240199 0.778343
vt 0.238401 0.788319
vt 0.235948 0.787297
vt 0.236996 0.781072
vt 0.238184 0.797235
vt 0.859910 0.241210
vt 0.882440 0.226595
vt 0.884824 0.261045
vt 0.862737 0.275580
vt 0.887175 0.301308
vt 0.865528 0.315014
vt 0.902885 0.215829
vt 0.905209 0.248579
vt 0.907073 0.288644
vt 0.838976 0.257856
vt 0.841879 0.290586
vt 0.847703 0.326148
vt 0.843813 0.317775
vt 0.851463 0.333955
vt 0.851427 0.333848
vt 0.850905 0.332698
vt 0.922910 0.278443
vt 0.921803 0.238023
vt 0.919810 0.205617
vt 0.800834 0.812030
vt 0.798686 0.796742
vt 0.806402 0.795507
vt 0.808662 0.810141
vt 0.815828 0.794707
vt 0.817992 0.808487
vt 0.798124 0.783343
vt 0.805404 0.782311
vt 0.814682 0.782190
vt 0.795056 0.813778
vt 0.828249 0.807355
vt 0.826432 0.794429
vt 0.825436 0.782773
vt 0.814239 0.772439
vt 0.825059 0.773768
vt 0.805022 0.771840
vt 0.797901 0.772572
vt 0.792823 0.783444
vt 0.793370 0.773498
vt 0.793005 0.797636
vt 0.823091 0.276749
vt 0.822212 0.274965
vt 0.822924 0.274040
vt 0.833388 0.297411
vt 0.840126 0.309735
vt 0.839107 0.307717
vt 0.829024 0.288524
vt 0.827960 0.286088
vt 0.821659 0.273393
vt 0.820476 0.270197
vt 0.820417 0.269946
vt 0.820144 0.269154
vt 0.093406 0.245431
vt 0.099740 0.237171
vt 0.102400 0.237629
vt 0.096797 0.246113
vt 0.104510 0.237931
vt 0.099598 0.246465
vt 0.107287 0.230455
vt 0.105250 0.230066
vt 0.108673 0.231021
vt 0.086835 0.254220
vt 0.091114 0.255208
vt 0.094685 0.255778
vt 0.213496 0.799781
vt 0.213852 0.788958
vt 0.216836 0.787716
vt 0.214794 0.778745
vt 0.217686 0.777599
vt 0.216356 0.770186
vt 0.218758 0.769567
vt 0.219215 0.767519
vt 0.218142 0.765365
vt 0.110926 0.227370
vt 0.110670 0.225522
vt 0.110852 0.226952
vt 0.109372 0.224724
vt 0.110285 0.224950
vt 0.110601 0.225417
vt 0.054409 0.327847
vt 0.057190 0.316777
vt 0.067762 0.318015
vt 0.065318 0.328556
vt 0.076878 0.318838
vt 0.074439 0.328658
vt 0.060575 0.304677
vt 0.070504 0.306242
vt 0.079145 0.307364
vt 0.040481 0.336124
vt 0.042973 0.326763
vt 0.052217 0.336704
vt 0.063397 0.336889
vt 0.072554 0.336054
vt 0.080954 0.328876
vt 0.078181 0.334555
vt 0.083686 0.319572
vt 0.085642 0.308231
vt 0.081390 0.295593
vt 0.087212 0.296422
vt 0.073606 0.294447
vt 0.064610 0.292756
vt 0.050232 0.302524
vt 0.055152 0.290290
vt 0.046198 0.315123
vt 0.434051 0.815047
vt 0.432826 0.798297
vt 0.437637 0.798339
vt 0.438351 0.816653
vt 0.443028 0.797864
vt 0.443275 0.814656
vt 0.432231 0.781383
vt 0.437270 0.780723
vt 0.442835 0.780934
vt 0.789285 0.780688
vt 0.789883 0.764545
vt 0.435602 0.831183
vt 0.439240 0.835183
vt 0.443500 0.830849
vt 0.002946 0.340509
vt 0.005156 0.324321
vt 0.009968 0.321496
vt 0.008598 0.331645
vt 0.448108 0.797862
vt 0.447953 0.812025
vt 0.448017 0.782173
vt 0.442979 0.765772
vt 0.448108 0.767483
vt 0.437411 0.765365
vt 0.432317 0.766224
vt 0.796250 0.831168
vt 0.791775 0.815072
vt 0.429447 0.798653
vt 0.428625 0.782995
vt 0.789626 0.797628
vt 0.937697 0.361186
vt 0.942844 0.358307
vt 0.947235 0.402029
vt 0.941784 0.404664
vt 0.949787 0.444571
vt 0.944044 0.446921
vt 0.949856 0.792871
vt 0.954520 0.792336
vt 0.954476 0.835804
vt 0.949814 0.836222
vt 0.954448 0.877663
vt 0.949787 0.877952
vt 0.934203 0.316649
vt 0.942057 0.487795
vt 0.947899 0.485779
vt 0.954456 0.917075
vt 0.949795 0.917235
vt 0.959439 0.877631
vt 0.959448 0.917062
vt 0.959468 0.835754
vt 0.959511 0.792270
vt 0.954556 0.748101
vt 0.959548 0.748021
vt 0.949893 0.748724
vt 0.939212 0.313556
vt 0.739880 0.766097
vt 0.740469 0.766647
vt 0.738411 0.766984
vt 0.738689 0.765007
vt 0.737353 0.771162
vt 0.742918 0.770499
vt 0.743195 0.769436
vt 0.743735 0.770013
vt 0.744158 0.770459
vt 0.224574 0.882043
vt 0.225333 0.881571
vt 0.223185 0.884548
vt 0.223454 0.882657
vt 0.223560 0.882626
vt 0.226034 0.881132
vt 0.227233 0.880318
vt 0.738114 0.764546
vt 0.738294 0.764682
vt 0.735432 0.801154
vt 0.731001 0.798718
vt 0.738189 0.786584
vt 0.741354 0.791813
vt 0.747850 0.786610
vt 0.747254 0.782205
vt 0.748091 0.776091
vt 0.740958 0.777025
vt 0.734840 0.777317
vt 0.730899 0.785933
vt 0.725596 0.796914
vt 0.738737 0.802934
vt 0.743717 0.794367
vt 0.753944 0.787737
vt 0.748899 0.789142
vt 0.754230 0.785449
vt 0.754720 0.781519
vt 0.755476 0.775465
vt 0.755396 0.776108
vt 0.748801 0.772744
vt 0.744761 0.771135
vt 0.223069 0.882782
vt 0.221594 0.883854
vt 0.221720 0.883192
vt 0.221589 0.883227
vt 0.220806 0.883437
vt 0.248920 0.869817
vt 0.248125 0.859411
vt 0.253635 0.860296
vt 0.254932 0.868041
vt 0.251848 0.870884
vt 0.249071 0.873336
vt 0.258684 0.859609
vt 0.259782 0.864840
vt 0.256829 0.866796
vt 0.246652 0.876749
vt 0.245968 0.877841
vt 0.248291 0.874166
vt 0.262277 0.864004
vt 0.015721 0.322044
vt 0.018757 0.308650
vt 0.026484 0.310887
vt 0.023017 0.324037
vt 0.035767 0.313129
vt 0.032255 0.325594
vt 0.023490 0.293788
vt 0.031231 0.296678
vt 0.040284 0.299743
vt 0.013193 0.333092
vt 0.020305 0.334826
vt 0.029578 0.335680
vt 0.045933 0.286957
vt 0.037432 0.283216
vt 0.030078 0.279662
vt 0.017439 0.291616
vt 0.024301 0.276891
vt 0.012683 0.307320
vt 0.190911 0.236826
vt 0.184336 0.236300
vt 0.177507 0.220410
vt 0.183269 0.220706
vt 0.170584 0.205554
vt 0.175581 0.205845
vt 0.176402 0.235292
vt 0.170611 0.219719
vt 0.164660 0.204944
vt 0.195933 0.237261
vt 0.187703 0.220978
vt 0.179455 0.206126
vt 0.381797 0.802013
vt 0.156335 0.885305
vt 0.156305 0.884274
vt 0.156256 0.883172
vt 0.156145 0.875227
vt 0.156172 0.879335
vt 0.156154 0.876211
vt 0.156300 0.897345
vt 0.156337 0.891711
vt 0.156349 0.891236
vt 0.156404 0.887477
vt 0.925742 0.799587
vt 0.236016 0.668197
vt 0.240842 0.651470
vt 0.248918 0.654248
vt 0.245432 0.670691
vt 0.257936 0.656855
vt 0.255941 0.672982
vt 0.245331 0.634764
vt 0.252126 0.637580
vt 0.259729 0.640260
vt 0.230873 0.685841
vt 0.241659 0.687866
vt 0.253709 0.689671
vt 0.261361 0.622168
vt 0.255070 0.619729
vt 0.249464 0.617180
vt 0.245091 0.615015
vt 0.153185 0.819675
vt 0.148247 0.821026
vt 0.148493 0.796710
vt 0.153336 0.795923
vt 0.148500 0.773433
vt 0.153250 0.773144
vt 0.143332 0.821457
vt 0.143613 0.796933
vt 0.143655 0.773472
vt 0.867424 0.116093
vt 0.849904 0.133642
vt 0.832899 0.150290
vt 0.817227 0.166988
vt 0.812407 0.173300
vt 0.810349 0.171691
vt 0.809191 0.170474
vt 0.807932 0.169350
vt 0.148328 0.766253
vt 0.151572 0.766185
vt 0.151780 0.766165
vt 0.152321 0.766087
vt 0.153029 0.765365
vt 0.143515 0.767231
vt 0.146442 0.767217
vt 0.146951 0.766970
vt 0.138762 0.773388
vt 0.138649 0.768291
vt 0.138715 0.796875
vt 0.138429 0.821428
vt 0.143113 0.846976
vt 0.138206 0.846977
vt 0.148063 0.846333
vt 0.153095 0.844407
vt 0.902102 0.964880
vt 0.897607 0.964316
vt 0.897358 0.949659
vt 0.901938 0.949789
vt 0.897251 0.932366
vt 0.901873 0.932240
vt 0.211384 0.760836
vt 0.213595 0.757142
vt 0.226827 0.760552
vt 0.225579 0.764550
vt 0.243728 0.761370
vt 0.243094 0.765365
vt 0.902399 0.975898
vt 0.901857 0.913887
vt 0.897229 0.914150
vt 0.262103 0.760861
vt 0.261855 0.764776
vt 0.244877 0.753546
vt 0.228694 0.752758
vt 0.216251 0.750117
vt 0.202270 0.752767
vt 0.897948 0.974924
vt 0.901850 0.895916
vt 0.897221 0.896306
vt 0.897227 0.878147
vt 0.901856 0.877621
vt 0.897262 0.858498
vt 0.901889 0.857821
vt 0.280288 0.763947
vt 0.280179 0.760064
vt 0.298651 0.758775
vt 0.299135 0.762683
vt 0.318828 0.756482
vt 0.319717 0.760452
vt 0.901965 0.835334
vt 0.897339 0.836177
vt 0.342019 0.752671
vt 0.343353 0.756720
vt 0.273711 0.617732
vt 0.267928 0.615094
vt 0.267982 0.615132
vt 0.271596 0.616684
vt 0.276813 0.619267
vt 0.279791 0.620022
vt 0.279960 0.620065
vt 0.284291 0.621366
vt 0.904204 0.061109
vt 0.910381 0.061313
vt 0.903210 0.079666
vt 0.897492 0.078262
vt 0.889328 0.099095
vt 0.884233 0.097164
vt 0.150749 0.912697
vt 0.145937 0.914433
vt 0.144094 0.896457
vt 0.149034 0.895242
vt 0.143262 0.872887
vt 0.148235 0.872021
vt 0.153336 0.869509
vt 0.138350 0.872920
vt 0.139188 0.896540
vt 0.141049 0.914591
vt 0.295897 0.897927
vt 0.290926 0.897831
vt 0.286404 0.897234
vt 0.218326 0.738643
vt 0.221174 0.723084
vt 0.233993 0.724367
vt 0.231030 0.740372
vt 0.248799 0.725206
vt 0.246610 0.741107
vt 0.225614 0.704752
vt 0.237685 0.706246
vt 0.251253 0.707496
vt 0.252200 0.603387
vt 0.248623 0.600882
vt 0.250754 0.602767
vt 0.251009 0.602848
vt 0.252037 0.603299
vt 0.256799 0.607116
vt 0.255091 0.605672
vt 0.262187 0.611044
vt 0.258785 0.609050
vt 0.259583 0.609496
vt 0.261547 0.610629
vt 0.363779 0.839436
vt 0.363640 0.863942
vt 0.359000 0.861104
vt 0.359232 0.837877
vt 0.541256 0.941595
vt 0.512751 0.940306
vt 0.517934 0.933904
vt 0.542239 0.934669
vt 0.414131 0.838385
vt 0.413653 0.858555
vt 0.409096 0.858783
vt 0.409593 0.839274
vt 0.489965 0.932717
vt 0.497523 0.926540
vt 0.409042 0.880300
vt 0.585366 0.285716
vt 0.599870 0.312244
vt 0.597990 0.317718
vt 0.581697 0.289516
vt 0.378055 0.865122
vt 0.378126 0.893135
vt 0.373543 0.893511
vt 0.373519 0.864440
vt 0.607245 0.325279
vt 0.606166 0.326889
vt 0.609912 0.324401
vt 0.607954 0.324940
vt 0.373547 0.903655
vt 0.378109 0.904754
vt 0.376305 0.904314
vt 0.873993 0.794275
vt 0.878036 0.793094
vt 0.882799 0.793023
vt 0.368563 0.893568
vt 0.368546 0.864345
vt 0.368569 0.902217
vt 0.612011 0.321711
vt 0.182383 0.882948
vt 0.187210 0.880684
vt 0.187176 0.896913
vt 0.186125 0.897440
vt 0.184784 0.897975
vt 0.182599 0.898578
vt 0.182454 0.898697
vt 0.177607 0.889943
vt 0.181342 0.900200
vt 0.177930 0.904281
vt 0.190789 0.896328
vt 0.185686 0.859982
vt 0.180802 0.862499
vt 0.344617 0.535597
vt 0.345188 0.528197
vt 0.346292 0.513691
vt 0.339832 0.509451
vt 0.341193 0.504813
vt 0.338551 0.513986
vt 0.339533 0.510592
vt 0.902101 0.809904
vt 0.897482 0.810957
vt 0.897738 0.786404
vt 0.902318 0.784969
vt 0.898139 0.766910
vt 0.902637 0.764874
vt 0.370382 0.751007
vt 0.368493 0.746926
vt 0.394360 0.739207
vt 0.397212 0.743054
vt 0.415026 0.729567
vt 0.419398 0.732629
vt 0.301028 0.864077
vt 0.300897 0.881022
vt 0.305583 0.864698
vt 0.305403 0.881038
vt 0.427277 0.717857
vt 0.433028 0.719392
vt 0.839811 0.631640
vt 0.857928 0.629687
vt 0.856262 0.635860
vt 0.838253 0.637702
vt 0.104838 0.767439
vt 0.101739 0.782172
vt 0.097005 0.780070
vt 0.100069 0.765365
vt 0.875242 0.622670
vt 0.874294 0.628320
vt 0.099457 0.800679
vt 0.094777 0.798923
vt 0.821637 0.629582
vt 0.820517 0.635295
vt 0.719889 0.909039
vt 0.719902 0.892395
vt 0.724575 0.891811
vt 0.724568 0.908382
vt 0.729568 0.891729
vt 0.729561 0.908290
vt 0.724587 0.876994
vt 0.729573 0.876910
vt 0.089911 0.798504
vt 0.092130 0.779601
vt 0.093648 0.822917
vt 0.088784 0.822608
vt 0.098307 0.823903
vt 0.103747 0.805241
vt 0.102506 0.825998
vt 0.891511 0.609704
vt 0.934175 0.526698
vt 0.939738 0.525165
vt 0.926527 0.560878
vt 0.921839 0.561351
vt 0.104838 0.880671
vt 0.100230 0.884371
vt 0.098556 0.852320
vt 0.102950 0.851161
vt 0.103309 0.917842
vt 0.098483 0.919570
vt 0.095440 0.885537
vt 0.093843 0.852451
vt 0.907144 0.589355
vt 0.088971 0.852301
vt 0.090557 0.885535
vt 0.093596 0.919648
vt 0.959508 0.953118
vt 0.954517 0.953109
vt 0.949861 0.953117
vt 0.442925 0.903753
vt 0.437788 0.904451
vt 0.437077 0.896046
vt 0.442659 0.895849
vt 0.436627 0.886465
vt 0.442380 0.886447
vt 0.433691 0.903618
vt 0.432446 0.895699
vt 0.431764 0.886292
vt 0.796805 0.764588
vt 0.804744 0.765182
vt 0.814222 0.766691
vt 0.448108 0.886272
vt 0.442275 0.875629
vt 0.447959 0.875507
vt 0.436518 0.875613
vt 0.431602 0.875473
vt 0.027616 0.342156
vt 0.038676 0.342091
vt 0.017973 0.342127
vt 0.009933 0.341493
vt 0.000000 0.345010
vt 0.007961 0.345124
vt 0.443142 0.910668
vt 0.438635 0.912214
vt 0.724567 0.911351
vt 0.729561 0.909909
vt 0.719889 0.912697
vt 0.723742 0.911589
vt 0.817555 0.632191
vt 0.816990 0.628225
vt 0.816961 0.634158
vt 0.817262 0.633131
vt 0.817579 0.625620
vt 0.817602 0.625528
vt 0.933217 0.191279
vt 0.941996 0.179200
vt 0.939591 0.223022
vt 0.933163 0.229126
vt 0.938309 0.268107
vt 0.933033 0.271726
vt 0.950062 0.619765
vt 0.954564 0.615784
vt 0.954570 0.659687
vt 0.949959 0.661436
vt 0.954571 0.703811
vt 0.949914 0.704619
vt 0.959561 0.703705
vt 0.959554 0.659446
vt 0.959532 0.615225
vt 0.954557 0.572011
vt 0.959504 0.571023
vt 0.950202 0.579000
vt 0.350760 0.163998
vt 0.344410 0.147084
vt 0.350697 0.163825
vt 0.345934 0.151106
vt 0.230328 0.872420
vt 0.228298 0.862469
vt 0.233425 0.861405
vt 0.235093 0.871784
vt 0.238398 0.860595
vt 0.239539 0.870711
vt 0.226151 0.851062
vt 0.231422 0.849852
vt 0.236650 0.849114
vt 0.228211 0.879233
vt 0.226280 0.873333
vt 0.231610 0.880305
vt 0.236139 0.880318
vt 0.240199 0.878712
vt 0.864796 0.780397
vt 0.868485 0.787890
vt 0.864074 0.787737
vt 0.862486 0.781940
vt 0.869847 0.797788
vt 0.865072 0.797142
vt 0.869675 0.809331
vt 0.865074 0.808539
vt 0.868866 0.821189
vt 0.221744 0.852613
vt 0.223934 0.863915
vt 0.038389 0.268206
vt 0.047973 0.259141
vt 0.053833 0.262768
vt 0.045083 0.271998
vt 0.060495 0.266545
vt 0.052755 0.275960
vt 0.058300 0.251633
vt 0.063241 0.254832
vt 0.068823 0.258156
vt 0.033091 0.265231
vt 0.060988 0.279447
vt 0.067575 0.269847
vt 0.074703 0.261045
vt 0.054340 0.249118
vt 0.065617 0.242756
vt 0.043302 0.256292
vt 0.069328 0.281965
vt 0.074664 0.272196
vt 0.081274 0.273713
vt 0.077181 0.283629
vt 0.086893 0.274666
vt 0.083919 0.284705
vt 0.080530 0.263073
vt 0.085909 0.264354
vt 0.090439 0.265137
vt 0.088912 0.285459
vt 0.091011 0.275324
vt 0.093715 0.265670
vt 0.213712 0.810299
vt 0.442493 0.863834
vt 0.436800 0.863758
vt 0.437433 0.852184
vt 0.442869 0.852448
vt 0.438362 0.842322
vt 0.443264 0.842962
vt 0.431877 0.863678
vt 0.432656 0.852298
vt 0.433951 0.842825
vt 0.448048 0.863858
vt 0.448108 0.852780
vt 0.447823 0.843827
vt 0.444034 0.836313
vt 0.447282 0.838456
vt 0.439562 0.835183
vt 0.435350 0.836186
vt 0.072065 0.340732
vt 0.079527 0.336988
vt 0.062190 0.342228
vt 0.050622 0.342357
vt 0.838822 0.806937
vt 0.837564 0.794605
vt 0.848300 0.795216
vt 0.848980 0.807127
vt 0.857703 0.796182
vt 0.857972 0.807737
vt 0.836911 0.783580
vt 0.847884 0.784750
vt 0.857145 0.786393
vt 0.856959 0.779316
vt 0.847881 0.776821
vt 0.836746 0.775115
vt 0.418068 0.336726
vt 0.416674 0.377898
vt 0.394272 0.366888
vt 0.394439 0.327066
vt 0.439433 0.346510
vt 0.436878 0.388747
vt 0.417794 0.297090
vt 0.393103 0.288842
vt 0.440229 0.305692
vt 0.390546 0.365328
vt 0.392889 0.407962
vt 0.384928 0.403824
vt 0.385117 0.403264
vt 0.390151 0.372752
vt 0.414498 0.420333
vt 0.434090 0.432181
vt 0.452736 0.397661
vt 0.449513 0.441781
vt 0.456226 0.354657
vt 0.457913 0.312953
vt 0.388868 0.287769
vt 0.388259 0.281676
vt 0.384395 0.258122
vt 0.391437 0.326076
vt 0.390968 0.309791
vt 0.391853 0.340871
vt 0.384981 0.523306
vt 0.387811 0.488934
vt 0.409897 0.503466
vt 0.407510 0.537918
vt 0.430277 0.515930
vt 0.427951 0.548682
vt 0.390600 0.449499
vt 0.412247 0.463202
vt 0.432140 0.475865
vt 0.364047 0.506662
vt 0.444868 0.558893
vt 0.446861 0.526486
vt 0.447967 0.486064
vt 0.372759 0.438357
vt 0.375977 0.431817
vt 0.376455 0.430755
vt 0.376498 0.430667
vt 0.384523 0.405037
vt 0.368892 0.446647
vt 0.366952 0.473931
vt 0.348183 0.487399
vt 0.347992 0.490480
vt 0.347190 0.489439
vt 0.345208 0.495369
vt 0.345541 0.494325
vt 0.345664 0.493909
vt 0.346617 0.491184
vt 0.358356 0.467024
vt 0.354095 0.475996
vt 0.355127 0.473617
vt 0.365888 0.453173
vt 0.365198 0.454782
vt 0.462729 0.403322
vt 0.466812 0.359843
vt 0.472240 0.362481
vt 0.467853 0.406204
vt 0.969200 0.792914
vt 0.969157 0.836265
vt 0.964463 0.835826
vt 0.964507 0.792359
vt 0.469068 0.317585
vt 0.474788 0.319939
vt 0.969130 0.877995
vt 0.964435 0.877686
vt 0.459239 0.447860
vt 0.464224 0.450956
vt 0.969236 0.748768
vt 0.964543 0.748123
vt 0.964443 0.917098
vt 0.969139 0.917278
vt 0.467077 0.276711
vt 0.472897 0.278730
vt 0.774318 0.769453
vt 0.774101 0.771438
vt 0.772189 0.770605
vt 0.772895 0.770217
vt 0.774100 0.775748
vt 0.774781 0.769235
vt 0.774988 0.769147
vt 0.776091 0.768768
vt 0.776675 0.768603
vt 0.779531 0.771188
vt 0.779628 0.769571
vt 0.777300 0.768430
vt 0.778056 0.768271
vt 0.778113 0.768230
vt 0.768861 0.772639
vt 0.768868 0.773738
vt 0.767677 0.773394
vt 0.768196 0.773065
vt 0.768591 0.805292
vt 0.765146 0.794782
vt 0.769500 0.790492
vt 0.773485 0.804020
vt 0.779167 0.803599
vt 0.776726 0.791652
vt 0.775024 0.782332
vt 0.769164 0.780545
vt 0.761789 0.784019
vt 0.762480 0.777887
vt 0.760129 0.788142
vt 0.764950 0.806205
vt 0.762228 0.796677
vt 0.762614 0.774468
vt 0.766926 0.773901
vt 0.758489 0.790339
vt 0.779647 0.767910
vt 0.778351 0.768029
vt 0.779111 0.767446
vt 0.473981 0.781111
vt 0.473559 0.780376
vt 0.473981 0.780165
vt 0.473978 0.780302
vt 0.228340 0.777637
vt 0.227018 0.785391
vt 0.221509 0.786272
vt 0.222337 0.775857
vt 0.225273 0.774790
vt 0.233163 0.780846
vt 0.232048 0.786087
vt 0.230226 0.778890
vt 0.222501 0.772335
vt 0.235636 0.781696
vt 0.220094 0.768919
vt 0.219410 0.767826
vt 0.221724 0.771504
vt 0.112703 0.787195
vt 0.112779 0.786845
vt 0.112895 0.786084
vt 0.112623 0.787710
vt 0.114096 0.774091
vt 0.113842 0.780209
vt 0.113894 0.779765
vt 0.114072 0.774372
vt 0.112304 0.792039
vt 0.111319 0.799066
vt 0.111911 0.795047
vt 0.389406 0.788298
vt 0.374956 0.630881
vt 0.357949 0.614235
vt 0.361066 0.611924
vt 0.378729 0.628675
vt 0.129460 0.820622
vt 0.129706 0.796306
vt 0.133913 0.796725
vt 0.133633 0.821249
vt 0.342276 0.597540
vt 0.344788 0.595165
vt 0.129713 0.773029
vt 0.133955 0.773264
vt 0.392477 0.648428
vt 0.396913 0.646336
vt 0.129276 0.845929
vt 0.133414 0.846767
vt 0.133816 0.767037
vt 0.129539 0.765750
vt 0.130803 0.766599
vt 0.131254 0.766891
vt 0.340186 0.589363
vt 0.337538 0.591338
vt 0.338224 0.591456
vt 0.338592 0.591122
vt 0.339809 0.589711
vt 0.332997 0.595177
vt 0.334316 0.594220
vt 0.337134 0.591768
vt 0.429259 0.703408
vt 0.422547 0.686254
vt 0.428242 0.684853
vt 0.435415 0.703206
vt 0.305434 0.897286
vt 0.305583 0.913128
vt 0.300935 0.914117
vt 0.300874 0.897858
vt 0.409288 0.667354
vt 0.414359 0.665426
vt 0.130353 0.894841
vt 0.129462 0.871618
vt 0.133564 0.872678
vt 0.134408 0.896249
vt 0.136275 0.914226
vt 0.556833 0.781298
vt 0.556625 0.776007
vt 0.587590 0.765907
vt 0.585351 0.771248
vt 0.600903 0.768917
vt 0.599789 0.764546
vt 0.599535 0.766468
vt 0.599829 0.767198
vt 0.892395 0.794706
vt 0.887661 0.793319
vt 0.892660 0.764545
vt 0.897221 0.766661
vt 0.359031 0.904754
vt 0.359000 0.893147
vt 0.363583 0.893517
vt 0.363592 0.903627
vt 0.360831 0.904299
vt 0.600658 0.772344
vt 0.363573 0.864446
vt 0.364820 0.132879
vt 0.363238 0.126822
vt 0.381247 0.128661
vt 0.382936 0.134830
vt 0.399278 0.136199
vt 0.400248 0.141845
vt 0.739233 0.892402
vt 0.734561 0.891815
vt 0.734560 0.876998
vt 0.739191 0.877600
vt 0.083069 0.781422
vt 0.087324 0.779681
vt 0.085121 0.798535
vt 0.080985 0.799936
vt 0.346646 0.134940
vt 0.416518 0.154809
vt 0.417325 0.150872
vt 0.084007 0.822529
vt 0.079954 0.823165
vt 0.734555 0.908386
vt 0.739233 0.909047
vt 0.345502 0.129231
vt 0.459192 0.237809
vt 0.446852 0.203157
vt 0.451517 0.203634
vt 0.464732 0.239345
vt 0.969191 0.953160
vt 0.969244 0.984176
vt 0.964600 0.984494
vt 0.964503 0.953132
vt 0.432154 0.175155
vt 0.435170 0.173646
vt 0.081560 0.883620
vt 0.080084 0.851577
vt 0.084187 0.852063
vt 0.085759 0.885148
vt 0.088791 0.919180
vt 0.342595 0.138901
vt 0.342038 0.136286
vt 0.344049 0.145341
vt 0.342616 0.138994
vt 0.342255 0.131393
vt 0.341953 0.130366
vt 0.342045 0.136238
vt 0.342549 0.132334
vt 0.734554 0.911347
vt 0.739230 0.912697
vt 0.735376 0.911583
vt 0.458261 0.573231
vt 0.458205 0.535384
vt 0.464612 0.541491
vt 0.467019 0.585313
vt 0.969065 0.619808
vt 0.969193 0.661479
vt 0.964543 0.659709
vt 0.964508 0.615807
vt 0.458072 0.492784
vt 0.463326 0.496405
vt 0.969244 0.704663
vt 0.964556 0.703834
vt 0.968892 0.579042
vt 0.964462 0.572034
vt 0.307896 0.585470
vt 0.317105 0.577067
vt 0.320307 0.588902
vt 0.310966 0.597048
vt 0.325634 0.568760
vt 0.328787 0.580799
vt 0.323499 0.598617
vt 0.314054 0.606277
vt 0.331572 0.590867
vt 0.296446 0.578691
vt 0.305424 0.571754
vt 0.299104 0.592630
vt 0.314726 0.563654
vt 0.323307 0.555669
vt 0.330121 0.549076
vt 0.332426 0.561909
vt 0.335508 0.574217
vt 0.337679 0.584833
vt 0.304781 0.612681
vt 0.302014 0.603949
vt 0.788956 0.158247
vt 0.798407 0.165906
vt 0.795201 0.175620
vt 0.785855 0.167474
vt 0.806492 0.173657
vt 0.803696 0.183723
vt 0.791995 0.187453
vt 0.782779 0.179050
vt 0.800539 0.195762
vt 0.779682 0.151844
vt 0.812624 0.179693
vt 0.813179 0.173073
vt 0.810445 0.190308
vt 0.807361 0.202616
vt 0.805056 0.215449
vt 0.798213 0.208853
vt 0.789616 0.200867
vt 0.780308 0.192767
vt 0.773986 0.171892
vt 0.771329 0.185832
vt 0.776901 0.160574
vt 0.253095 0.563385
vt 0.244223 0.558653
vt 0.237548 0.543797
vt 0.246823 0.546705
vt 0.236173 0.553753
vt 0.229245 0.540695
vt 0.229388 0.528094
vt 0.239424 0.528687
vt 0.220496 0.527274
vt 0.266746 0.583148
vt 0.258228 0.578529
vt 0.261913 0.567031
vt 0.249475 0.572667
vt 0.241433 0.566657
vt 0.656739 0.951687
vt 0.663127 0.956768
vt 0.664324 0.968789
vt 0.657929 0.964620
vt 0.665929 0.980407
vt 0.659415 0.977715
vt 0.667930 0.991998
vt 0.661110 0.991183
vt 0.213577 0.526482
vt 0.202089 0.514600
vt 0.209774 0.513280
vt 0.219679 0.511534
vt 0.230911 0.509529
vt 0.249771 0.528801
vt 0.242576 0.507430
vt 0.256236 0.548791
vt 0.670683 0.923926
vt 0.678948 0.924324
vt 0.679688 0.936097
vt 0.670621 0.935166
vt 0.686631 0.924048
vt 0.688110 0.935301
vt 0.680318 0.948701
vt 0.670903 0.947557
vt 0.689082 0.947698
vt 0.663338 0.921974
vt 0.692239 0.922196
vt 0.694389 0.932463
vt 0.695638 0.944497
vt 0.696547 0.957026
vt 0.689933 0.960104
vt 0.681113 0.961080
vt 0.671656 0.959964
vt 0.662396 0.944241
vt 0.662400 0.932217
vt 0.187164 0.775291
vt 0.195392 0.776271
vt 0.195432 0.787606
vt 0.186407 0.786098
vt 0.203640 0.775291
vt 0.204475 0.786098
vt 0.195482 0.799245
vt 0.186099 0.797543
vt 0.204880 0.797543
vt 0.180498 0.771631
vt 0.182324 0.765365
vt 0.182794 0.765633
vt 0.182975 0.765742
vt 0.185727 0.767807
vt 0.187078 0.767653
vt 0.187572 0.767622
vt 0.195380 0.767740
vt 0.190394 0.768276
vt 0.203210 0.767622
vt 0.200381 0.768267
vt 0.208496 0.765365
vt 0.210356 0.771631
vt 0.203703 0.767669
vt 0.205071 0.767868
vt 0.205674 0.767439
vt 0.207832 0.765778
vt 0.211990 0.781324
vt 0.212684 0.792405
vt 0.212819 0.804191
vt 0.204974 0.809204
vt 0.195525 0.810874
vt 0.186091 0.809203
vt 0.248428 0.890719
vt 0.257350 0.891688
vt 0.257611 0.901902
vt 0.248660 0.901010
vt 0.248979 0.880301
vt 0.257611 0.880912
vt 0.178940 0.781324
vt 0.409042 0.849510
vt 0.408950 0.865662
vt 0.408419 0.865387
vt 0.408451 0.865150
vt 0.408455 0.865096
vt 0.408475 0.864499
vt 0.408676 0.855694
vt 0.408692 0.854309
vt 0.408590 0.849264
vt 0.471186 0.790779
vt 0.471736 0.790527
vt 0.471738 0.806703
vt 0.471265 0.806929
vt 0.471286 0.806055
vt 0.471399 0.801906
vt 0.471390 0.800502
vt 0.471220 0.791088
vt 0.471215 0.791022
vt 0.471833 0.824441
vt 0.470781 0.824973
vt 0.470816 0.822935
vt 0.470827 0.821611
vt 0.471134 0.812763
vt 0.471158 0.810769
vt 0.470579 0.833183
vt 0.471996 0.842648
vt 0.470146 0.843643
vt 0.470269 0.841441
vt 0.470309 0.840316
vt 0.633530 0.294998
vt 0.620319 0.316932
vt 0.978857 0.517856
vt 0.984107 0.516088
vt 0.985392 0.538197
vt 0.983319 0.538857
vt 0.983078 0.536912
vt 0.982614 0.534359
vt 0.980878 0.524320
vt 0.987210 0.556098
vt 0.986045 0.556398
vt 0.985754 0.554503
vt 0.984924 0.548660
vt 0.983731 0.541128
vt 0.989271 0.570941
vt 0.988755 0.571023
vt 0.988606 0.570301
vt 0.988172 0.567966
vt 0.987908 0.566341
vt 0.986506 0.559160
vt 0.672857 0.971420
vt 0.682318 0.972348
vt 0.682880 0.975746
vt 0.679541 0.976590
vt 0.678330 0.976963
vt 0.678184 0.977019
vt 0.674764 0.980692
vt 0.674401 0.981264
vt 0.691143 0.971561
vt 0.692743 0.981405
vt 0.692226 0.980856
vt 0.687831 0.977336
vt 0.687528 0.977238
vt 0.686421 0.976843
vt 0.697767 0.969047
vt 0.699521 0.980665
vt 0.693149 0.982199
vt 0.692838 0.981552
vt 0.464727 0.769913
vt 0.464240 0.768979
vt 0.471996 0.765365
vt 0.471837 0.776773
vt 0.468701 0.778201
vt 0.467615 0.775094
vt 0.464888 0.770213
vt 0.471182 0.790745
vt 0.471019 0.789647
vt 0.470013 0.782674
vt 0.468753 0.778344
vt 0.409042 0.879400
vt 0.405980 0.877838
vt 0.406028 0.877715
vt 0.406920 0.874816
vt 0.407282 0.873527
vt 0.408415 0.865417
vt 0.674190 0.982053
vt 0.673671 0.983438
vt 0.672123 0.987370
vt 0.671824 0.988397
vt 0.671278 0.992208
vt 0.674337 0.981395
vt 0.674249 0.981748
vt 0.188224 0.833388
vt 0.186078 0.833102
vt 0.186109 0.820822
vt 0.195546 0.822325
vt 0.195545 0.830985
vt 0.194272 0.831253
vt 0.193483 0.831405
vt 0.190562 0.832090
vt 0.189541 0.832729
vt 0.205000 0.820822
vt 0.205032 0.833102
vt 0.202882 0.833388
vt 0.201556 0.832746
vt 0.200538 0.832129
vt 0.196810 0.831291
vt 0.186629 0.833971
vt 0.186070 0.834206
vt 0.205038 0.834206
vt 0.178292 0.804191
vt 0.178306 0.816310
vt 0.212855 0.816310
vt 0.212939 0.829317
vt 0.213138 0.843999
vt 0.210562 0.844958
vt 0.210169 0.843775
vt 0.209154 0.840233
vt 0.206123 0.835927
vt 0.205182 0.834327
vt 0.213496 0.859982
vt 0.212217 0.849806
vt 0.178013 0.843999
vt 0.180564 0.844958
vt 0.179524 0.847785
vt 0.178904 0.849675
vt 0.177607 0.859982
vt 0.178234 0.829317
vt 0.185926 0.834307
vt 0.184950 0.835833
vt 0.182485 0.839025
vt 0.181967 0.839838
vt 0.180932 0.843762
vt 0.778916 0.208437
vt 0.788822 0.215447
vt 0.789688 0.231318
vt 0.778621 0.225979
vt 0.797902 0.222324
vt 0.799781 0.236496
vt 0.792120 0.248734
vt 0.779326 0.245335
vt 0.803770 0.251940
vt 0.769241 0.202368
vt 0.805101 0.227993
vt 0.807760 0.240746
vt 0.812969 0.254543
vt 0.809788 0.269224
vt 0.796025 0.267950
vt 0.780934 0.266450
vt 0.766692 0.242155
vt 0.766071 0.264783
vt 0.767722 0.221246
vt 0.863780 0.391818
vt 0.859273 0.361315
vt 0.384346 0.403198
vt 0.388852 0.372693
vt 0.390285 0.340892
vt 0.389322 0.309922
vt 0.386642 0.281911
vt 0.861576 0.482599
vt 0.864254 0.454589
vt 0.865214 0.423619
vt 0.221403 0.489357
vt 0.208517 0.494019
vt 0.196644 0.475073
vt 0.211439 0.468006
vt 0.197145 0.498387
vt 0.183548 0.481811
vt 0.184962 0.454128
vt 0.201663 0.445243
vt 0.170141 0.462653
vt 0.234768 0.484996
vt 0.188319 0.501866
vt 0.173368 0.487241
vt 0.158605 0.469549
vt 0.145397 0.447616
vt 0.158080 0.440012
vt 0.174371 0.430619
vt 0.192720 0.420832
vt 0.218841 0.437264
vt 0.211575 0.412048
vt 0.226715 0.461594
vt 0.474788 0.765461
vt 0.474788 0.766612
vt 0.474751 0.765371
vt 0.474788 0.765365
vt 0.376458 0.430663
vt 0.851387 0.333852
vt 0.783281 0.289251
vt 0.801181 0.289175
vt 0.806847 0.312425
vt 0.785938 0.313606
vt 0.817564 0.288839
vt 0.826054 0.310949
vt 0.812155 0.337664
vt 0.788408 0.339364
vt 0.834019 0.335638
vt 0.765761 0.288831
vt 0.840220 0.362987
vt 0.816237 0.364861
vt 0.790196 0.366375
vt 0.765393 0.340169
vt 0.764966 0.366970
vt 0.765596 0.314041
vt 0.786741 0.492224
vt 0.813992 0.497489
vt 0.811108 0.515368
vt 0.784763 0.509171
vt 0.838526 0.502275
vt 0.834682 0.521076
vt 0.807712 0.530747
vt 0.782401 0.523752
vt 0.830225 0.537246
vt 0.760596 0.467919
vt 0.788411 0.472128
vt 0.759346 0.486988
vt 0.816349 0.476187
vt 0.841655 0.479782
vt 0.857774 0.506074
vt 0.853111 0.525635
vt 0.847764 0.542455
vt 0.841913 0.557706
vt 0.825260 0.551841
vt 0.803819 0.544548
vt 0.779581 0.536753
vt 0.756469 0.517050
vt 0.754539 0.529377
vt 0.758021 0.503142
vt 0.790926 0.394305
vt 0.818436 0.393724
vt 0.818928 0.422944
vt 0.790715 0.422079
vt 0.843718 0.392754
vt 0.844759 0.423391
vt 0.818103 0.450954
vt 0.789797 0.448441
vt 0.843890 0.453026
vt 0.764182 0.394072
vt 0.761877 0.445548
vt 0.763112 0.420598
vt 0.971381 0.493085
vt 0.959925 0.493892
vt 0.959745 0.463642
vt 0.971295 0.463025
vt 0.950038 0.491735
vt 0.949787 0.461665
vt 0.960163 0.433182
vt 0.971739 0.432815
vt 0.950170 0.431451
vt 0.972549 0.507403
vt 0.971842 0.507013
vt 0.983560 0.489258
vt 0.978691 0.517101
vt 0.978172 0.514350
vt 0.976004 0.510888
vt 0.974689 0.508089
vt 0.970296 0.505323
vt 0.968412 0.505005
vt 0.965512 0.504306
vt 0.960366 0.504841
vt 0.955903 0.503671
vt 0.953469 0.504040
vt 0.951869 0.504148
vt 0.950664 0.505673
vt 0.609741 0.343634
vt 0.601542 0.339131
vt 0.601690 0.373045
vt 0.593219 0.369096
vt 0.595773 0.402459
vt 0.587171 0.399252
vt 0.591591 0.429170
vt 0.582944 0.426669
vt 0.950860 0.404008
vt 0.960869 0.405505
vt 0.972437 0.405373
vt 0.984101 0.430298
vt 0.984772 0.403561
vt 0.983628 0.459762
vt 0.185132 0.394821
vt 0.165594 0.404388
vt 0.158617 0.376926
vt 0.178934 0.368390
vt 0.148281 0.413531
vt 0.140683 0.385010
vt 0.153252 0.350136
vt 0.174037 0.343004
vt 0.134984 0.356791
vt 0.205271 0.386165
vt 0.134818 0.420915
vt 0.126767 0.391505
vt 0.120847 0.362091
vt 0.116663 0.335380
vt 0.130882 0.331214
vt 0.149303 0.325919
vt 0.170355 0.320127
vt 0.195725 0.336272
vt 0.185802 0.316172
vt 0.186122 0.316343
vt 0.193361 0.320471
vt 0.199991 0.360538
vt 0.622365 0.781294
vt 0.633886 0.780773
vt 0.634645 0.792332
vt 0.623122 0.792768
vt 0.643960 0.780234
vt 0.644717 0.791709
vt 0.635232 0.804296
vt 0.623719 0.804645
vt 0.645314 0.803586
vt 0.609401 0.770515
vt 0.621554 0.769782
vt 0.610191 0.781757
vt 0.633068 0.769172
vt 0.643149 0.768723
vt 0.574081 0.545998
vt 0.582650 0.546049
vt 0.581665 0.557312
vt 0.573062 0.557531
vt 0.580832 0.568556
vt 0.572254 0.569026
vt 0.580567 0.580183
vt 0.572158 0.580916
vt 0.581285 0.592598
vt 0.573276 0.593636
vt 0.645646 0.816301
vt 0.635535 0.817114
vt 0.624051 0.817360
vt 0.611568 0.804592
vt 0.611986 0.817001
vt 0.610942 0.792980
vt 0.973162 0.382905
vt 0.961603 0.382873
vt 0.962322 0.364634
vt 0.973873 0.364771
vt 0.951584 0.381541
vt 0.952295 0.363406
vt 0.963032 0.349406
vt 0.974576 0.349616
vt 0.952999 0.348252
vt 0.985468 0.381586
vt 0.588763 0.451135
vt 0.580106 0.449127
vt 0.586962 0.468955
vt 0.578315 0.467263
vt 0.585877 0.483899
vt 0.577252 0.482428
vt 0.585195 0.497231
vt 0.576598 0.495971
vt 0.953701 0.334723
vt 0.963741 0.335807
vt 0.975278 0.336088
vt 0.986840 0.348832
vt 0.987521 0.335513
vt 0.986156 0.363766
vt 0.162419 0.302069
vt 0.146565 0.305701
vt 0.144765 0.288993
vt 0.146675 0.288610
vt 0.149477 0.291360
vt 0.153898 0.295476
vt 0.128075 0.310045
vt 0.126262 0.292730
vt 0.144565 0.286510
vt 0.125142 0.278142
vt 0.138545 0.275738
vt 0.140835 0.280770
vt 0.142310 0.283306
vt 0.143615 0.285372
vt 0.168551 0.306675
vt 0.169633 0.307356
vt 0.173416 0.309634
vt 0.113832 0.313416
vt 0.112031 0.295595
vt 0.110944 0.280652
vt 0.110261 0.267319
vt 0.124414 0.265149
vt 0.134233 0.263600
vt 0.135994 0.269472
vt 0.137686 0.273796
vt 0.382839 0.258437
vt 0.378174 0.238877
vt 0.372826 0.222058
vt 0.366972 0.206807
vt 0.996650 0.287704
vt 0.998487 0.286945
vt 1.000000 0.301371
vt 0.998316 0.302158
vt 0.998112 0.300106
vt 0.997888 0.297999
vt 0.978910 0.145890
vt 0.968007 0.146703
vt 0.968825 0.135662
vt 0.979358 0.134862
vt 0.958282 0.145427
vt 0.959342 0.134413
vt 0.969821 0.122968
vt 0.979980 0.122197
vt 0.960575 0.121762
vt 0.990202 0.153186
vt 0.978636 0.156081
vt 0.989947 0.142963
vt 0.967427 0.156881
vt 0.957502 0.155607
vt 0.949787 0.152279
vt 0.950780 0.142084
vt 0.952094 0.131143
vt 0.953567 0.118607
vt 0.955033 0.103631
vt 0.961876 0.106669
vt 0.970937 0.107834
vt 0.980774 0.107093
vt 0.989724 0.119419
vt 0.989944 0.104414
vt 0.989757 0.131988
vt 0.130124 0.207432
vt 0.120865 0.207451
vt 0.119987 0.196613
vt 0.130355 0.196870
vt 0.130211 0.201956
vt 0.119444 0.185409
vt 0.130528 0.186007
vt 0.130243 0.190297
vt 0.130301 0.192165
vt 0.130404 0.195369
vt 0.181651 0.205380
vt 0.181943 0.207834
vt 0.181085 0.206465
vt 0.180448 0.205460
vt 0.129792 0.218035
vt 0.121803 0.218280
vt 0.130109 0.208427
vt 0.129952 0.210612
vt 0.129706 0.215294
vt 0.107712 0.218502
vt 0.106726 0.207239
vt 0.105892 0.195995
vt 0.105627 0.184368
vt 0.106342 0.171952
vt 0.119510 0.173483
vt 0.130549 0.174490
vt 0.130643 0.177522
vt 0.130669 0.181582
vt 0.130673 0.182174
vt 0.130561 0.185486
vt 0.161095 0.175990
vt 0.176027 0.175883
vt 0.178480 0.186147
vt 0.168347 0.186450
vt 0.161768 0.176967
vt 0.180288 0.195915
vt 0.174554 0.196194
vt 0.171699 0.191794
vt 0.170526 0.189977
vt 0.168582 0.186788
vt 0.968526 0.216698
vt 0.968422 0.215046
vt 0.980027 0.214485
vt 0.980348 0.219503
vt 0.979577 0.218654
vt 0.978674 0.217740
vt 0.974584 0.216568
vt 0.973710 0.216344
vt 0.958655 0.219017
vt 0.958333 0.213998
vt 0.964009 0.216131
vt 0.963283 0.216319
vt 0.959889 0.217322
vt 0.959219 0.218198
vt 0.967906 0.205396
vt 0.979499 0.204855
vt 0.957805 0.204368
vt 0.993036 0.222364
vt 0.993855 0.233353
vt 0.988815 0.234457
vt 0.987951 0.230627
vt 0.984701 0.223969
vt 0.342499 0.153287
vt 0.337118 0.142729
vt 0.332014 0.133259
vt 0.339946 0.127680
vt 0.326917 0.124538
vt 0.334707 0.119030
vt 0.321561 0.116226
vt 0.329285 0.110882
vt 0.957391 0.194931
vt 0.967505 0.195978
vt 0.979085 0.195418
vt 0.991785 0.202729
vt 0.991333 0.193233
vt 0.992349 0.212297
vt 0.984664 0.223891
vt 0.983566 0.221723
vt 0.761306 0.590478
vt 0.781240 0.601947
vt 0.776946 0.611258
vt 0.757537 0.599699
vt 0.798646 0.612897
vt 0.793895 0.622295
vt 0.772402 0.620231
vt 0.753373 0.608807
vt 0.789035 0.631132
vt 0.743320 0.570784
vt 0.764982 0.580928
vt 0.740309 0.580033
vt 0.785572 0.592038
vt 0.803566 0.602633
vt 0.817444 0.611229
vt 0.812063 0.621787
vt 0.806960 0.631258
vt 0.801864 0.639979
vt 0.796508 0.648292
vt 0.783790 0.639708
vt 0.767318 0.629124
vt 0.748512 0.618016
vt 0.733358 0.598392
vt 0.728788 0.607861
vt 0.737093 0.589176
vt 0.624775 0.929629
vt 0.634364 0.929375
vt 0.634252 0.944622
vt 0.624805 0.944885
vt 0.643265 0.928722
vt 0.643130 0.943986
vt 0.634049 0.959263
vt 0.624696 0.959520
vt 0.642960 0.958624
vt 0.615461 0.915054
vt 0.624597 0.915415
vt 0.616009 0.929409
vt 0.634392 0.915205
vt 0.643409 0.914493
vt 0.650212 0.913350
vt 0.649968 0.927744
vt 0.649891 0.943053
vt 0.649867 0.957680
vt 0.649783 0.970025
vt 0.642712 0.970976
vt 0.633749 0.971617
vt 0.624457 0.971871
vt 0.616464 0.959318
vt 0.616401 0.971662
vt 0.616338 0.944699
vt 0.718540 0.665372
vt 0.735321 0.672600
vt 0.728296 0.680825
vt 0.712891 0.674807
vt 0.750196 0.679416
vt 0.741959 0.686497
vt 0.720006 0.689766
vt 0.706162 0.684992
vt 0.732296 0.694259
vt 0.705665 0.648394
vt 0.724041 0.656147
vt 0.701252 0.658628
vt 0.741853 0.664477
vt 0.757626 0.672341
vt 0.769885 0.678695
vt 0.761763 0.684922
vt 0.752586 0.691081
vt 0.741864 0.697892
vt 0.997990 0.114693
vt 0.997310 0.099860
vt 0.720591 0.703377
vt 0.709676 0.700038
vt 0.697423 0.696469
vt 0.691937 0.680513
vt 0.684896 0.693083
vt 0.697032 0.669182
vt 0.623623 0.882852
vt 0.634327 0.882925
vt 0.634307 0.892955
vt 0.623921 0.892973
vt 0.644157 0.881845
vt 0.643846 0.891996
vt 0.634353 0.903309
vt 0.624282 0.903433
vt 0.643599 0.902486
vt 0.612519 0.870471
vt 0.623502 0.871888
vt 0.613087 0.881577
vt 0.634483 0.872001
vt 0.644540 0.870856
vt 0.652750 0.868498
vt 0.652077 0.879665
vt 0.651357 0.890153
vt 0.650699 0.901027
vt 0.614706 0.902792
vt 0.613866 0.891992
vt 0.150686 0.116303
vt 0.138177 0.113495
vt 0.139650 0.101943
vt 0.151734 0.104230
vt 0.127574 0.110241
vt 0.129308 0.099275
vt 0.140996 0.089840
vt 0.152648 0.091516
vt 0.130896 0.087848
vt 0.164793 0.129888
vt 0.150187 0.128230
vt 0.164432 0.117861
vt 0.136923 0.125185
vt 0.125697 0.121639
vt 0.602317 0.867860
vt 0.603576 0.879192
vt 0.605095 0.890077
vt 0.606672 0.901421
vt 0.123140 0.086049
vt 0.124962 0.073752
vt 0.132336 0.075066
vt 0.141871 0.076497
vt 0.152742 0.077665
vt 0.165057 0.092367
vt 0.164124 0.078190
vt 0.164840 0.105472
vt 0.152134 0.152583
vt 0.153972 0.164563
vt 0.130681 0.162113
vt 0.120371 0.160637
vt 0.121861 0.147314
vt 0.131103 0.149232
vt 0.130917 0.151289
vt 0.130348 0.154108
vt 0.130429 0.156454
vt 0.130439 0.156735
vt 0.136162 0.137513
vt 0.150741 0.140376
vt 0.123721 0.134114
vt 0.172874 0.164991
vt 0.130694 0.162560
vt 0.130512 0.168506
vt 0.130498 0.169275
vt 0.130459 0.169632
vt 0.130412 0.170153
vt 0.108297 0.158534
vt 0.111114 0.144659
vt 0.600902 0.842248
vt 0.612188 0.844301
vt 0.612256 0.857899
vt 0.601458 0.855426
vt 0.166615 0.141822
vt 0.169523 0.153580
vt 0.624058 0.831142
vt 0.635488 0.831016
vt 0.635196 0.845367
vt 0.623860 0.845374
vt 0.645644 0.830083
vt 0.645385 0.844319
vt 0.634810 0.859313
vt 0.623620 0.859232
vt 0.644980 0.858184
vt 0.612153 0.830421
vt 0.653588 0.814960
vt 0.653733 0.828381
vt 0.653619 0.842269
vt 0.653280 0.855887
vt 0.742777 0.627480
vt 0.761501 0.638125
vt 0.755133 0.647133
vt 0.736490 0.637097
vt 0.777946 0.648247
vt 0.771559 0.656651
vt 0.748491 0.655974
vt 0.730096 0.646707
vt 0.764746 0.664742
vt 0.723224 0.617705
vt 0.790667 0.656447
vt 0.784288 0.664353
vt 0.777364 0.671828
vt 0.711060 0.638116
vt 0.717113 0.627838
vt 0.978776 0.185818
vt 0.967214 0.186431
vt 0.967071 0.176710
vt 0.978586 0.176027
vt 0.957092 0.185331
vt 0.956963 0.175541
vt 0.967126 0.166849
vt 0.978533 0.166097
vt 0.957076 0.165616
vt 0.990979 0.183474
vt 0.315719 0.108072
vt 0.323447 0.102965
vt 0.309339 0.100167
vt 0.317076 0.095369
vt 0.302413 0.092693
vt 0.310086 0.088276
vt 0.294931 0.085828
vt 0.302388 0.081865
vt 0.990447 0.163340
vt 0.990695 0.173472
vt 0.985019 0.025734
vt 0.975755 0.026313
vt 0.976167 0.019048
vt 0.985053 0.018572
vt 0.966779 0.025324
vt 0.967505 0.018178
vt 0.976475 0.014226
vt 0.984558 0.013932
vt 0.968556 0.013573
vt 0.992636 0.034277
vt 0.984502 0.036638
vt 0.993007 0.023543
vt 0.975153 0.037276
vt 0.966163 0.036226
vt 0.959102 0.033525
vt 0.959653 0.022794
vt 0.960570 0.015931
vt 0.962306 0.011826
vt 0.964354 0.009683
vt 0.969363 0.010155
vt 0.976774 0.010493
vt 0.984285 0.010490
vt 0.991305 0.012476
vt 0.989504 0.010247
vt 0.992667 0.016651
vt 0.151553 0.062464
vt 0.142049 0.061567
vt 0.141788 0.046068
vt 0.149494 0.046818
vt 0.133644 0.060434
vt 0.134915 0.045057
vt 0.141476 0.031384
vt 0.147224 0.031956
vt 0.136265 0.030439
vt 0.161389 0.062828
vt 0.127110 0.059377
vt 0.609240 0.928713
vt 0.610061 0.944061
vt 0.610597 0.958664
vt 0.610856 0.970999
vt 0.137816 0.018102
vt 0.141558 0.019014
vt 0.145533 0.019405
vt 0.153136 0.032209
vt 0.149350 0.018460
vt 0.157430 0.047143
vt 0.981723 0.089223
vt 0.972111 0.089941
vt 0.973261 0.070857
vt 0.982735 0.070159
vt 0.963149 0.088806
vt 0.964326 0.069746
vt 0.974303 0.052622
vt 0.983698 0.051948
vt 0.965350 0.051536
vt 0.990469 0.086618
vt 0.956354 0.085853
vt 0.957486 0.066859
vt 0.958408 0.048726
vt 0.991964 0.049479
vt 0.991192 0.067616
vt 0.686145 0.709501
vt 0.696935 0.711946
vt 0.683022 0.724573
vt 0.673413 0.723235
vt 0.706607 0.714206
vt 0.691652 0.725813
vt 0.669633 0.736650
vt 0.660824 0.736472
vt 0.677421 0.736939
vt 0.675246 0.707093
vt 0.997167 0.082195
vt 0.997420 0.063292
vt 0.997857 0.045253
vt 0.998280 0.030219
vt 0.665639 0.746308
vt 0.658694 0.746744
vt 0.650642 0.747576
vt 0.652303 0.735891
vt 0.641337 0.749158
vt 0.663933 0.721716
vt 0.608588 0.704110
vt 0.616977 0.702972
vt 0.616721 0.718473
vt 0.609863 0.719487
vt 0.626473 0.702074
vt 0.624423 0.717721
vt 0.616414 0.733157
vt 0.611215 0.734104
vt 0.622160 0.732584
vt 0.599933 0.690798
vt 0.607274 0.689478
vt 0.602085 0.705173
vt 0.616790 0.688043
vt 0.627652 0.686871
vt 0.639029 0.686344
vt 0.636308 0.701708
vt 0.632360 0.717395
vt 0.628078 0.732331
vt 0.624316 0.746084
vt 0.620476 0.745136
vt 0.616498 0.745527
vt 0.612768 0.746442
vt 0.653583 0.956556
vt 0.653733 0.968896
vt 0.604517 0.720469
vt 0.607120 0.735086
vt 0.645892 0.702102
vt 0.655357 0.703217
vt 0.647676 0.718490
vt 0.640077 0.717618
vt 0.665026 0.704936
vt 0.655452 0.719996
vt 0.639784 0.732541
vt 0.633999 0.732028
vt 0.645601 0.734131
vt 0.650277 0.686761
vt 0.661487 0.688095
vt 0.672935 0.690239
vt 0.637227 0.745444
vt 0.633232 0.743592
vt 0.629036 0.743480
vt 0.231662 0.050324
vt 0.222007 0.052582
vt 0.208088 0.039958
vt 0.216703 0.038720
vt 0.211224 0.055028
vt 0.198483 0.041297
vt 0.194696 0.027884
vt 0.202470 0.027595
vt 0.185888 0.028062
vt 0.254131 0.058454
vt 0.245650 0.061150
vt 0.239201 0.048504
vt 0.234756 0.064488
vt 0.222513 0.068057
vt 0.209991 0.071444
vt 0.200327 0.057437
vt 0.189003 0.042817
vt 0.177361 0.028646
vt 0.166370 0.015384
vt 0.175698 0.016961
vt 0.183754 0.017791
vt 0.190688 0.018228
vt 0.954675 0.044284
vt 0.955208 0.029252
vt 0.223417 0.037692
vt 0.208455 0.027251
vt 0.190108 0.059595
vt 0.180440 0.061316
vt 0.172745 0.046046
vt 0.180521 0.044538
vt 0.170974 0.062433
vt 0.165147 0.046918
vt 0.164837 0.031998
vt 0.170655 0.030408
vt 0.159053 0.032512
vt 0.198032 0.074290
vt 0.186585 0.076435
vt 0.175375 0.077771
vt 0.154062 0.021065
vt 0.158255 0.020953
vt 0.162252 0.019100
vt 0.614584 0.755344
vt 0.617290 0.754446
vt 0.618543 0.760323
vt 0.616480 0.761139
vt 0.620053 0.753890
vt 0.620577 0.759569
vt 0.619892 0.763947
vt 0.618209 0.764545
vt 0.472549 0.843643
vt 0.474647 0.845136
vt 0.473087 0.848251
vt 0.471339 0.846900
vt 0.653565 0.977811
vt 0.649465 0.978873
vt 0.232115 0.880819
vt 0.237144 0.880318
vt 0.237144 0.887644
vt 0.232127 0.887305
vt 0.713568 0.876910
vt 0.712637 0.881413
vt 0.707737 0.882493
vt 0.707914 0.877924
vt 0.704310 0.884172
vt 0.704161 0.880115
vt 0.702384 0.886105
vt 0.701761 0.884195
vt 0.472550 0.852840
vt 0.471034 0.851929
vt 0.203880 0.899311
vt 0.202510 0.900511
vt 0.201169 0.895677
vt 0.202488 0.894908
vt 0.205445 0.895427
vt 0.203905 0.893204
vt 0.208491 0.897477
vt 0.206694 0.901933
vt 0.213199 0.898808
vt 0.211013 0.903401
vt 0.315374 0.892188
vt 0.312755 0.892053
vt 0.312564 0.882256
vt 0.314801 0.882191
vt 0.309462 0.892362
vt 0.309651 0.882342
vt 0.312180 0.872466
vt 0.314787 0.872177
vt 0.308875 0.872350
vt 0.742196 0.876910
vt 0.747613 0.878134
vt 0.742260 0.887341
vt 0.739381 0.887276
vt 0.750804 0.878915
vt 0.744371 0.887842
vt 0.312720 0.900042
vt 0.308341 0.900578
vt 0.634303 0.754701
vt 0.632136 0.751853
vt 0.306187 0.892739
vt 0.306713 0.882428
vt 0.305583 0.872165
vt 0.400190 0.864334
vt 0.397277 0.863814
vt 0.401583 0.852449
vt 0.405538 0.854530
vt 0.307274 0.864213
vt 0.311677 0.864492
vt 0.315374 0.863976
vt 0.741186 0.907189
vt 0.744016 0.906710
vt 0.750804 0.913331
vt 0.745648 0.914992
vt 0.739233 0.897563
vt 0.741330 0.897419
vt 0.605970 0.615302
vt 0.596755 0.617226
vt 0.595263 0.603903
vt 0.605546 0.602421
vt 0.605344 0.608055
vt 0.605286 0.609778
vt 0.605477 0.610767
vt 0.605841 0.613059
vt 0.627344 0.600097
vt 0.628790 0.599960
vt 0.626955 0.611940
vt 0.626235 0.601603
vt 0.611020 0.627018
vt 0.598619 0.630425
vt 0.625568 0.624148
vt 0.594401 0.591058
vt 0.583240 0.606016
vt 0.605413 0.590045
vt 0.605294 0.593883
vt 0.605412 0.594985
vt 0.605430 0.596015
vt 0.605495 0.598187
vt 0.605564 0.601947
vt 0.629162 0.597704
vt 0.627852 0.599397
vt 0.647669 0.599525
vt 0.632049 0.594203
vt 0.634305 0.590851
vt 0.635906 0.588531
vt 0.650821 0.588634
vt 0.644321 0.610937
vt 0.641420 0.622697
vt 0.639611 0.634633
vt 0.625024 0.636295
vt 0.611789 0.639347
vt 0.600600 0.642900
vt 0.589207 0.633488
vt 0.592153 0.646070
vt 0.586059 0.619891
vt 0.666469 0.600943
vt 0.685168 0.604393
vt 0.679885 0.615143
vt 0.661978 0.611967
vt 0.704007 0.609955
vt 0.698209 0.620441
vt 0.674923 0.626251
vt 0.657891 0.623380
vt 0.692613 0.631201
vt 0.670590 0.590421
vt 0.689979 0.594103
vt 0.709280 0.599856
vt 0.687943 0.642114
vt 0.671071 0.637618
vt 0.654981 0.635070
vt 0.303050 0.116266
vt 0.286647 0.126384
vt 0.280276 0.117377
vt 0.296661 0.107864
vt 0.267956 0.137027
vt 0.261667 0.127411
vt 0.273631 0.108537
vt 0.289845 0.099774
vt 0.255267 0.117802
vt 0.308894 0.124804
vt 0.292465 0.135384
vt 0.273692 0.146489
vt 0.253993 0.156644
vt 0.248427 0.146800
vt 0.242313 0.136668
vt 0.236252 0.126393
vt 0.230845 0.116118
vt 0.249201 0.108364
vt 0.266984 0.100036
vt 0.282720 0.092175
vt 0.229224 0.154552
vt 0.210391 0.160115
vt 0.205104 0.149366
vt 0.223423 0.144066
vt 0.191687 0.163569
vt 0.187193 0.152546
vt 0.200134 0.138260
vt 0.217819 0.133309
vt 0.183099 0.141135
vt 0.234499 0.164649
vt 0.215203 0.170405
vt 0.195810 0.174091
vt 0.180174 0.129447
vt 0.196267 0.126896
vt 0.213136 0.122399
vt 0.275281 0.085104
vt 0.260441 0.091916
vt 0.253402 0.083694
vt 0.267035 0.078025
vt 0.243684 0.099142
vt 0.238016 0.089712
vt 0.245097 0.074756
vt 0.257364 0.070266
vt 0.231268 0.079530
vt 0.286804 0.079602
vt 0.226413 0.105886
vt 0.222170 0.095337
vt 0.217051 0.084010
vt 0.266895 0.066636
vt 0.277623 0.073446
vt 0.209784 0.111371
vt 0.193964 0.115307
vt 0.192371 0.103245
vt 0.206920 0.099929
vt 0.178873 0.117527
vt 0.178388 0.105141
vt 0.190305 0.090393
vt 0.203389 0.087695
vt 0.177597 0.091989
vt 0.602485 0.654300
vt 0.613056 0.651039
vt 0.614543 0.662593
vt 0.604228 0.665267
vt 0.625540 0.648226
vt 0.626608 0.660301
vt 0.615903 0.674698
vt 0.605826 0.676695
vt 0.627541 0.673018
vt 0.594498 0.657206
vt 0.639270 0.646664
vt 0.639701 0.659055
vt 0.639942 0.672163
vt 0.598106 0.678501
vt 0.596388 0.667660
vt 0.653702 0.646994
vt 0.668789 0.649210
vt 0.667223 0.661277
vt 0.653243 0.659383
vt 0.684613 0.653145
vt 0.681776 0.664591
vt 0.665184 0.674132
vt 0.652477 0.672539
vt 0.678269 0.676829
vt 0.605221 0.567665
vt 0.594876 0.567927
vt 0.595753 0.557089
vt 0.604991 0.557103
vt 0.605072 0.562557
vt 0.605392 0.578527
vt 0.594334 0.579131
vt 0.605264 0.569171
vt 0.605101 0.574063
vt 0.596690 0.546261
vt 0.604661 0.546501
vt 0.604574 0.549235
vt 0.604819 0.553922
vt 0.604976 0.556108
vt 0.655877 0.558051
vt 0.656734 0.556683
vt 0.656443 0.559136
vt 0.655241 0.559056
vt 0.655081 0.568602
vt 0.649353 0.568324
vt 0.653273 0.578369
vt 0.643151 0.578070
vt 0.643394 0.577718
vt 0.645349 0.574492
vt 0.646487 0.572727
vt 0.636568 0.587555
vt 0.640145 0.582359
vt 0.605425 0.579033
vt 0.605541 0.582374
vt 0.605518 0.585938
vt 0.605511 0.586921
vt 0.677761 0.561742
vt 0.698663 0.565859
vt 0.696502 0.574965
vt 0.676044 0.570960
vt 0.719422 0.571838
vt 0.716752 0.580933
vt 0.693713 0.584330
vt 0.673748 0.580465
vt 0.713479 0.590219
vt 0.660871 0.550219
vt 0.679176 0.552647
vt 0.700514 0.556857
vt 0.721814 0.562780
vt 0.323752 0.151613
vt 0.306388 0.162560
vt 0.302094 0.153249
vt 0.319001 0.142215
vt 0.286489 0.174026
vt 0.282719 0.164805
vt 0.297549 0.144277
vt 0.314140 0.133380
vt 0.278553 0.155698
vt 0.328674 0.161877
vt 0.310721 0.172468
vt 0.290165 0.183576
vt 0.268527 0.193720
vt 0.265515 0.184470
vt 0.262299 0.175327
vt 0.258563 0.166112
vt 0.244643 0.192666
vt 0.223889 0.198648
vt 0.221727 0.189541
vt 0.241972 0.183572
vt 0.202982 0.202769
vt 0.201265 0.193550
vt 0.218937 0.180177
vt 0.238698 0.174285
vt 0.198968 0.184045
vt 0.247036 0.201724
vt 0.225741 0.207650
vt 0.204399 0.211864
vt 0.186082 0.214296
vt 0.363642 0.262230
vt 0.339149 0.267014
vt 0.336264 0.249134
vt 0.359796 0.243429
vt 0.311932 0.272278
vt 0.309952 0.255331
vt 0.332867 0.233755
vt 0.355338 0.227261
vt 0.307590 0.240749
vt 0.366773 0.284724
vt 0.341508 0.288316
vt 0.313604 0.292374
vt 0.285812 0.296582
vt 0.284561 0.277514
vt 0.283234 0.261359
vt 0.281681 0.247452
vt 0.279749 0.235125
vt 0.304768 0.227749
vt 0.328973 0.219955
vt 0.350372 0.212666
vt 0.259064 0.282336
vt 0.235292 0.286856
vt 0.234175 0.271483
vt 0.257997 0.266710
vt 0.215776 0.275044
vt 0.220604 0.289733
vt 0.217739 0.280290
vt 0.216538 0.276947
vt 0.233202 0.258238
vt 0.256883 0.253250
vt 0.210785 0.262577
vt 0.260288 0.300718
vt 0.236785 0.304923
vt 0.225734 0.307154
vt 0.224977 0.304085
vt 0.209275 0.251007
vt 0.210053 0.260750
vt 0.208771 0.257519
vt 0.206002 0.251586
vt 0.232141 0.246556
vt 0.255522 0.241362
vt 0.368840 0.371752
vt 0.343597 0.370780
vt 0.344091 0.341558
vt 0.369881 0.341114
vt 0.316119 0.370198
vt 0.315909 0.342422
vt 0.343265 0.313548
vt 0.369010 0.311480
vt 0.314991 0.316061
vt 0.365340 0.401521
vt 0.341395 0.399645
vt 0.315381 0.398130
vt 0.290170 0.397536
vt 0.289396 0.370432
vt 0.288330 0.343904
vt 0.287094 0.318954
vt 0.265725 0.371876
vt 0.244609 0.374812
vt 0.241461 0.349584
vt 0.263659 0.346210
vt 0.224855 0.379491
vt 0.220613 0.354276
vt 0.238840 0.326023
vt 0.261826 0.322211
vt 0.219857 0.333123
vt 0.223429 0.334755
vt 0.227308 0.334429
vt 0.229074 0.335128
vt 0.229422 0.328022
vt 0.217419 0.332534
vt 0.267959 0.398368
vt 0.248242 0.400910
vt 0.229841 0.405394
vt 0.214004 0.331455
vt 0.214015 0.331462
vt 0.209509 0.328813
vt 0.197143 0.322435
vt 0.201285 0.324716
vt 0.229423 0.328002
vt 0.229752 0.325012
vt 0.229413 0.322099
vt 0.623154 0.351007
vt 0.640429 0.360142
vt 0.633451 0.387604
vt 0.615556 0.379530
vt 0.659937 0.369701
vt 0.653736 0.396132
vt 0.628086 0.414394
vt 0.609859 0.407749
vt 0.648840 0.421518
vt 0.632956 0.324526
vt 0.649211 0.333911
vt 0.667533 0.343691
vt 0.686369 0.352468
vt 0.680056 0.378351
vt 0.674772 0.403976
vt 0.670506 0.428244
vt 0.660592 0.448345
vt 0.645159 0.444396
vt 0.668143 0.444044
vt 0.660911 0.448174
vt 0.624140 0.438611
vt 0.605760 0.433326
vt 0.699628 0.385019
vt 0.719378 0.389695
vt 0.716225 0.414922
vt 0.695381 0.410233
vt 0.740498 0.392628
vt 0.738428 0.418293
vt 0.703835 0.429387
vt 0.702075 0.430083
vt 0.698195 0.429758
vt 0.694625 0.431388
vt 0.692186 0.431975
vt 0.713603 0.438483
vt 0.704187 0.436485
vt 0.736594 0.442292
vt 0.704625 0.359118
vt 0.723022 0.363599
vt 0.742743 0.366139
vt 0.735058 0.463784
vt 0.711550 0.459582
vt 0.700501 0.457355
vt 0.704170 0.442438
vt 0.704515 0.439498
vt 0.704187 0.436506
vt 0.688773 0.433055
vt 0.684292 0.435700
vt 0.676060 0.439812
vt 0.671934 0.442079
vt 0.688784 0.433049
vt 0.602954 0.454495
vt 0.621403 0.458830
vt 0.619605 0.475538
vt 0.601143 0.471810
vt 0.621511 0.475920
vt 0.637233 0.462456
vt 0.628724 0.469053
vt 0.624310 0.473169
vt 0.613397 0.488795
vt 0.600024 0.486399
vt 0.619404 0.478021
vt 0.618454 0.479160
vt 0.617151 0.481224
vt 0.615683 0.483749
vt 0.643357 0.457848
vt 0.644438 0.457170
vt 0.648285 0.454857
vt 0.609094 0.500935
vt 0.599297 0.499392
vt 0.612535 0.490734
vt 0.610834 0.495070
vt 0.695374 0.474775
vt 0.710059 0.477650
vt 0.708942 0.493023
vt 0.690547 0.489465
vt 0.691306 0.487569
vt 0.692509 0.484219
vt 0.733835 0.482167
vt 0.732769 0.497793
vt 0.707971 0.506269
vt 0.685558 0.501932
vt 0.731657 0.511253
vt 0.699744 0.460423
vt 0.730297 0.523141
vt 0.706912 0.517950
vt 0.684049 0.513502
vt 0.684826 0.503760
vt 0.683545 0.506991
vt 0.680778 0.512925
vt 0.672040 0.266150
vt 0.683390 0.270514
vt 0.671504 0.289458
vt 0.658436 0.282727
vt 0.696262 0.275171
vt 0.686281 0.296519
vt 0.659811 0.310402
vt 0.645022 0.301886
vt 0.676489 0.319281
vt 0.677022 0.249944
vt 0.684674 0.251257
vt 0.663250 0.262678
vt 0.694561 0.252997
vt 0.705783 0.254999
vt 0.717444 0.257096
vt 0.709620 0.279529
vt 0.701546 0.302928
vt 0.693652 0.327255
vt 0.648296 0.277305
vt 0.722717 0.283096
vt 0.735969 0.285810
vt 0.731470 0.311317
vt 0.716429 0.307885
vt 0.750081 0.287707
vt 0.747562 0.313334
vt 0.727101 0.337346
vt 0.710304 0.333298
vt 0.745108 0.339578
vt 0.728888 0.259148
vt 0.740432 0.261119
vt 0.752640 0.263000
vt 0.342667 0.475676
vt 0.326306 0.475339
vt 0.331984 0.452087
vt 0.351163 0.453563
vt 0.308421 0.475263
vt 0.311094 0.450905
vt 0.337303 0.426844
vt 0.359134 0.428873
vt 0.313581 0.425144
vt 0.334885 0.495294
vt 0.321142 0.496567
vt 0.306060 0.498068
vt 0.291202 0.499736
vt 0.290909 0.475685
vt 0.290764 0.450471
vt 0.290581 0.424339
vt 0.275233 0.476810
vt 0.261122 0.478710
vt 0.256648 0.453198
vt 0.272737 0.451180
vt 0.247869 0.481425
vt 0.241604 0.456633
vt 0.252302 0.427166
vt 0.270306 0.424932
vt 0.235502 0.431217
vt 0.277773 0.501521
vt 0.265567 0.503404
vt 0.254022 0.505377
vt 0.711078 0.210781
vt 0.719112 0.205878
vt 0.712438 0.220734
vt 0.704150 0.223840
vt 0.727979 0.201144
vt 0.721706 0.217824
vt 0.704276 0.236438
vt 0.695400 0.237262
vt 0.714304 0.235842
vt 0.709979 0.202942
vt 0.716337 0.197876
vt 0.704760 0.214936
vt 0.724364 0.191864
vt 0.733111 0.186000
vt 0.741628 0.181379
vt 0.736796 0.197496
vt 0.731118 0.215736
vt 0.724649 0.235726
vt 0.688512 0.238060
vt 0.697681 0.226517
vt 0.744919 0.195702
vt 0.752664 0.195912
vt 0.748805 0.215670
vt 0.740058 0.214989
vt 0.760586 0.198134
vt 0.757859 0.217762
vt 0.744724 0.237578
vt 0.734698 0.236299
vt 0.755223 0.239539
vt 0.749228 0.178920
vt 0.756287 0.178825
vt 0.763441 0.181121
vt 0.322996 0.542198
vt 0.313931 0.549073
vt 0.314796 0.533203
vt 0.324874 0.528025
vt 0.304031 0.556084
vt 0.303736 0.538542
vt 0.317231 0.515786
vt 0.328863 0.512581
vt 0.304445 0.519185
vt 0.330165 0.536533
vt 0.294358 0.562155
vt 0.292840 0.543276
vt 0.291813 0.522366
vt 0.338032 0.509980
vt 0.332823 0.523778
vt 0.285703 0.566390
vt 0.277781 0.568612
vt 0.273923 0.548855
vt 0.282977 0.546762
vt 0.270036 0.568825
vt 0.265176 0.549538
vt 0.269847 0.526946
vt 0.280346 0.524984
vt 0.259820 0.528227
vt 0.288559 0.583403
vt 0.281405 0.585700
vt 0.274347 0.585606
vt 0.725326 0.163512
vt 0.733304 0.157576
vt 0.731195 0.167160
vt 0.723009 0.173335
vt 0.742313 0.152044
vt 0.740136 0.161195
vt 0.728301 0.178787
vt 0.720148 0.185121
vt 0.737120 0.172600
vt 0.473188 0.765365
vt 0.474492 0.765420
vt 0.474492 0.773404
vt 0.471996 0.772006
vt 0.472050 0.771934
vt 0.473114 0.769143
vt 0.473389 0.768129
vt 0.473323 0.767231
vt 0.751040 0.147835
vt 0.748694 0.156511
vt 0.745579 0.167695
vt 0.713667 0.190434
vt 0.716554 0.178428
vt 0.719317 0.168205
vt 0.758469 0.145589
vt 0.765119 0.145475
vt 0.762630 0.153759
vt 0.756030 0.153963
vt 0.771889 0.147544
vt 0.769313 0.155947
vt 0.759644 0.164804
vt 0.752942 0.165023
vt 0.766416 0.167081
vt 0.245244 0.579413
vt 0.253412 0.585743
vt 0.256302 0.597371
vt 0.248101 0.591199
vt 0.262237 0.591928
vt 0.265249 0.603334
vt 0.258397 0.606957
vt 0.250406 0.601024
vt 0.267412 0.612486
vt 0.656004 0.938911
vt 0.270697 0.596832
vt 0.273808 0.608016
vt 0.276140 0.616694
vt 0.658557 0.915435
vt 0.658751 0.915517
vt 0.657817 0.917265
vt 0.653733 0.911295
vt 0.655031 0.909197
vt 0.655665 0.911140
vt 0.656392 0.912593
vt 0.657755 0.914891
vt 0.657866 0.914980
vt 0.656184 0.927108
vt 0.278060 0.599503
vt 0.284763 0.599720
vt 0.287744 0.610767
vt 0.281144 0.610563
vt 0.291534 0.597443
vt 0.294427 0.608578
vt 0.290218 0.619052
vt 0.283569 0.618939
vt 0.296988 0.616983
vt 0.986004 0.000533
vt 0.985971 0.003570
vt 0.977571 0.003135
vt 0.978044 0.000000
vt 0.985122 0.007039
vt 0.977141 0.006763
vt 0.969214 0.003193
vt 0.970101 0.000176
vt 0.969219 0.006682
vt 0.246430 0.888621
vt 0.248428 0.886894
vt 0.247928 0.893525
vt 0.245536 0.893830
vt 0.992525 0.001428
vt 0.992986 0.004462
vt 0.991630 0.007766
vt 0.962811 0.007119
vt 0.962324 0.003773
vt 0.963706 0.000782
vt 0.244242 0.909140
vt 0.246549 0.909842
vt 0.245929 0.916463
vt 0.244250 0.914425
vt 0.244675 0.901467
vt 0.247184 0.901679
vt 0.645119 0.754874
vt 0.651651 0.753764
vt 0.647813 0.758139
vt 0.642769 0.759151
vt 0.657583 0.752956
vt 0.652698 0.757207
vt 0.646010 0.760659
vt 0.642053 0.761512
vt 1.000000 0.009021
vt 0.997752 0.013289
vt 0.995674 0.009599
vt 0.997544 0.005968
vt 0.639119 0.756367
vt 0.998425 0.019777
vt 0.996765 0.002402
vt 0.245513 0.886522
vt 0.248294 0.882686
vt 0.244342 0.884595
vt 0.247981 0.880300
vt 0.638494 0.760169
vt 0.182630 0.011581
vt 0.176708 0.010772
vt 0.172863 0.006399
vt 0.177739 0.007331
vt 0.170168 0.009665
vt 0.167812 0.005389
vt 0.956590 0.012365
vt 0.955706 0.008027
vt 0.957960 0.005079
vt 0.958775 0.008771
vt 0.167082 0.003031
vt 0.171047 0.003882
vt 0.955637 0.018817
vt 0.164142 0.008177
vt 0.395484 0.849264
vt 0.394643 0.855301
vt 0.391018 0.857082
vt 0.391422 0.851496
vt 0.244382 0.922888
vt 0.241515 0.918044
vt 0.242993 0.916340
vt 0.245091 0.920588
vt 0.248010 0.922201
vt 0.248428 0.917626
vt 0.393841 0.864300
vt 0.394114 0.874280
vt 0.391604 0.874272
vt 0.391016 0.865136
vt 0.395838 0.883432
vt 0.392868 0.882874
vt 0.240199 0.910334
vt 0.240351 0.901101
vt 0.242438 0.901278
vt 0.242174 0.909545
vt 0.241751 0.891974
vt 0.243565 0.893083
vt 0.396890 0.874318
vt 0.399345 0.883630
vt 0.405538 0.890344
vt 0.398273 0.890085
vt 0.394391 0.889399
vt 0.202397 0.888177
vt 0.200999 0.888420
vt 0.201829 0.879823
vt 0.203243 0.880027
vt 0.471079 0.859210
vt 0.472593 0.859606
vt 0.472864 0.867662
vt 0.471319 0.867696
vt 0.203456 0.871341
vt 0.204729 0.871969
vt 0.473186 0.875502
vt 0.471704 0.875960
vt 0.204361 0.887949
vt 0.473724 0.854573
vt 0.474090 0.859846
vt 0.474449 0.867385
vt 0.474647 0.874761
vt 0.699521 0.907140
vt 0.700927 0.906688
vt 0.701262 0.911977
vt 0.700475 0.913840
vt 0.473625 0.881646
vt 0.472178 0.882577
vt 0.205666 0.864427
vt 0.206714 0.865537
vt 0.206550 0.872741
vt 0.207593 0.867571
vt 0.205306 0.880324
vt 0.710989 0.889473
vt 0.709936 0.899373
vt 0.706562 0.899233
vt 0.707150 0.890039
vt 0.710128 0.909328
vt 0.706351 0.908446
vt 0.703422 0.899100
vt 0.703916 0.890856
vt 0.703200 0.907361
vt 0.719889 0.880079
vt 0.714271 0.889246
vt 0.712469 0.899473
vt 0.713379 0.909809
vt 0.718183 0.919403
vt 0.711070 0.917509
vt 0.706282 0.916029
vt 0.703013 0.914067
vt 0.700973 0.898999
vt 0.701593 0.891338
vt 0.624153 0.980671
vt 0.633354 0.980408
vt 0.632896 0.985982
vt 0.624074 0.986231
vt 0.642310 0.979781
vt 0.641542 0.985375
vt 0.212768 0.872270
vt 0.211668 0.881239
vt 0.207981 0.880709
vt 0.209109 0.872548
vt 0.210194 0.890155
vt 0.206763 0.888856
vt 0.616262 0.980502
vt 0.648507 0.984545
vt 0.209698 0.865873
vt 0.213199 0.864764
vt 0.616555 0.986112
vt 0.145103 0.010652
vt 0.142346 0.010096
vt 0.143593 0.004220
vt 0.145619 0.004974
vt 0.139631 0.009199
vt 0.141521 0.003405
vt 0.144928 0.000597
vt 0.146464 0.001395
vt 0.143237 0.000000
vt 0.719889 0.923357
vt 0.711607 0.922107
vt 0.610970 0.979900
vt 0.611583 0.985656
vt 0.212731 0.859982
vt 0.209292 0.861705
vt 0.208316 0.860167
vt 0.474465 0.885176
vt 0.472815 0.886468
vt 0.702513 0.918116
vt 0.706062 0.920622
vt 0.253766 0.230518
vt 0.230815 0.235927
vt 0.229252 0.226058
vt 0.251684 0.220440
vt 0.208218 0.240352
vt 0.207028 0.230430
vt 0.227534 0.216712
vt 0.249399 0.210914
vt 0.205742 0.221011
vt 0.277339 0.223796
vt 0.201281 0.241512
vt 0.196407 0.232089
vt 0.199717 0.238181
vt 0.191505 0.223066
vt 0.190677 0.221546
vt 0.189969 0.220364
vt 0.271568 0.203251
vt 0.274559 0.213224
vt 0.345021 0.198789
vt 0.324627 0.206974
vt 0.320003 0.194699
vt 0.339479 0.185590
vt 0.301455 0.215668
vt 0.297793 0.204321
vt 0.315300 0.183180
vt 0.333960 0.173231
vt 0.293968 0.193645
vt 0.360799 0.192189
vt 0.348345 0.165171
vt 0.354517 0.178225
vt 0.682993 0.524158
vt 0.705586 0.528579
vt 0.704024 0.538448
vt 0.681804 0.534081
vt 0.728542 0.533985
vt 0.726460 0.544064
vt 0.702306 0.547794
vt 0.680519 0.543499
vt 0.724176 0.553590
vt 0.676060 0.523000
vt 0.752130 0.540706
vt 0.749350 0.551279
vt 0.746360 0.561253
vt 0.666290 0.541448
vt 0.664792 0.544086
vt 0.665462 0.542969
vt 0.671189 0.532424
vt 0.674495 0.526333
vt 0.605443 0.524353
vt 0.598116 0.523640
vt 0.598699 0.511734
vt 0.606343 0.512727
vt 0.606058 0.514509
vt 0.605449 0.523930
vt 0.604960 0.535610
vt 0.597472 0.535138
vt 0.605386 0.527692
vt 0.604966 0.534702
vt 0.584642 0.510003
vt 0.608961 0.501386
vt 0.606574 0.511648
vt 0.606363 0.512593
vt 0.604886 0.542517
vt 0.604711 0.544747
vt 0.585260 0.534523
vt 0.582999 0.541033
vt 0.583084 0.540977
vt 0.583431 0.540823
vt 0.584561 0.540174
vt 0.584657 0.540095
vt 0.585779 0.537597
vt 0.585853 0.537178
vt 0.585391 0.534850
vt 0.584793 0.533363
vt 0.583659 0.530624
vt 0.584093 0.522410
vt 0.776269 0.548835
vt 0.799475 0.557530
vt 0.794850 0.569806
vt 0.772608 0.560182
vt 0.819911 0.565719
vt 0.814370 0.578918
vt 0.790149 0.581325
vt 0.768784 0.570858
vt 0.808851 0.591278
vt 0.835741 0.572324
vt 0.829460 0.586289
vt 0.823288 0.599343
vt 0.995085 0.273427
vt 0.997134 0.272693
vt 0.996416 0.285462
vt 0.994813 0.245563
vt 0.991496 0.246418
vt 0.991533 0.246578
vt 0.995908 0.258788
vt 0.993298 0.259584
vt 0.992436 0.253109
vt 0.994697 0.269573
vt 0.131475 0.251809
vt 0.123815 0.252807
vt 0.123231 0.240901
vt 0.130575 0.240183
vt 0.130582 0.240606
vt 0.131193 0.250002
vt 0.122586 0.229402
vt 0.130091 0.228926
vt 0.130098 0.229832
vt 0.130523 0.236848
vt 0.131497 0.251943
vt 0.131712 0.252891
vt 0.134100 0.263148
vt 0.109707 0.254547
vt 0.109156 0.242141
vt 0.110329 0.230027
vt 0.108722 0.233927
vt 0.109861 0.231187
vt 0.108147 0.223574
vt 0.108061 0.223518
vt 0.110461 0.229699
vt 0.109725 0.224454
vt 0.109629 0.224375
vt 0.108495 0.223727
vt 0.129843 0.219787
vt 0.130021 0.222022
vt 0.974977 0.313090
vt 0.976492 0.313499
vt 0.975980 0.323065
vt 0.964450 0.322696
vt 0.965138 0.309890
vt 0.970358 0.310104
vt 0.971093 0.310814
vt 0.973435 0.311933
vt 0.954403 0.321700
vt 0.954915 0.312135
vt 0.956270 0.311908
vt 0.957728 0.310940
vt 0.959873 0.310105
vt 0.960583 0.309486
vt 0.965304 0.306664
vt 0.967785 0.308154
vt 0.968696 0.308506
vt 0.962180 0.308094
vt 0.963003 0.307852
vt 0.988199 0.322756
vt 0.576072 0.509009
vt 0.575672 0.518586
vt 0.579151 0.522016
vt 0.577392 0.519683
vt 0.583294 0.529668
vt 0.581843 0.526811
vt 0.580269 0.523507
vt 0.582347 0.541689
vt 0.574331 0.542401
vt 0.574880 0.542630
vt 0.575266 0.542732
vt 0.575759 0.542878
vt 0.578253 0.543354
vt 0.578795 0.543344
vt 0.579890 0.543283
vt 0.580256 0.543184
vt 0.580421 0.543115
vt 0.581331 0.542527
vt 0.581821 0.542128
vt 0.632764 0.764546
vt 0.639092 0.764964
vt 0.642913 0.765132
vt 0.621318 0.766191
vt 0.625634 0.765625
vt 0.620531 0.766465
vt 0.609072 0.765507
vt 0.609973 0.766114
vt 0.610705 0.766513
vt 0.611388 0.766875
vt 0.612657 0.767393
vt 0.612891 0.767449
vt 0.613406 0.767519
vt 0.614956 0.767493
vt 0.615725 0.767460
vt 0.619276 0.766784
vt 0.619980 0.766599
vt 0.988855 0.310364
vt 0.981809 0.310363
vt 0.983579 0.308966
vt 0.986217 0.305806
vt 0.988635 0.303078
vt 0.989271 0.302158
vt 0.979051 0.312539
s 1
usemtl Material.027
f 786/1/1 789/2/1 790/3/1 787/4/1
f 787/4/2 790/3/2 791/5/2 788/6/2
f 789/2/3 792/7/3 793/8/3 790/3/3
f 790/3/4 793/8/4 794/9/4 791/5/4
f 95/10/5 648/11/5 786/1/5 696/12/5
f 696/12/6 786/1/6 787/4/6 695/13/6
f 695/13/7 787/4/7 788/6/7 694/14/7
f 694/14/8 788/6/8 660/15/8 97/16/8
f 788/6/9 791/5/9 661/17/9 660/15/9
f 791/5/10 794/9/10 662/18/10 661/17/10
f 794/9/11 633/19/11 105/20/11 662/18/11
f 793/8/12 634/21/12 633/19/12 794/9/12
f 792/7/13 635/22/13 634/21/13 793/8/13
f 650/23/14 101/24/15 635/22/16 792/7/17
f 649/25/18 650/23/14 792/7/17 789/2/18
f 648/11/19 649/25/19 789/2/19 786/1/19
f 795/26/20 798/27/20 799/28/20 796/29/20
f 796/30/21 799/31/21 800/32/21 797/33/21
f 798/27/22 801/34/22 802/35/22 799/28/22
f 799/31/23 802/36/23 803/37/23 800/32/23
f 75/38/24 611/39/24 795/26/24 136/40/24
f 136/40/25 795/26/25 796/29/25 137/41/25
f 137/42/26 796/30/26 797/33/26 138/43/26
f 138/43/27 797/33/27 131/44/27 7/45/27
f 797/33/28 800/32/28 130/46/28 131/44/28
f 800/32/29 803/37/29 129/47/29 130/46/29
f 803/37/30 122/48/30 4/49/30 129/47/30
f 802/36/31 121/50/31 122/48/31 803/37/31
f 801/51/32 120/52/32 121/50/32 802/36/32
f 613/53/33 72/54/33 120/55/33 801/34/33
f 612/56/34 613/53/34 801/34/34 798/27/34
f 611/39/35 612/56/35 798/27/35 795/26/35
f 808/57/36 805/58/36 804/59/37 807/60/38
f 805/58/39 808/57/39 809/61/39 806/62/39
f 807/60/40 810/63/40 811/64/40 808/57/40
f 808/57/41 811/64/41 812/65/41 809/61/41
f 3083/66/42 475/67/43 804/59/44 3072/68/44 3073/69/44 3074/70/44 3081/71/44 3082/72/44
f 3072/68/45 804/59/45 805/58/45 3106/73/45 3105/74/45 3107/75/45 3120/76/45
f 3106/73/46 805/58/46 806/62/46 135/77/47 3131/78/48 3130/79/46
f 134/80/49 8/81/49 135/77/49 806/62/49
f 806/62/50 809/61/50 133/82/50 134/80/50
f 809/61/51 812/65/51 132/83/51 133/82/51
f 812/65/52 126/84/52 3/85/52 132/83/52
f 811/64/53 125/86/53 126/84/53 812/65/53
f 810/63/54 124/87/54 125/86/54 811/64/54
f 477/88/55 69/89/55 124/87/55 810/63/55
f 476/90/56 477/88/57 810/63/58 807/60/58
f 807/60/38 804/59/37 475/67/59 476/90/60
f 817/91/61 814/92/62 813/93/63 816/94/61
f 814/92/64 817/91/64 818/95/64 815/96/64
f 816/94/65 819/97/65 820/98/65 817/91/65
f 817/91/66 820/98/66 821/99/66 818/95/66
f 3216/100/67 813/93/68 718/101/69 3209/102/69 3210/103/69 3211/104/69 3219/105/69 3217/106/69
f 814/92/62 719/107/70 718/101/70 813/93/63
f 719/107/71 814/92/72 815/96/72 720/108/73
f 720/108/74 815/96/74 499/109/74 115/110/74
f 815/96/75 818/95/75 500/111/75 499/109/75
f 818/95/76 821/99/76 501/112/76 500/111/76
f 821/99/77 508/113/77 1/114/77 501/112/77
f 820/98/78 509/115/78 508/113/78 821/99/78
f 819/97/79 510/116/79 509/115/79 820/98/79
f 510/116/80 819/97/80 128/117/80 6/118/80
f 128/117/81 819/97/82 816/94/82 3229/119/82 3240/120/82 3241/121/82 3182/122/83
f 3229/119/84 816/94/84 813/93/68 3216/100/67 3246/123/84 3245/124/84 3251/125/84 3250/126/84
f 822/127/85 825/128/85 826/129/85 823/130/85
f 823/130/86 826/129/86 827/131/86 824/132/86
f 825/128/87 828/133/87 829/134/87 826/129/87
f 826/129/88 829/134/88 830/135/88 827/131/88
f 87/136/89 779/137/89 822/138/89 571/139/89
f 571/140/90 822/141/90 823/142/90 572/143/90
f 572/143/91 823/142/91 824/144/91 573/145/91
f 573/145/92 824/144/92 753/146/92 86/147/92
f 824/132/93 827/131/93 754/148/93 753/149/93
f 827/131/94 830/135/94 755/150/94 754/148/94
f 830/135/95 639/151/95 95/10/95 755/150/95
f 829/134/96 640/152/96 639/151/96 830/135/96
f 828/133/97 641/153/97 640/152/97 829/134/97
f 777/154/98 100/155/98 641/153/98 828/133/98
f 778/156/99 777/154/99 828/133/99 825/128/99
f 779/157/100 778/156/100 825/128/100 822/127/100
f 831/158/101 834/159/101 835/160/101 832/161/101
f 832/161/102 835/160/102 836/162/102 833/163/102
f 834/164/103 837/165/103 838/166/103 835/167/103
f 835/167/104 838/166/104 839/168/104 836/169/104
f 75/38/105 729/170/105 831/158/105 611/39/105
f 611/39/106 831/158/106 832/161/106 612/56/106
f 612/56/107 832/161/107 833/163/107 613/53/107
f 613/53/108 833/163/108 741/171/108 72/54/108
f 833/172/109 836/169/109 742/173/109 741/174/109
f 836/169/110 839/168/110 743/175/110 742/173/110
f 839/168/111 117/176/111 2/177/111 743/175/111
f 838/166/112 118/178/112 117/176/112 839/168/112
f 837/165/113 119/179/113 118/178/113 838/166/113
f 731/180/114 5/181/114 119/179/114 837/165/114
f 730/182/115 731/180/115 837/165/115 834/164/115
f 729/170/116 730/183/116 834/159/116 831/158/116
f 3261/184/117 135/77/117 8/81/117 3176/185/117 3259/186/117 3262/187/117
f 135/77/47 3261/184/118 3131/78/48
f 841/188/119 3285/189/119 3286/190/119 3282/191/119 3283/192/119 3284/193/119 3299/194/119 840/195/119
f 842/196/120 3308/197/120 3306/198/120 3304/199/120 3285/200/120 841/201/120
f 123/202/121 3158/203/121 3313/204/121 3312/205/121 3311/206/121 3308/197/121 842/196/121
f 842/196/122 138/43/122 7/45/122 123/202/122
f 841/201/123 137/42/123 138/43/123 842/196/123
f 840/207/124 136/40/124 137/41/124 841/208/124
f 617/209/125 75/210/125 136/211/125 840/195/125
f 617/209/126 840/195/126 3299/194/126 3319/212/126 3318/213/126 3325/214/126 3136/214/126
f 843/215/127 846/216/127 847/217/127 844/218/127
f 844/218/128 847/217/128 848/219/128 845/220/128
f 846/216/129 849/221/129 850/222/129 847/217/129
f 847/217/130 850/222/130 851/223/130 848/219/130
f 96/224/131 620/225/131 843/226/131 484/227/131
f 484/228/132 843/215/132 844/218/132 483/229/132
f 483/229/133 844/218/133 845/220/133 482/230/133
f 482/230/134 845/220/134 678/231/135 98/232/136
f 845/220/137 848/219/137 679/233/138 678/231/139
f 848/219/140 851/223/140 680/234/141 679/233/142
f 684/235/143 107/236/143 680/234/143 851/223/143
f 685/237/144 684/235/144 851/223/144 850/222/144
f 849/238/145 686/239/145 685/240/145 850/241/145
f 618/242/146 112/243/146 686/239/146 849/238/146
f 619/244/147 618/242/147 849/238/147 846/245/147
f 620/225/148 619/244/148 846/245/148 843/226/148
f 852/246/149 855/247/149 856/248/149 853/249/149
f 854/250/150 853/249/150 856/248/150 857/251/150
f 855/247/151 858/252/151 859/253/151 856/248/151
f 857/251/152 856/248/152 859/253/152 860/254/152
f 9/255/153 161/256/153 852/246/153 148/257/153
f 148/257/154 852/246/154 853/249/154 147/258/154
f 147/258/155 853/249/155 854/250/155 3335/259/155 3334/260/155
f 3335/259/156 854/250/156 3341/261/156 3339/262/156
f 3341/261/157 854/250/157 857/251/157 3348/263/157 3347/264/157 3344/265/157
f 3348/263/158 857/251/158 860/254/159 3352/266/160 3353/267/158 3354/268/158 3351/269/158
f 3352/266/160 860/254/159 143/270/161 3361/271/162 3356/272/163
f 143/270/164 860/254/165 859/253/165 142/273/166
f 858/252/167 141/274/167 142/273/167 859/253/167
f 159/275/168 13/276/168 141/274/168 858/252/168
f 160/277/169 159/275/169 858/252/169 855/247/169
f 161/256/170 160/277/170 855/247/170 852/246/170
f 861/278/171 864/279/171 865/280/171 862/281/171
f 862/281/172 865/280/172 866/282/172 863/283/172
f 864/284/173 867/285/173 868/286/173 865/287/173
f 865/287/174 868/286/174 869/288/174 866/289/174
f 78/290/175 174/291/175 861/292/175 598/293/175
f 598/294/176 861/278/176 862/281/176 597/295/176
f 597/295/177 862/281/177 863/283/177 596/296/177
f 596/296/178 863/283/178 149/297/178 77/298/178
f 863/283/179 866/282/179 150/299/179 149/297/179
f 866/289/180 869/288/180 151/300/180 150/301/180
f 869/288/181 165/302/181 12/303/181 151/300/181
f 868/286/182 166/304/182 165/302/182 869/288/182
f 867/285/183 167/305/183 166/304/183 868/286/183
f 176/306/184 14/307/184 167/305/184 867/285/184
f 175/308/185 176/306/185 867/285/185 864/284/185
f 174/291/186 175/309/186 864/310/186 861/292/186
f 870/311/187 873/312/187 874/313/187 871/314/187
f 871/314/188 874/313/188 875/315/188 872/316/188
f 874/313/189 873/312/189 876/317/189 3368/318/189 3366/319/189 3362/320/189
f 3372/321/190 3371/322/190 875/315/190 874/313/190 3362/320/190
f 14/307/191 171/323/191 870/311/191 167/305/191
f 167/305/192 870/311/192 871/314/192 166/304/192
f 166/304/193 871/314/193 872/316/193 165/302/193
f 165/302/194 872/316/194 157/324/194 12/303/194
f 872/316/195 875/315/195 158/325/195 157/324/195
f 158/325/196 875/315/196 3371/322/196 3382/326/196 3378/327/196 3104/328/196
f 876/317/197 3388/329/198 3386/330/199 3368/318/199
f 3388/329/198 876/317/197 173/331/200 3392/332/201 3393/333/202 3389/334/202
f 876/317/203 873/312/203 172/335/204 173/331/205
f 171/323/206 172/335/206 873/312/206 870/311/206
f 3398/336/207 877/337/207 878/338/207 3402/339/207 3401/340/207 3397/341/207
f 878/342/208 879/343/208 880/344/208 3407/345/208 3406/346/208 3405/347/208 3402/348/208
f 880/344/209 3412/349/209 3411/350/209 3407/345/209
f 877/337/210 601/351/210 76/352/210 767/353/210
f 3419/354/211 3418/354/211 601/351/211 877/337/211 3398/336/211 3426/355/211 3422/356/211
f 3412/349/212 880/344/212 147/258/212 3334/260/212 3435/357/212 3431/358/212 3432/359/212
f 879/343/213 148/257/213 147/258/213 880/344/213
f 765/360/214 9/255/214 148/257/214 879/343/214
f 878/342/215 766/361/215 765/360/215 879/343/215
f 878/338/216 877/337/216 767/353/216 766/362/216
f 3442/363/217 882/364/217 881/365/217 3445/366/217 3440/367/217 3439/368/217
f 3451/369/218 884/370/218 883/371/218 882/372/218 3442/373/218 3449/374/218 3450/375/218
f 884/376/219 3451/377/219 3453/378/219
f 513/379/220 76/352/220 601/351/220 881/365/220
f 512/380/221 513/381/221 881/382/221 882/383/221
f 512/384/222 882/372/222 883/371/222 511/385/222
f 511/385/223 883/371/223 156/386/223 11/387/223
f 884/370/224 155/388/224 156/386/224 883/371/224
f 155/388/225 884/370/225 3453/389/225 3457/390/225 3455/391/225 3456/392/225
f 3445/366/226 881/365/226 601/351/226 3418/354/226 3459/393/226 3458/394/226
f 885/395/227 888/396/227 889/397/227 886/398/227
f 886/399/228 889/400/228 890/401/228 887/402/228
f 888/396/229 891/403/229 892/404/229 889/397/229
f 889/400/230 892/405/230 893/406/230 890/401/230
f 78/290/231 598/293/231 885/407/231 747/408/231
f 747/409/232 885/395/232 886/398/232 748/410/232
f 748/411/233 886/399/233 887/402/233 749/412/233
f 749/412/234 887/402/234 170/413/234 13/276/234
f 887/402/235 890/401/235 169/414/235 170/413/235
f 890/401/236 893/406/236 168/415/236 169/414/236
f 893/406/237 746/416/237 10/417/237 168/415/237
f 892/405/238 745/418/238 746/416/238 893/406/238
f 891/403/239 744/419/239 745/420/239 892/404/239
f 596/296/240 77/298/240 744/419/240 891/403/240
f 597/295/241 596/296/241 891/403/241 888/396/241
f 598/294/242 597/295/242 888/396/242 885/395/242
f 894/421/243 897/422/243 898/423/243 895/424/243
f 896/425/244 895/424/244 898/423/244 3462/426/244 3460/427/244 3461/428/244
f 897/422/245 899/429/245 900/430/245 898/423/245
f 898/423/246 900/430/246 3465/431/246 3464/432/246 3462/426/246
f 13/276/247 170/413/247 894/421/247 141/274/247
f 141/274/248 894/421/248 895/424/248 142/273/248
f 143/270/164 142/273/166 895/424/249 896/425/249
f 3361/271/162 143/270/161 896/425/250 3471/433/251 3470/434/252 3469/435/252
f 3471/433/251 896/425/250 3461/428/253
f 900/430/254 140/436/254 3473/437/254 3474/438/254 3475/439/254 3465/431/254
f 899/429/255 139/440/255 140/436/255 900/430/255
f 168/415/256 10/417/256 139/440/256 899/429/256
f 169/414/257 168/415/257 899/429/257 897/422/257
f 170/413/258 169/414/258 897/422/258 894/421/258
f 901/441/259 904/442/259 905/443/259 902/444/259
f 902/444/260 905/443/260 906/445/260 903/446/260
f 908/447/261 905/443/261 904/442/261 907/448/261
f 905/443/262 908/447/262 909/449/262 906/445/262
f 11/387/263 156/386/263 901/441/263 154/450/263
f 154/450/264 901/441/264 902/444/264 153/451/264
f 153/451/265 902/444/265 903/446/265 152/452/265
f 152/452/266 903/446/266 171/323/266 14/307/266
f 903/446/267 906/445/267 172/335/267 171/323/267
f 909/449/268 173/331/205 172/335/204 906/445/268
f 173/331/200 909/449/269 3491/453/270 3489/454/271 3392/332/201
f 3493/455/272 3491/453/270 909/449/269 908/447/272 3499/456/272 3494/457/272 3495/458/272
f 908/447/273 907/448/273 3508/459/273 3501/460/273 3499/456/273
f 3508/459/274 907/448/274 3512/461/274 3511/462/274
f 3512/461/275 907/448/275 904/442/275 155/388/275 3456/392/275 3515/463/275
f 156/386/276 155/388/276 904/442/276 901/441/276
f 910/464/277 913/465/277 914/466/277 911/467/277
f 911/468/278 914/469/278 915/470/278 912/471/278
f 913/472/279 916/473/279 917/474/279 914/475/279
f 914/475/280 917/474/280 918/476/280 915/477/280
f 76/352/281 513/379/281 910/464/281 604/478/281
f 604/478/282 910/464/282 911/467/282 603/479/282
f 603/480/283 911/468/283 912/471/283 602/481/283
f 602/481/284 912/471/284 174/291/284 78/290/284
f 912/471/285 915/470/285 175/309/285 174/291/285
f 915/477/286 918/476/286 176/306/286 175/308/286
f 918/476/287 152/452/287 14/307/287 176/306/287
f 917/474/288 153/451/288 152/452/288 918/476/288
f 916/473/289 154/450/289 153/451/289 917/474/289
f 511/385/290 11/387/290 154/450/290 916/473/290
f 512/384/291 511/385/291 916/473/291 913/472/291
f 513/379/292 512/482/292 913/465/292 910/464/292
f 919/483/293 922/484/294 923/485/295 920/486/295
f 920/486/295 923/485/295 924/487/296 921/488/297
f 922/484/298 925/489/299 926/490/300 923/485/300
f 923/485/300 926/490/300 927/491/301 924/487/301
f 29/492/302 532/493/303 919/483/304 200/494/305
f 200/494/305 919/483/304 920/486/306 199/495/307
f 199/495/307 920/486/306 921/488/308 198/496/309
f 198/496/309 921/488/308 222/497/310 19/498/311
f 921/488/297 924/487/296 223/499/312 222/497/313
f 924/487/301 927/491/301 224/500/314 223/499/315
f 927/491/316 201/501/317 26/502/318 224/500/319
f 926/490/320 202/503/321 201/501/317 927/491/316
f 925/489/322 203/504/323 202/503/321 926/490/320
f 534/505/324 34/506/325 203/504/323 925/489/322
f 533/507/326 534/505/327 925/489/299 922/484/298
f 532/493/328 533/507/329 922/484/294 919/483/293
f 928/508/330 931/509/330 932/510/330 929/511/330
f 929/512/331 932/513/331 933/514/331 930/515/331
f 931/509/332 934/516/332 935/517/332 932/510/332
f 932/513/333 935/518/333 936/519/333 933/514/333
f 81/520/334 584/521/334 928/508/334 195/522/334
f 195/522/335 928/508/335 929/511/335 196/523/335
f 196/524/336 929/512/336 930/515/336 197/525/336
f 197/525/337 930/515/337 194/526/337 20/527/337
f 930/515/338 933/514/338 193/528/338 194/526/338
f 933/514/339 936/519/339 192/529/339 193/528/339
f 936/519/340 185/530/340 18/531/340 192/529/340
f 935/518/341 184/532/341 185/530/341 936/519/341
f 934/533/342 183/534/342 184/535/342 935/536/342
f 586/537/343 80/538/343 183/534/343 934/533/343
f 585/539/344 586/540/344 934/516/344 931/509/344
f 584/521/345 585/539/345 931/509/345 928/508/345
f 3527/541/346 773/542/346 82/543/346 3535/544/346 3536/544/346
f 3543/545/347 772/546/347 773/542/347 3527/541/347 3549/547/347 3542/548/347
f 3557/549/348 771/550/348 772/546/348 3543/545/348 3559/551/348 3555/552/348 3556/553/348
f 3424/554/349 21/555/349 771/550/349 3557/549/349 3567/556/349 3563/557/349
f 3535/544/350 82/543/350 525/558/350 3576/559/350
f 3580/560/351 3581/561/351 523/562/351 22/563/351 3584/564/351
f 3588/565/352 524/566/352 523/567/352 3581/568/352 3599/569/352 3586/570/352 3587/571/352
f 3576/559/353 525/558/353 524/566/353 3588/565/353 3603/572/353 3604/573/353
f 937/574/354 940/575/354 941/576/354 938/577/354
f 938/577/354 941/576/354 942/578/354 939/579/354
f 940/575/354 943/580/354 944/581/354 941/576/354
f 941/576/354 944/581/354 945/582/354 942/578/354
f 34/506/325 248/583/355 937/574/354 203/504/323
f 203/504/323 937/574/354 938/577/354 202/503/321
f 202/503/321 938/577/354 939/579/354 201/501/317
f 201/501/317 939/579/354 177/584/356 26/502/318
f 939/579/354 942/578/354 178/585/357 177/584/356
f 942/578/354 945/582/354 179/586/358 178/585/357
f 179/586/358 945/582/354 3613/587/354 3612/588/354 3611/589/354 3608/590/354 3609/591/359
f 945/582/354 944/581/354 231/592/360 3410/593/361 3613/587/354
f 231/592/360 944/581/354 943/580/354 232/594/362
f 232/594/362 943/580/354 250/595/363 31/596/364
f 249/597/365 250/595/363 943/580/354 940/575/354
f 248/583/355 249/597/365 940/575/354 937/574/354
f 946/598/366 949/599/367 950/600/367 947/601/368
f 947/601/369 950/600/369 951/602/369 948/603/369
f 949/599/370 952/604/370 953/605/370 950/600/370
f 950/600/371 953/605/371 954/606/371 951/602/371
f 537/607/372 946/598/373 538/608/374 3506/609/374 3505/610/374 3541/611/374
f 538/608/375 946/598/366 947/601/368 539/612/375
f 539/612/376 947/601/376 948/603/376 540/613/376
f 540/614/377 948/615/377 284/616/377 68/617/377
f 948/615/378 951/618/378 283/619/378 284/616/378
f 951/618/379 954/620/379 282/621/379 283/619/379
f 954/622/380 259/623/380 67/624/380 282/625/380
f 953/605/381 258/626/381 259/627/381 954/606/381
f 952/604/382 257/628/382 258/626/382 953/605/382
f 257/628/383 952/604/383 535/629/383 35/630/383
f 949/599/384 536/631/384 535/629/384 952/604/384
f 946/598/373 537/607/372 536/631/385 949/599/385
f 32/632/386 261/633/387 3596/634/388 3595/635/389 3592/636/389 3591/637/390
f 3601/638/391 260/639/392 3607/640/393 3606/641/394 3605/642/394
f 3596/634/388 261/633/387 260/639/392 3601/638/391 3610/643/395
f 955/644/396 958/645/396 959/646/396 956/647/396
f 956/647/397 959/646/397 960/648/397 957/649/397
f 958/645/398 961/650/398 962/651/398 959/646/398
f 959/652/399 962/653/399 963/654/399 960/655/399
f 85/656/400 581/657/401 955/644/401 279/658/400
f 279/658/402 955/644/403 956/647/403 280/659/404
f 280/659/405 956/647/406 957/649/406 281/660/407
f 281/661/408 957/662/409 253/663/410 30/664/411
f 957/662/409 960/655/412 252/665/412 253/663/410
f 960/655/413 963/654/413 251/666/413 252/665/413
f 963/654/414 197/525/414 20/527/414 251/666/414
f 962/653/415 196/524/415 197/525/415 963/654/415
f 961/650/416 195/522/416 196/523/416 962/651/416
f 583/667/417 81/520/417 195/522/417 961/650/417
f 582/668/418 583/667/418 961/650/418 958/645/418
f 581/657/419 582/668/419 958/645/419 955/644/419
f 964/669/420 967/670/420 968/671/420 965/672/420
f 965/672/421 968/671/421 969/673/421 966/674/421
f 967/670/422 970/675/422 971/676/422 968/671/422
f 968/671/423 971/676/423 972/677/423 969/673/423
f 964/678/424 275/679/424 3099/680/424 3614/681/424 3615/682/424
f 275/683/425 964/669/425 965/672/425 274/684/425
f 274/684/426 965/672/426 966/674/426 273/685/426
f 273/686/427 966/687/427 215/688/427 66/689/427
f 966/687/428 969/690/428 214/691/428 215/688/428
f 969/690/429 972/692/429 213/693/429 214/691/429
f 972/692/430 540/614/430 68/617/430 213/693/430
f 971/676/431 539/612/431 540/613/431 972/677/431
f 970/675/432 538/608/432 539/612/432 971/676/432
f 3509/694/433 3506/609/433 538/608/433 970/675/433 3616/695/433 3617/696/433
f 3620/697/434 3616/695/434 970/675/434 967/670/434 3618/698/434 3619/699/434
f 3622/700/435 3618/701/435 967/702/435 964/678/435 3615/682/435 3621/703/435
f 974/704/436 973/705/436 975/706/436 976/707/436
f 3626/708/437 974/704/437 976/707/437 977/709/437 3628/710/437 3627/711/437
f 976/707/438 975/706/438 978/712/438 979/713/438
f 3632/714/439 3634/715/439 977/709/439 976/707/439 979/713/439 3635/716/439
f 93/717/440 561/718/441 973/705/441 302/719/442
f 303/720/443 302/719/443 973/705/443 974/704/443
f 303/720/444 974/704/445 3626/708/445 3639/721/445 3640/722/446
f 977/709/447 3644/723/447 3645/724/447 3628/710/447
f 3644/723/448 977/709/448 3634/715/448 3647/725/448
f 3648/726/449 3635/727/449 979/728/449 266/729/449 3570/730/449 3649/731/449
f 978/732/450 265/733/450 266/729/450 979/728/450
f 265/733/451 978/732/451 559/734/451 92/735/451
f 560/736/452 559/737/452 978/712/452 975/706/452
f 561/718/453 560/736/453 975/706/453 973/705/453
f 980/738/454 983/739/454 984/740/454 981/741/454
f 981/741/454 984/740/454 985/742/454 982/743/454
f 983/739/454 986/744/454 987/745/454 984/740/454
f 984/740/454 987/745/454 988/746/454 985/742/454
f 33/747/455 264/748/456 980/738/454 270/749/457
f 270/749/457 980/738/454 981/741/454 271/750/458
f 271/750/458 981/741/454 982/743/454 272/751/459
f 261/633/387 32/632/386 272/751/459 982/743/454
f 260/639/392 261/633/387 982/743/454 985/742/454
f 3607/640/393 260/639/392 985/742/454 988/746/454 3658/752/454
f 988/746/454 209/753/460 3670/754/461 3667/755/454 3663/756/454 3664/757/454 3658/752/454
f 987/745/454 208/758/462 209/753/460 988/746/454
f 986/744/454 207/759/463 208/758/462 987/745/454
f 262/760/464 28/761/465 207/759/463 986/744/454
f 263/762/466 262/760/464 986/744/454 983/739/454
f 264/748/456 263/762/466 983/739/454 980/738/454
f 989/763/467 992/764/468 993/765/469 990/766/470
f 990/766/471 993/765/472 994/767/473 991/768/474
f 992/764/468 995/769/475 996/770/476 993/765/469
f 993/765/472 996/770/477 997/771/478 994/767/473
f 26/502/318 177/584/356 989/763/479 182/772/480
f 182/772/481 989/763/467 990/766/470 181/773/482
f 181/773/483 990/766/471 991/768/474 180/774/484
f 180/774/485 991/768/485 219/775/485 25/776/485
f 991/768/486 994/767/486 220/777/486 219/775/486
f 994/767/487 997/771/487 221/778/487 220/777/487
f 3602/779/488 221/778/488 997/771/488 3652/780/488 3651/781/488 3650/782/488
f 3652/780/489 997/771/478 996/770/477 3660/783/489 3662/784/489 3657/785/489 3653/786/489
f 3660/783/490 996/770/476 995/769/475 3683/787/490 3669/788/490 3666/789/490 3661/790/490
f 995/769/491 179/586/358 3609/591/359 3688/791/492 3685/792/492 3683/787/492
f 178/585/357 179/586/358 995/769/491 992/764/493
f 177/584/356 178/585/357 992/764/493 989/763/479
f 998/793/494 1001/794/494 1002/795/494 999/796/494
f 999/796/495 1002/795/495 1003/797/495 1000/798/495
f 1001/799/496 1004/800/496 1005/801/496 1002/802/496
f 1002/795/497 1005/803/497 1006/804/497 1003/797/497
f 83/805/498 528/806/498 998/793/499 577/807/500
f 577/807/500 998/793/499 999/796/501 576/808/501
f 576/808/501 999/796/501 1000/798/502 575/809/502
f 575/809/503 1000/798/503 525/558/503 82/543/503
f 1000/798/504 1003/797/504 524/566/504 525/558/504
f 1003/797/505 1006/804/505 523/567/505 524/566/505
f 1006/810/506 225/811/506 22/563/506 523/562/506
f 1005/812/507 226/813/507 225/811/507 1006/810/507
f 1004/814/508 227/815/508 226/813/508 1005/812/508
f 526/816/509 24/817/509 227/815/509 1004/814/509
f 527/818/510 526/819/510 1004/800/510 1001/799/510
f 528/806/511 527/820/511 1001/794/511 998/793/511
f 1007/821/512 1010/822/513 1011/823/514 1008/824/515
f 1008/824/515 1011/823/514 1012/825/516 1009/826/517
f 1010/822/518 1013/827/519 1014/828/520 1011/823/521
f 1011/823/521 1014/828/520 1015/829/522 1012/825/523
f 28/761/465 241/830/524 1007/821/525 207/759/463
f 207/759/463 1007/821/525 1008/824/526 208/758/462
f 208/758/462 1008/824/526 1009/826/527 209/753/460
f 209/753/460 1009/826/527 3691/831/528 3690/832/528 3689/833/528 3670/754/461
f 1009/826/517 1012/825/516 3681/834/529 3675/835/529 3674/836/529 3676/837/529 3691/831/529
f 3682/838/530 3681/834/530 1012/825/523 1015/829/522 3686/839/530 3680/840/530 3679/841/530
f 3687/842/531 3686/839/531 1015/829/531 206/843/531 3365/844/531 3684/845/531
f 1014/828/532 205/846/532 206/843/532 1015/829/532
f 1013/827/533 204/847/533 205/846/533 1014/828/533
f 239/848/534 27/849/534 204/847/534 1013/827/534
f 240/850/535 239/848/536 1013/827/519 1010/822/518
f 241/830/537 240/850/538 1010/822/513 1007/821/512
f 1016/851/539 1019/852/539 1020/853/539 1017/854/539
f 1017/854/540 1020/853/540 1021/855/540 1018/856/540
f 1019/852/541 1022/857/541 1023/858/541 1020/853/541
f 1020/853/542 1023/858/542 1024/859/542 1021/855/542
f 83/805/543 577/807/544 1016/851/545 776/860/543
f 776/860/546 1016/851/546 1017/854/546 775/861/546
f 775/861/547 1017/854/547 1018/856/547 774/862/547
f 774/863/548 1018/864/548 212/865/548 23/866/548
f 1018/864/549 1021/867/549 211/868/549 212/865/549
f 1021/867/550 1024/869/550 210/870/550 211/868/550
f 1024/859/551 771/550/551 21/555/551 210/871/551
f 1023/858/552 772/546/552 771/550/552 1024/859/552
f 1022/857/553 773/542/553 772/546/553 1023/858/553
f 575/809/554 82/543/554 773/542/554 1022/857/554
f 576/808/555 575/809/556 1022/857/556 1019/852/555
f 577/807/544 576/808/555 1019/852/555 1016/851/545
f 1025/872/557 1028/873/557 1029/874/557 1026/875/557
f 1026/875/558 1029/874/558 1030/876/558 1027/877/558
f 1028/873/559 1031/878/559 1032/879/559 1029/874/559
f 1029/874/560 1032/879/560 1033/880/560 1030/876/560
f 20/527/561 194/526/562 1025/872/562 236/881/563
f 236/881/564 1025/872/565 1026/875/565 237/882/566
f 237/882/567 1026/875/568 1027/877/568 238/883/569
f 238/883/570 1027/877/571 241/830/524 28/761/465
f 1027/877/572 1030/876/572 240/850/538 241/830/537
f 1030/876/573 1033/880/573 239/848/536 240/850/535
f 1033/880/574 235/884/574 27/849/574 239/848/574
f 1032/879/575 234/885/575 235/884/575 1033/880/575
f 1031/878/576 233/886/576 234/885/576 1032/879/576
f 192/529/577 18/531/577 233/886/577 1031/878/577
f 193/528/578 192/529/578 1031/878/578 1028/873/578
f 194/526/579 193/528/579 1028/873/579 1025/872/579
f 1034/887/580 1037/888/580 1038/889/580 1035/890/580
f 1035/890/581 1038/889/581 1039/891/581 1036/892/581
f 1037/893/582 1040/894/582 1041/895/582 1038/896/582
f 1038/896/583 1041/895/583 1042/897/583 1039/898/583
f 79/899/584 516/900/584 1034/887/584 592/901/584
f 592/901/585 1034/887/585 1035/890/585 591/902/585
f 591/902/586 1035/890/586 1036/892/586 590/903/586
f 590/903/587 1036/892/587 528/806/587 83/805/587
f 1036/892/588 1039/891/588 527/820/588 528/806/588
f 1039/904/589 1042/905/589 526/819/589 527/818/589
f 1042/897/590 189/906/590 24/817/590 526/816/590
f 1041/895/591 190/907/591 189/906/591 1042/897/591
f 1040/894/592 191/908/592 190/907/592 1041/895/592
f 514/909/593 17/910/593 191/908/593 1040/894/593
f 515/911/594 514/909/594 1040/894/594 1037/893/594
f 516/900/595 515/912/595 1037/888/595 1034/887/595
f 1043/913/596 1046/914/596 1047/915/596 1044/916/596
f 1044/916/597 1047/915/597 1048/917/597 1045/918/597
f 1046/914/598 1049/919/598 1050/920/598 1047/915/598
f 1047/915/599 1050/920/599 1051/921/599 1048/917/599
f 19/498/311 222/497/310 1043/913/600 519/922/600
f 519/922/601 1043/913/601 1044/916/601 518/923/601
f 518/923/602 1044/916/602 1045/918/602 517/924/602
f 517/924/603 1045/918/603 529/925/603 16/926/603
f 1045/918/604 1048/917/604 530/927/604 529/925/604
f 1048/917/605 1051/921/605 531/928/605 530/927/605
f 1051/921/606 180/774/606 25/776/606 531/928/606
f 1050/920/607 181/773/483 180/774/484 1051/921/607
f 1049/919/608 182/772/481 181/773/482 1050/920/608
f 224/500/319 26/502/318 182/772/480 1049/919/609
f 223/499/315 224/500/314 1049/919/610 1046/914/610
f 222/497/313 223/499/312 1046/914/611 1043/913/611
f 1052/929/612 1055/930/613 1056/931/613 1053/932/614
f 1053/932/615 1056/931/616 1057/933/616 1054/934/617
f 1055/930/613 1058/935/618 1059/936/619 1056/931/613
f 1056/931/616 1059/936/620 1060/937/620 1057/933/616
f 30/664/621 253/663/622 1052/929/623 267/938/624
f 267/938/625 1052/929/612 1053/932/614 268/939/626
f 268/939/627 1053/932/615 1054/934/617 269/940/628
f 269/940/629 1054/934/630 264/748/456 33/747/455
f 1054/934/630 1057/933/631 263/762/466 264/748/456
f 1057/933/631 1060/937/632 262/760/464 263/762/466
f 1060/937/632 238/883/570 28/761/465 262/760/464
f 1059/936/620 237/882/567 238/883/569 1060/937/620
f 1058/935/618 236/881/564 237/882/566 1059/936/619
f 251/666/633 20/527/561 236/881/563 1058/935/634
f 252/665/635 251/666/633 1058/935/634 1055/930/636
f 253/663/622 252/665/635 1055/930/636 1052/929/623
f 1061/941/637 1064/942/637 1065/943/637 1062/944/637
f 1062/944/638 1065/943/638 1066/945/638 1063/946/638
f 1064/942/639 1067/947/639 1068/948/639 1065/943/639
f 1065/943/640 1068/948/640 1069/949/640 1066/945/640
f 79/899/641 592/901/641 1061/941/641 770/950/641
f 770/950/642 1061/941/642 1062/944/642 769/951/642
f 769/951/643 1062/944/643 1063/946/643 768/952/643
f 768/953/644 1063/954/644 146/955/644 15/956/644
f 1063/954/645 1066/957/645 145/958/645 146/955/645
f 1066/957/646 1069/959/646 144/960/646 145/958/646
f 1069/959/647 774/863/647 23/866/647 144/960/647
f 1068/948/648 775/861/648 774/862/648 1069/949/648
f 1067/947/649 776/860/649 775/861/649 1068/948/649
f 590/903/650 83/805/650 776/860/650 1067/947/650
f 591/902/651 590/903/651 1067/947/651 1064/942/651
f 592/901/652 591/902/652 1064/942/652 1061/941/652
f 1070/961/653 1073/962/653 1074/963/653 1071/964/653
f 1071/964/654 1074/963/654 1075/965/654 1072/966/654
f 1073/962/655 1076/967/655 1077/968/655 1074/963/655
f 1074/963/656 1077/968/656 1078/969/656 1075/965/656
f 17/910/657 188/970/657 1070/961/657 191/908/657
f 191/908/658 1070/961/658 1071/964/658 190/907/658
f 190/907/659 1071/964/659 1072/966/659 189/906/659
f 189/906/660 1072/966/660 247/971/660 24/817/660
f 1072/966/661 1075/965/661 246/972/662 247/971/663
f 1075/965/664 1078/969/664 245/973/665 246/972/666
f 1078/969/667 269/940/629 33/747/455 245/973/668
f 1077/968/669 268/939/627 269/940/628 1078/969/669
f 1076/967/670 267/938/625 268/939/626 1077/968/670
f 186/974/671 30/664/621 267/938/624 1076/967/671
f 187/975/672 186/974/672 1076/967/672 1073/962/672
f 188/970/673 187/975/673 1073/962/673 1070/961/673
f 1079/976/674 1082/977/675 1083/978/676 1080/979/676
f 1080/979/677 1083/978/677 1084/980/677 1081/981/677
f 1082/977/678 1085/982/679 1086/983/680 1083/978/681
f 1083/978/681 1086/983/680 1087/984/682 1084/980/683
f 24/817/684 247/971/684 1079/976/684 227/815/684
f 227/815/685 1079/976/685 1080/979/685 226/813/685
f 226/813/686 1080/979/686 1081/981/686 225/811/686
f 225/811/687 1081/981/687 218/985/687 22/563/687
f 1081/981/688 1084/980/688 217/986/688 218/985/688
f 1084/980/683 1087/984/682 216/987/689 217/986/690
f 1087/984/691 272/751/459 32/632/386 216/987/692
f 1086/983/693 271/750/458 272/751/459 1087/984/691
f 1085/982/694 270/749/457 271/750/458 1086/983/693
f 245/973/668 33/747/455 270/749/457 1085/982/694
f 246/972/666 245/973/665 1085/982/679 1082/977/678
f 247/971/663 246/972/662 1082/977/675 1079/976/674
f 3696/988/695 1088/989/695 1089/990/695 1090/991/695 3692/992/695 3693/993/695 3697/994/695
f 3692/992/696 1090/991/696 3695/995/696
f 1090/991/697 1089/990/697 1091/996/697 1092/997/697
f 3695/995/698 1090/991/698 1092/997/698 3694/998/698
f 3574/999/699 94/1000/699 498/1001/699 1088/1002/699 3642/1003/699 3637/1004/699
f 3642/1003/700 1088/1002/700 3696/1005/700 3641/1006/700
f 3694/998/701 1092/997/701 303/720/444 3640/722/446
f 1091/996/702 302/719/702 303/720/702 1092/997/702
f 496/1007/703 93/717/440 302/719/442 1091/996/703
f 497/1008/704 496/1007/704 1091/996/704 1089/990/704
f 1088/989/705 498/1009/705 497/1008/705 1089/990/705
f 1093/1010/706 1096/1011/706 1097/1012/706 1094/1013/706
f 1094/1013/707 1097/1012/707 1098/1014/707 1095/1015/707
f 1096/1011/708 1099/1016/708 1100/1017/708 1097/1012/708
f 1097/1012/709 1100/1017/709 1101/1018/709 1098/1014/709
f 66/689/710 215/688/710 1093/1010/710 278/1019/710
f 278/1019/711 1093/1010/711 1094/1013/711 277/1020/711
f 277/1020/712 1094/1013/712 1095/1015/712 276/1021/712
f 276/1021/713 1095/1015/713 549/1022/713 70/1023/713
f 1095/1015/714 1098/1014/714 548/1024/714 549/1022/714
f 1098/1014/715 1101/1018/715 547/1025/716 548/1024/717
f 1101/1018/718 546/1026/718 91/1027/719 547/1025/720
f 1100/1017/721 545/1028/721 546/1026/721 1101/1018/721
f 1099/1016/722 544/1029/722 545/1028/722 1100/1017/722
f 213/693/723 68/617/723 544/1029/723 1099/1016/723
f 214/691/724 213/693/724 1099/1016/724 1096/1011/724
f 215/688/725 214/691/725 1096/1011/725 1093/1010/725
f 1102/1030/726 1105/1031/726 1106/1032/726 1103/1033/726
f 1103/1034/727 1106/1035/727 1107/1036/727 1104/1037/727
f 1105/1031/728 1108/1038/728 1109/1039/728 1106/1032/728
f 1106/1032/729 1109/1039/729 1110/1040/729 1107/1041/729
f 79/1042/730 593/1043/730 1102/1030/730 516/1044/730
f 516/1044/731 1102/1030/731 1103/1033/731 515/1045/731
f 515/911/732 1103/1034/732 1104/1037/732 514/909/732
f 514/909/733 1104/1037/733 188/970/733 17/910/733
f 1104/1037/734 1107/1036/734 187/975/734 188/970/734
f 1107/1036/735 1110/1046/735 186/974/735 187/975/735
f 1110/1046/736 281/661/408 30/664/411 186/974/736
f 1109/1039/737 280/659/405 281/660/407 1110/1040/737
f 1108/1038/738 279/658/402 280/659/404 1109/1039/738
f 595/1047/739 85/656/400 279/658/400 1108/1038/739
f 594/1048/740 595/1047/740 1108/1038/740 1105/1031/740
f 593/1043/741 594/1048/741 1105/1031/741 1102/1030/741
f 22/563/742 218/985/742 3659/1049/742 3656/1050/742 3654/1051/742 3655/1052/742 3584/564/742
f 3665/1053/743 216/987/692 32/632/386 3591/637/390 3668/1054/743
f 217/986/690 216/987/689 3665/1053/744 3672/1055/744 3673/1056/744 3671/1057/744
f 218/985/745 217/986/745 3671/1057/745 3678/1058/745 3677/1059/745 3659/1049/745
f 1111/1060/746 3530/1061/746 3531/1062/746 3529/1063/746
f 537/1064/747 3541/1065/748 3538/1066/749
f 536/1067/750 537/1064/747 3538/1066/749 3537/1068/750 3513/1069/750 3514/1070/750
f 3530/1061/751 1111/1060/751 535/1071/751 536/1067/751 3514/1070/751 3519/1072/751 3518/1073/751 3524/1074/751
f 256/1075/752 35/1076/752 535/1071/752 1111/1060/752
f 3558/1077/753 255/1078/753 256/1075/753 1111/1060/753 3529/1063/753 3528/1079/753 3554/1080/753
f 3706/1081/754 254/1082/754 255/1078/754 3558/1077/754 3560/1083/754 3704/1084/754
f 254/1082/755 3706/1081/755 3710/1085/755 3712/1086/755 3711/1087/755
f 3732/1088/756 3718/1089/756 1112/1090/756 3707/1091/756
f 285/1092/757 3196/1093/757 3734/1094/757 3733/1095/757 3735/1096/757
f 3703/1097/758 286/1098/758 285/1092/758 3735/1096/758 3701/1099/758 3702/1100/758
f 1112/1090/759 287/1101/759 286/1098/759 3703/1097/759 3705/1102/759 3708/1103/759 3707/1091/759
f 1112/1090/760 304/1104/760 36/1105/760 287/1101/760
f 305/1106/761 304/1104/761 1112/1090/761 3718/1089/761 3719/1107/761 3713/1108/761 3714/1109/761 3724/1110/761
f 306/1111/762 305/1106/763 3724/1110/763 3727/1112/763 3728/1113/763 3729/1114/764
f 3730/1115/765 306/1111/762 3729/1114/764
f 1113/1116/766 1116/1117/767 1117/1118/768 1114/1119/768
f 1114/1119/769 1117/1118/769 1118/1120/769 1115/1121/769
f 1116/1117/770 1119/1122/770 1120/1123/770 1117/1118/770
f 1117/1118/771 1120/1123/771 1121/1124/771 1118/1120/771
f 312/1125/772 1113/1116/773 306/1126/774 3730/1127/772 3731/1128/772 3189/1129/772
f 306/1126/774 1113/1116/773 1114/1119/775 305/1130/775
f 305/1130/776 1114/1119/776 1115/1121/776 304/1131/776
f 304/1131/777 1115/1121/777 291/1132/777 36/1133/777
f 1115/1121/778 1118/1120/778 292/1134/778 291/1132/778
f 1118/1120/779 1121/1124/779 293/1135/779 292/1134/779
f 1121/1136/780 307/1137/780 38/1138/780 293/1139/780
f 1120/1140/781 308/1141/781 307/1137/781 1121/1136/781
f 1119/1142/782 309/1143/782 308/1141/782 1120/1140/782
f 314/1144/783 39/1145/783 309/1143/783 1119/1142/783
f 313/1146/784 314/1147/784 1119/1122/784 1116/1117/784
f 312/1125/785 313/1146/785 1116/1117/767 1113/1116/766
f 1126/1148/786 1123/1149/786 1122/1150/786 1125/1151/786
f 1127/1152/787 1124/1153/787 1123/1149/787 1126/1148/787
f 3721/1154/788 1128/1155/788 1126/1148/788 1125/1151/788 3726/1156/788 3720/1157/788
f 1127/1152/789 1126/1148/789 1128/1155/789 3717/1158/789 3716/1159/789 3715/1160/789
f 44/1161/790 310/1162/791 1122/1150/792 346/1163/792
f 346/1163/793 1122/1150/793 1123/1149/793 345/1164/793
f 345/1164/794 1123/1149/794 1124/1153/794 344/1165/794
f 300/1166/795 43/1167/795 344/1165/795 1124/1153/795
f 301/1168/796 300/1169/796 1124/1170/796 1127/1171/796
f 3350/1172/797 301/1168/797 1127/1171/797 3715/1173/797 3699/1174/797 3700/1175/797 3698/1176/797
f 3723/1177/798 3717/1158/798 1128/1155/798 3722/1178/798
f 1128/1155/799 3721/1154/799 3722/1178/799
f 3725/1179/800 3726/1156/800 1125/1151/800 311/1180/801 3152/1181/802 3709/1182/800
f 1125/1151/803 1122/1150/803 310/1162/803 311/1180/803
f 1129/1183/804 1132/1184/804 1133/1185/804 1130/1186/804
f 1130/1186/805 1133/1185/805 1134/1187/805 1131/1188/805
f 1132/1184/806 1135/1189/806 1136/1190/806 1133/1185/806
f 1133/1185/807 1136/1190/807 1137/1191/807 1134/1187/807
f 67/624/808 259/623/808 1129/1183/808 428/1192/808
f 428/1192/809 1129/1183/809 1130/1186/809 429/1193/809
f 429/1193/810 1130/1186/810 1131/1188/810 430/1194/810
f 430/1194/811 1131/1188/811 453/1195/811 90/1196/811
f 1131/1188/812 1134/1187/812 452/1197/812 453/1195/812
f 1137/1191/813 451/1198/813 452/1197/813 1134/1187/813
f 3548/1199/814 451/1200/814 1137/1201/814 254/1082/814 3711/1087/814 3736/1202/814 3737/1203/814
f 254/1082/815 1137/1201/815 1136/1204/815 255/1078/815
f 255/1078/816 1136/1204/816 1135/1205/816 256/1075/816
f 257/1206/817 35/1076/817 256/1075/817 1135/1205/817
f 258/1207/818 257/1208/818 1135/1189/818 1132/1184/818
f 259/623/819 258/1207/819 1132/1184/819 1129/1183/819
f 3078/1209/820 1138/1210/820 1139/1211/820 1140/1212/820 3076/1213/820 3077/1214/820
f 3076/1215/821 1140/1216/821 1141/1217/821 3088/1218/821 3090/1219/821
f 1139/1211/822 1142/1220/822 1143/1221/822 1140/1212/822
f 1140/1212/823 1143/1221/823 1144/1222/823 1141/1223/823
f 3099/680/824 275/679/824 1138/1224/824 3096/1225/824 3095/1226/824 3098/1227/824
f 1138/1210/825 3078/1209/825 3096/1228/825
f 3088/1218/826 1141/1217/826 3102/1229/826
f 3110/1230/827 3102/1229/827 1141/1217/827 1144/1231/827 434/1232/827 3112/1233/827 3111/1234/827 3113/1235/827
f 1144/1222/828 276/1236/828 70/1237/828 434/1238/828
f 1143/1221/829 277/1239/829 276/1236/829 1144/1222/829
f 1142/1220/830 278/1240/830 277/1239/830 1143/1221/830
f 273/686/831 66/689/831 278/1019/831 1142/1241/831
f 274/1242/832 273/1243/832 1142/1220/832 1139/1211/832
f 275/1244/833 274/1242/833 1139/1211/833 1138/1210/833
f 1145/1245/834 1148/1246/834 1149/1247/834 1146/1248/834
f 1146/1248/835 1149/1247/835 1150/1249/835 1147/1250/835
f 1148/1246/836 1151/1251/836 1152/1252/836 1149/1247/836
f 1149/1247/837 1152/1252/837 1153/1253/837 1150/1249/837
f 68/617/838 284/616/838 1145/1245/838 544/1029/838
f 544/1029/839 1145/1245/839 1146/1248/839 545/1028/839
f 545/1028/840 1146/1248/840 1147/1250/840 546/1026/840
f 546/1026/841 1147/1250/841 558/1254/842 91/1027/719
f 1147/1250/843 1150/1249/843 557/1255/844 558/1254/845
f 1150/1249/846 1153/1253/846 556/1256/847 557/1255/848
f 1153/1253/849 430/1257/849 90/1258/849 556/1256/849
f 1152/1252/850 429/1259/850 430/1257/850 1153/1253/850
f 1151/1251/851 428/1260/851 429/1259/851 1152/1252/851
f 282/621/852 67/1261/852 428/1260/852 1151/1251/852
f 283/619/853 282/621/853 1151/1251/853 1148/1246/853
f 284/616/854 283/619/854 1148/1246/854 1145/1245/854
f 1157/1262/855 1155/1263/855 1154/1264/855 3126/1265/855 3127/1266/855 3128/1267/855 3124/1268/855 3125/1269/855
f 1158/1270/856 1156/1271/856 1155/1272/856 1157/1273/856
f 3125/1269/857 3135/1274/857 1157/1262/857
f 3139/1275/858 3138/1276/858 1158/1270/858 1157/1273/858 3135/1277/858
f 3145/1278/859 3144/1279/859 1154/1264/859 342/1280/859 45/1281/859 3149/1282/859 3147/1283/859
f 342/1280/860 1154/1264/860 1155/1263/860 341/1284/860
f 341/1285/861 1155/1272/861 1156/1271/861 340/1286/861
f 340/1286/862 1156/1271/862 310/1162/791 44/1161/790
f 1158/1270/863 311/1180/863 310/1162/863 1156/1271/863
f 311/1180/801 1158/1270/864 3138/1276/864 3152/1181/802
f 1154/1264/865 3144/1279/865 3161/1287/865 3162/1288/865 3126/1265/865
f 1159/1289/866 1162/1290/866 1163/1291/866 1160/1292/866
f 1160/1292/867 1163/1291/867 1164/1293/867 1161/1294/867
f 1162/1290/868 1165/1295/868 1166/1296/868 1163/1291/868
f 1163/1291/869 1166/1296/869 1167/1297/869 1164/1293/869
f 3169/1298/870 290/1299/870 1159/1300/870 3166/1301/870 3165/1302/870
f 3166/1301/871 1159/1300/871 1160/1303/871 3171/1304/871 3173/1305/871 3172/1306/871
f 3171/1307/872 1160/1292/872 1161/1294/872 3180/1308/872 3179/1309/872 3183/1310/872
f 1161/1294/873 312/1125/873 3189/1129/873 3186/1311/873 3187/1312/873 3180/1308/873
f 1161/1294/874 1164/1293/874 313/1146/874 312/1125/874
f 1164/1293/875 1167/1297/875 314/1147/875 313/1146/875
f 1167/1313/876 294/1314/876 39/1145/876 314/1144/876
f 1166/1315/877 295/1316/877 294/1314/877 1167/1313/877
f 1165/1317/878 296/1318/878 295/1316/878 1166/1315/878
f 288/1319/879 37/1320/879 296/1318/879 1165/1317/879
f 289/1321/880 288/1322/880 1165/1295/880 1162/1290/880
f 290/1323/881 289/1321/881 1162/1290/881 1159/1289/881
f 1168/1324/882 1171/1325/882 1172/1326/882 1169/1327/882
f 1169/1327/883 1172/1326/883 1173/1328/883 1170/1329/883
f 1171/1325/884 1174/1330/884 1175/1331/884 1172/1326/884
f 1172/1326/885 1175/1331/885 1176/1332/885 1173/1328/885
f 37/1320/886 299/1333/886 1168/1324/886 296/1318/886
f 296/1318/887 1168/1324/887 1169/1327/887 295/1316/887
f 295/1316/888 1169/1327/888 1170/1329/888 294/1314/888
f 294/1314/889 1170/1329/889 321/1334/889 39/1145/889
f 1170/1329/890 1173/1328/890 322/1335/890 321/1334/890
f 1173/1328/891 1176/1332/891 323/1336/891 322/1335/891
f 1176/1332/892 324/1337/892 42/1338/892 323/1336/892
f 1175/1331/893 325/1339/894 324/1337/895 1176/1332/893
f 1174/1330/896 326/1340/896 325/1339/896 1175/1331/896
f 297/1341/897 40/1342/897 326/1340/897 1174/1330/897
f 298/1343/898 297/1341/898 1174/1330/898 1171/1325/898
f 299/1333/899 298/1343/899 1171/1325/899 1168/1324/899
f 1177/1344/900 1180/1345/900 1181/1346/900 1178/1347/900
f 1178/1347/901 1181/1346/901 1182/1348/901 1179/1349/901
f 1180/1345/902 1183/1350/902 1184/1351/902 1181/1346/902
f 1181/1346/903 1184/1351/903 1185/1352/903 1182/1348/903
f 38/1138/904 318/1353/904 1177/1354/904 293/1139/904
f 293/1355/905 1177/1344/905 1178/1347/905 292/1356/905
f 292/1356/906 1178/1347/906 1179/1349/906 291/1357/906
f 291/1357/907 1179/1349/907 287/1358/907 36/1359/907
f 286/1360/908 287/1358/908 1179/1349/908 1182/1348/908
f 285/1361/909 286/1360/909 1182/1348/909 1185/1352/909
f 285/1361/910 1185/1352/910 327/1362/910 3199/1363/910 3198/1364/910 3197/1365/910 3196/1366/910
f 327/1362/911 1185/1352/911 1184/1351/911 328/1367/911
f 1183/1350/912 329/1368/912 328/1367/912 1184/1351/912
f 320/1369/913 41/1370/913 329/1371/913 1183/1372/913
f 319/1373/914 320/1369/914 1183/1372/914 1180/1374/914
f 318/1353/915 319/1373/915 1180/1374/915 1177/1354/915
f 3202/1375/916 3201/1376/916 1189/1377/916 1187/1378/916 1186/1379/916 3203/1380/916
f 1187/1381/917 1189/1382/917 1190/1383/917 1188/1384/917
f 3218/1385/918 1191/1386/918 1189/1377/918 3201/1376/918 3213/1387/918
f 1189/1382/919 1191/1388/919 1192/1389/919 1190/1383/919
f 3222/1390/920 3228/1391/920 1186/1392/920 290/1299/920 3169/1298/920 3223/1393/920
f 290/1394/921 1186/1379/921 1187/1378/921 289/1395/921
f 289/1396/922 1187/1381/922 1188/1384/922 288/1397/922
f 288/1397/923 1188/1384/923 299/1398/923 37/1399/923
f 1188/1384/924 1190/1383/924 298/1400/924 299/1398/924
f 1190/1383/925 1192/1389/925 297/1401/925 298/1400/925
f 1192/1389/926 330/1402/926 40/1403/926 297/1401/926
f 3233/1404/927 3232/1405/927 330/1402/927 1192/1389/927 1191/1388/927 3236/1406/927 3235/1407/927 3234/1408/927
f 3218/1385/928 3236/1409/928 1191/1386/928
f 3228/1410/929 3203/1380/929 1186/1379/929
f 1193/1411/930 1196/1412/930 1197/1413/930 1194/1414/930
f 1194/1414/931 1197/1413/931 1198/1415/931 1195/1416/931
f 1196/1412/932 1199/1417/932 1200/1418/932 1197/1413/932
f 1197/1413/933 1200/1418/933 1201/1419/933 1198/1415/933
f 39/1145/934 321/1334/934 1193/1411/934 309/1143/934
f 309/1143/935 1193/1411/935 1194/1414/935 308/1141/935
f 308/1141/936 1194/1414/936 1195/1416/936 307/1137/936
f 307/1137/937 1195/1416/937 318/1353/937 38/1138/937
f 1195/1416/938 1198/1415/938 319/1373/938 318/1353/938
f 1198/1415/939 1201/1419/939 320/1369/939 319/1373/939
f 1201/1419/940 331/1420/940 41/1370/940 320/1369/940
f 1200/1418/941 332/1421/942 331/1420/943 1201/1419/941
f 1199/1417/944 333/1422/945 332/1421/946 1200/1418/944
f 323/1336/947 42/1338/948 333/1422/949 1199/1417/947
f 322/1335/950 323/1336/950 1199/1417/950 1196/1412/950
f 321/1334/951 322/1335/951 1196/1412/951 1193/1411/951
f 1202/1423/952 1205/1424/952 1206/1425/952 1203/1426/952
f 1203/1426/953 1206/1425/953 1207/1427/953 1204/1428/953
f 1205/1424/954 1208/1429/954 1209/1430/954 1206/1425/954
f 1206/1425/955 1209/1430/955 1210/1431/955 1207/1427/955
f 40/1403/956 317/1432/956 1202/1433/956 326/1434/956
f 326/1340/957 1202/1423/957 1203/1426/957 325/1339/957
f 325/1339/894 1203/1426/958 1204/1428/958 324/1337/895
f 324/1337/959 1204/1428/960 337/1435/961 42/1338/948
f 1204/1428/960 1207/1427/962 338/1436/963 337/1435/961
f 1207/1427/964 1210/1431/964 339/1437/965 338/1436/966
f 1210/1431/967 340/1286/967 44/1161/968 339/1437/969
f 1209/1430/970 341/1285/970 340/1286/970 1210/1431/970
f 1208/1429/971 342/1438/971 341/1285/971 1209/1430/971
f 315/1439/972 45/1281/972 342/1280/972 1208/1440/972
f 316/1441/973 315/1439/973 1208/1440/973 1205/1442/973
f 317/1432/974 316/1441/974 1205/1442/974 1202/1433/974
f 1211/1443/975 1214/1444/975 1215/1445/975 1212/1446/975
f 1212/1446/976 1215/1445/976 3252/1447/976 3249/1448/976 3248/1449/976 1213/1450/976
f 1215/1445/977 1214/1444/977 1216/1451/977 1217/1452/977
f 3257/1453/978 3252/1447/978 1215/1445/978 1217/1452/978 3265/1454/978 3264/1455/978 3258/1456/978
f 41/1457/979 334/1458/979 1211/1443/979 329/1368/979
f 329/1368/980 1211/1443/980 1212/1446/980 328/1367/980
f 327/1362/981 328/1367/981 1212/1446/981 1213/1450/981
f 3199/1363/982 327/1362/982 1213/1450/982 3273/1459/982 3274/1460/982 3271/1461/982
f 3273/1459/983 1213/1450/983 3248/1449/983 3287/1462/983 3280/1463/983
f 3265/1454/984 1217/1452/984 3293/1464/984
f 1216/1451/985 343/1465/985 3300/1466/985 3298/1467/985 3297/1468/985 3293/1464/985 1217/1452/985
f 1216/1451/986 336/1469/986 43/1470/986 343/1465/986
f 335/1471/987 336/1469/987 1216/1451/987 1214/1444/987
f 334/1458/988 335/1471/988 1214/1444/988 1211/1443/988
f 3336/1472/989 1219/1473/989 1218/1474/989 3329/1475/989 3330/1476/989 3328/1477/989
f 1219/1473/990 3336/1472/990 3338/1478/990
f 1218/1474/991 330/1402/991 3232/1405/991 3343/1479/991 3349/1480/991 3329/1475/991
f 330/1402/992 1218/1474/992 317/1432/992 40/1403/992
f 1218/1474/993 1219/1473/993 316/1441/993 317/1432/993
f 3359/1481/994 3358/1482/994 315/1439/994 316/1441/994 1219/1473/994 3338/1478/994 3360/1483/994
f 45/1281/995 315/1439/995 3358/1482/995 3367/1484/995 3373/1485/995 3357/1486/995
f 1220/1487/996 1223/1488/997 1224/1489/997 1221/1490/998
f 1221/1490/999 1224/1489/999 1225/1491/999 1222/1492/999
f 1223/1488/1000 1226/1493/1000 1227/1494/1000 1224/1489/1000
f 1224/1489/1001 1227/1494/1001 1228/1495/1001 1225/1491/1001
f 42/1338/948 337/1435/961 1220/1487/1002 333/1422/949
f 333/1422/945 1220/1487/996 1221/1490/998 332/1421/946
f 332/1421/942 1221/1490/1003 1222/1492/1003 331/1420/943
f 331/1420/1004 1222/1492/1004 334/1496/1004 41/1370/1004
f 1222/1492/1005 1225/1491/1005 335/1497/1005 334/1496/1005
f 1225/1491/1006 1228/1495/1006 336/1498/1006 335/1497/1006
f 1228/1495/1007 344/1165/1007 43/1167/1007 336/1498/1007
f 1227/1494/1008 345/1164/1008 344/1165/1008 1228/1495/1008
f 1226/1493/1009 346/1163/1009 345/1164/1009 1227/1494/1009
f 339/1437/969 44/1161/968 346/1163/1010 1226/1493/1010
f 338/1436/966 339/1437/965 1226/1493/1011 1223/1488/1011
f 337/1435/961 338/1436/963 1223/1488/1012 1220/1487/1002
f 1229/1499/1013 1232/1500/1013 1233/1501/1013 1230/1502/1013
f 1230/1502/1014 1233/1501/1014 1234/1503/1014 1231/1504/1014
f 1232/1500/1015 1235/1505/1015 1236/1506/1015 1233/1501/1015
f 1233/1501/1016 1236/1506/1016 1237/1507/1016 1234/1503/1016
f 62/1508/1017 419/1509/1017 1229/1499/1017 441/1510/1017
f 441/1510/1018 1229/1499/1018 1230/1502/1018 440/1511/1018
f 440/1511/1019 1230/1502/1019 1231/1504/1019 439/1512/1019
f 439/1512/1020 1231/1504/1020 367/1513/1020 55/1514/1020
f 1231/1504/1021 1234/1503/1021 366/1515/1021 367/1513/1021
f 1234/1503/1022 1237/1507/1022 365/1516/1023 366/1515/1024
f 1237/1507/1025 413/1517/1026 53/1518/1027 365/1516/1028
f 1236/1506/1029 412/1519/1029 413/1517/1029 1237/1507/1029
f 1235/1505/1030 411/1520/1030 412/1519/1030 1236/1506/1030
f 417/1521/1031 59/1522/1031 411/1520/1031 1235/1505/1031
f 418/1523/1032 417/1521/1032 1235/1505/1032 1232/1500/1032
f 419/1509/1033 418/1523/1033 1232/1500/1033 1229/1499/1033
f 1238/1524/1034 1241/1525/1034 1242/1526/1034 1239/1527/1034
f 1239/1527/1035 1242/1526/1035 1243/1528/1035 1240/1529/1035
f 1241/1525/1036 1244/1530/1036 1245/1531/1036 1242/1526/1036
f 1242/1526/1037 1245/1531/1037 1246/1532/1037 1243/1528/1037
f 51/1533/1038 382/1534/1038 1238/1524/1038 388/1535/1038
f 388/1535/1039 1238/1524/1039 1239/1527/1039 387/1536/1039
f 387/1536/1040 1239/1527/1040 1240/1529/1040 386/1537/1040
f 386/1537/1041 1240/1529/1041 370/1538/1041 57/1539/1041
f 1240/1529/1042 1243/1528/1042 369/1540/1042 370/1538/1042
f 1243/1528/1043 1246/1532/1043 368/1541/1043 369/1540/1043
f 1246/1532/1044 391/1542/1045 52/1543/1046 368/1541/1046
f 1245/1531/1047 390/1544/1047 391/1542/1045 1246/1532/1044
f 1244/1530/1048 389/1545/1048 390/1544/1048 1245/1531/1048
f 380/1546/1049 46/1547/1049 389/1545/1049 1244/1530/1049
f 381/1548/1050 380/1546/1050 1244/1530/1050 1241/1525/1050
f 382/1534/1051 381/1548/1051 1241/1525/1051 1238/1524/1051
f 1247/1549/1052 1250/1550/1052 1251/1551/1052 1248/1552/1052
f 1248/1552/1053 1251/1551/1053 1252/1553/1053 1249/1554/1053
f 1250/1550/1054 1253/1555/1054 1254/1556/1054 1251/1551/1054
f 1251/1551/1055 1254/1556/1055 1255/1557/1055 1252/1553/1055
f 65/1558/1056 459/1559/1056 1247/1560/1056 462/1561/1056
f 462/1562/1057 1247/1549/1057 1248/1552/1057 461/1563/1057
f 461/1564/1058 1248/1565/1058 1249/1566/1058 460/1567/1058
f 460/1567/1059 1249/1566/1059 419/1509/1059 62/1508/1059
f 1249/1566/1060 1252/1568/1060 418/1523/1060 419/1509/1060
f 1252/1568/1061 1255/1569/1061 417/1521/1061 418/1523/1061
f 1255/1569/1062 400/1570/1062 59/1522/1062 417/1521/1062
f 1254/1556/1063 399/1571/1063 400/1572/1063 1255/1557/1063
f 1253/1555/1064 398/1573/1064 399/1571/1064 1254/1556/1064
f 457/1574/1065 60/1575/1065 398/1576/1065 1253/1577/1065
f 458/1578/1066 457/1574/1066 1253/1577/1066 1250/1579/1066
f 459/1559/1067 458/1578/1067 1250/1579/1067 1247/1560/1067
f 1256/1580/1068 1259/1581/1068 1260/1582/1068 1257/1583/1068
f 1257/1583/1069 1260/1582/1069 1261/1584/1069 1258/1585/1069
f 1259/1581/1070 1262/1586/1070 1263/1587/1070 1260/1582/1070
f 1260/1582/1071 1263/1587/1071 1264/1588/1071 1261/1584/1071
f 87/136/1072 571/139/1072 1256/1589/1072 552/1590/1072
f 552/1590/1073 1256/1589/1073 1257/1591/1073 551/1592/1073
f 551/1593/1074 1257/1583/1074 1258/1585/1074 550/1594/1074
f 550/1594/1075 1258/1585/1075 382/1534/1075 51/1533/1075
f 1258/1585/1076 1261/1584/1076 381/1548/1076 382/1534/1076
f 1261/1584/1077 1264/1588/1077 380/1546/1077 381/1548/1077
f 1264/1588/1078 358/1595/1078 46/1547/1078 380/1546/1078
f 1263/1587/1079 357/1596/1079 358/1595/1079 1264/1588/1079
f 1262/1586/1080 356/1597/1080 357/1596/1080 1263/1587/1080
f 573/145/1081 86/147/1081 356/1598/1081 1262/1599/1081
f 572/143/1082 573/145/1082 1262/1599/1082 1259/1600/1082
f 571/139/1083 572/1601/1083 1259/1602/1083 1256/1589/1083
f 1265/1603/1084 1268/1604/1084 1269/1605/1084 1266/1606/1084
f 1266/1606/1085 1269/1605/1085 1270/1607/1085 1267/1608/1085
f 1268/1604/1086 1271/1609/1086 1272/1610/1086 1269/1605/1086
f 1269/1605/1087 1272/1610/1087 1273/1611/1087 1270/1607/1087
f 57/1612/1088 373/1613/1088 1265/1614/1088 386/1615/1088
f 386/1616/1089 1265/1603/1089 1266/1606/1089 387/1617/1089
f 387/1617/1090 1266/1606/1090 1267/1608/1090 388/1618/1090
f 388/1618/1091 1267/1608/1091 379/1619/1091 51/1620/1091
f 1267/1608/1092 1270/1607/1092 378/1621/1092 379/1619/1092
f 1270/1607/1093 1273/1611/1093 377/1622/1093 378/1621/1093
f 1273/1611/1094 448/1623/1094 47/1624/1094 377/1622/1094
f 1272/1610/1095 449/1625/1095 448/1623/1095 1273/1611/1095
f 1271/1609/1096 450/1626/1096 449/1625/1096 1272/1610/1096
f 371/1627/1097 55/1628/1097 450/1626/1097 1271/1609/1097
f 372/1629/1098 371/1627/1098 1271/1609/1098 1268/1604/1098
f 373/1630/1099 372/1629/1099 1268/1604/1099 1265/1603/1099
f 1274/1631/1100 1277/1632/1100 1278/1633/1100 1275/1634/1100
f 1275/1634/1101 1278/1633/1101 1279/1635/1101 1276/1636/1101
f 3380/1637/1102 1280/1638/1102 1278/1633/1102 1277/1632/1102 3383/1639/1102 3381/1640/1102
f 1278/1633/1103 1280/1638/1103 1281/1641/1103 1279/1635/1103
f 86/147/1104 574/1642/1104 1274/1643/1104 356/1598/1104
f 356/1597/1105 1274/1631/1105 1275/1634/1105 357/1596/1105
f 357/1596/1106 1275/1634/1106 1276/1636/1106 358/1595/1106
f 358/1595/1107 1276/1636/1107 444/1644/1107 46/1547/1107
f 1276/1636/1108 1279/1635/1108 443/1645/1108 444/1644/1108
f 1279/1635/1109 1281/1641/1109 442/1646/1109 443/1645/1109
f 407/1647/1110 48/1648/1110 442/1649/1110 1281/1650/1110
f 407/1647/1111 1281/1650/1111 1280/1651/1111 3387/1652/1111 3320/1653/1111
f 1280/1651/1112 3380/1654/1112 3387/1652/1112
f 1277/1655/1113 3394/1656/1113 3383/1657/1113
f 1277/1655/1114 1274/1643/1114 574/1642/1114 3094/1658/1114 3400/1658/1114 3394/1656/1114
f 1282/1659/1115 1285/1660/1115 1286/1661/1115 1283/1662/1115
f 1283/1662/1116 1286/1661/1116 1287/1663/1116 1284/1664/1116
f 1285/1660/1117 1288/1665/1117 1289/1666/1117 1286/1661/1117
f 1286/1661/1118 1289/1666/1118 1290/1667/1118 1287/1663/1118
f 54/1668/1119 394/1669/1119 1282/1659/1119 362/1670/1119
f 362/1670/1120 1282/1659/1120 1283/1662/1120 363/1671/1120
f 363/1671/1121 1283/1662/1121 1284/1664/1121 364/1672/1121
f 364/1672/1122 1284/1664/1122 385/1673/1122 50/1674/1122
f 1284/1664/1123 1287/1663/1123 384/1675/1123 385/1673/1123
f 383/1676/1124 384/1675/1124 1287/1663/1124 1290/1667/1124
f 1290/1667/1125 401/1677/1125 48/1648/1125 383/1676/1125
f 1289/1666/1126 402/1678/1126 401/1677/1126 1290/1667/1126
f 1288/1665/1127 403/1679/1127 402/1678/1127 1289/1666/1127
f 392/1680/1128 56/1681/1128 403/1679/1128 1288/1665/1128
f 393/1682/1129 392/1680/1129 1288/1665/1129 1285/1660/1129
f 394/1669/1130 393/1682/1130 1285/1660/1130 1282/1659/1130
f 1291/1683/1131 1294/1684/1131 1295/1685/1131 1292/1686/1131
f 1292/1686/1132 1295/1685/1132 1296/1687/1132 1293/1688/1132
f 1294/1684/1133 1297/1689/1133 1298/1690/1133 1295/1685/1133
f 1295/1685/1134 1298/1690/1134 1299/1691/1134 1296/1687/1134
f 57/1539/1135 370/1538/1135 1291/1683/1135 406/1692/1135
f 406/1692/1136 1291/1683/1136 1292/1686/1136 405/1693/1136
f 405/1693/1137 1292/1686/1137 1293/1688/1137 404/1694/1137
f 404/1694/1138 1293/1688/1138 459/1559/1138 65/1558/1138
f 1293/1688/1139 1296/1687/1139 458/1578/1139 459/1559/1139
f 1296/1687/1140 1299/1691/1140 457/1574/1140 458/1578/1140
f 1299/1691/1141 416/1695/1141 60/1575/1141 457/1574/1141
f 1298/1690/1142 415/1696/1143 416/1695/1144 1299/1691/1142
f 1297/1689/1145 414/1697/1146 415/1696/1147 1298/1690/1145
f 368/1541/1148 52/1543/1148 414/1697/1148 1297/1689/1148
f 369/1540/1149 368/1541/1149 1297/1689/1149 1294/1684/1149
f 370/1538/1150 369/1540/1150 1294/1684/1150 1291/1683/1150
f 1300/1698/1151 1303/1699/1151 1304/1700/1151 1301/1701/1151
f 1301/1701/1152 1304/1700/1152 1305/1702/1152 1302/1703/1152
f 1303/1699/1153 1306/1704/1153 1307/1705/1153 1304/1700/1153
f 1304/1700/1154 1307/1705/1154 1308/1706/1154 1305/1702/1154
f 59/1522/1155 410/1707/1155 1300/1698/1155 411/1520/1155
f 411/1520/1156 1300/1698/1156 1301/1701/1156 412/1519/1156
f 412/1519/1157 1301/1701/1157 1302/1703/1157 413/1517/1157
f 413/1517/1026 1302/1703/1158 447/1708/1159 53/1518/1027
f 1302/1703/1160 1305/1702/1160 446/1709/1161 447/1708/1162
f 1305/1702/1163 1308/1706/1163 445/1710/1164 446/1709/1165
f 1308/1706/1166 397/1711/1166 54/1712/1166 445/1710/1166
f 1307/1705/1167 396/1713/1167 397/1711/1167 1308/1706/1167
f 1306/1704/1168 395/1714/1168 396/1713/1168 1307/1705/1168
f 408/1715/1169 61/1716/1169 395/1714/1169 1306/1704/1169
f 409/1717/1170 408/1715/1170 1306/1704/1170 1303/1699/1170
f 410/1707/1171 409/1717/1171 1303/1699/1171 1300/1698/1171
f 1309/1718/1172 1312/1719/1172 1313/1720/1172 1310/1721/1172
f 1310/1721/1173 1313/1720/1173 1314/1722/1173 1311/1723/1173
f 1312/1719/1174 1315/1724/1174 1316/1725/1174 1313/1720/1174
f 1313/1720/1175 1316/1725/1175 1317/1726/1175 1314/1722/1175
f 46/1547/1176 444/1644/1176 1309/1718/1176 389/1545/1176
f 389/1545/1177 1309/1718/1177 1310/1721/1177 390/1544/1177
f 390/1544/1178 1310/1721/1178 1311/1723/1179 391/1542/1180
f 391/1542/1180 1311/1723/1179 376/1727/1181 52/1543/1182
f 1311/1723/1183 1314/1722/1183 375/1728/1183 376/1727/1183
f 1314/1722/1184 1317/1726/1184 374/1729/1184 375/1728/1184
f 1317/1726/1185 403/1730/1185 56/1731/1185 374/1729/1185
f 1316/1725/1186 402/1732/1186 403/1730/1186 1317/1726/1186
f 1315/1724/1187 401/1733/1187 402/1732/1187 1316/1725/1187
f 442/1646/1188 48/1734/1188 401/1733/1188 1315/1724/1188
f 443/1645/1189 442/1646/1189 1315/1724/1189 1312/1719/1189
f 444/1644/1190 443/1645/1190 1312/1719/1190 1309/1718/1190
f 3414/1735/1191 1318/1736/1191 1319/1737/1191 3408/1738/1191 3415/1739/1191 3413/1740/1191
f 3408/1738/1192 1319/1737/1192 3417/1741/1192
f 3433/1742/1193 541/1743/1193 94/1000/1193 3428/1744/1193 3427/1745/1193 3434/1746/1193
f 3417/1741/1194 1319/1737/1194 542/1747/1194 541/1743/1194 3433/1742/1194 3441/1748/1194 3443/1749/1194
f 1318/1736/1195 543/1750/1195 542/1747/1195 1319/1737/1195
f 434/1232/1196 70/1751/1196 543/1750/1196 1318/1736/1196
f 3112/1233/1197 434/1232/1197 1318/1736/1197 3414/1735/1197 3447/1752/1197 3452/1753/1197
f 1320/1754/1198 1323/1755/1198 1324/1756/1198 1321/1757/1198
f 1321/1757/1199 1324/1756/1199 1325/1758/1199 1322/1759/1199
f 1323/1755/1200 1326/1760/1200 1327/1761/1200 1324/1756/1200
f 1324/1756/1201 1327/1761/1201 1328/1762/1201 1325/1758/1201
f 47/1624/1202 352/1763/1202 1320/1764/1202 361/1765/1202
f 361/1765/1203 1320/1764/1203 1321/1766/1203 360/1767/1203
f 360/1767/1204 1321/1766/1204 1322/1768/1204 359/1769/1204
f 359/1769/1205 1322/1768/1205 433/1770/1205 63/1771/1205
f 1322/1768/1206 1325/1772/1206 432/1773/1206 433/1770/1206
f 431/1774/1207 432/1775/1207 1325/1776/1207 1328/1777/1207
f 58/1778/1208 431/1779/1208 1328/1762/1208 422/1780/1208
f 1327/1761/1209 421/1781/1210 422/1780/1211 1328/1762/1209
f 1326/1760/1212 420/1782/1213 421/1781/1214 1327/1761/1212
f 350/1783/1215 49/1784/1216 420/1782/1217 1326/1760/1215
f 351/1785/1218 350/1783/1218 1326/1760/1218 1323/1755/1218
f 352/1786/1219 351/1785/1219 1323/1755/1219 1320/1754/1219
f 1329/1787/1220 1332/1788/1220 1333/1789/1220 1330/1790/1220
f 1330/1790/1221 1333/1789/1221 1334/1791/1221 1331/1792/1221
f 1332/1788/1222 1335/1793/1222 1336/1794/1222 1333/1789/1222
f 1333/1789/1223 1336/1794/1223 1337/1795/1223 1334/1791/1223
f 61/1796/1224 456/1797/1224 1329/1787/1224 395/1798/1224
f 395/1798/1225 1329/1787/1225 1330/1790/1225 396/1799/1225
f 396/1799/1226 1330/1790/1226 1331/1792/1226 397/1800/1226
f 397/1800/1227 1331/1792/1227 394/1669/1227 54/1668/1227
f 1331/1792/1228 1334/1791/1228 393/1682/1228 394/1669/1228
f 1334/1791/1229 1337/1795/1229 392/1680/1229 393/1682/1229
f 1337/1801/1230 463/1802/1230 56/1731/1230 392/1803/1230
f 1336/1804/1231 464/1805/1231 463/1802/1231 1337/1801/1231
f 1335/1806/1232 465/1807/1232 464/1805/1232 1336/1804/1232
f 454/1808/1233 64/1809/1233 465/1807/1233 1335/1806/1233
f 455/1810/1234 454/1811/1234 1335/1793/1234 1332/1788/1234
f 456/1797/1235 455/1810/1235 1332/1788/1235 1329/1787/1235
f 1338/1812/1236 1341/1813/1236 1342/1814/1236 1339/1815/1236
f 1339/1815/1237 1342/1814/1237 1343/1816/1237 1340/1817/1237
f 1341/1813/1238 1344/1818/1238 1345/1819/1238 1342/1814/1238
f 1342/1814/1239 1345/1819/1239 1346/1820/1239 1343/1816/1239
f 65/1821/1240 462/1822/1240 1338/1812/1240 404/1823/1240
f 404/1823/1241 1338/1812/1241 1339/1815/1241 405/1824/1241
f 405/1824/1242 1339/1815/1242 1340/1817/1242 406/1825/1242
f 406/1825/1243 1340/1817/1243 373/1613/1243 57/1612/1243
f 1340/1817/1244 1343/1816/1244 372/1826/1244 373/1613/1244
f 1343/1827/1245 1346/1828/1245 371/1627/1245 372/1629/1245
f 1346/1829/1246 439/1512/1246 55/1514/1246 371/1830/1246
f 1345/1831/1247 440/1511/1247 439/1512/1247 1346/1829/1247
f 1344/1832/1248 441/1510/1248 440/1511/1248 1345/1831/1248
f 460/1567/1249 62/1508/1249 441/1510/1249 1344/1832/1249
f 461/1833/1250 460/1834/1250 1344/1818/1250 1341/1813/1250
f 462/1822/1251 461/1833/1251 1341/1813/1251 1338/1812/1251
f 1347/1835/1252 1350/1836/1252 1351/1837/1252 1348/1838/1252
f 1348/1838/1253 1351/1837/1253 1352/1839/1253 1349/1840/1253
f 1350/1836/1254 1353/1841/1254 1354/1842/1254 1351/1837/1254
f 1351/1837/1255 1354/1842/1255 1355/1843/1255 1352/1839/1255
f 100/155/1256 647/1844/1256 1347/1835/1256 641/153/1256
f 641/153/1257 1347/1835/1257 1348/1838/1257 640/152/1257
f 640/152/1258 1348/1838/1258 1349/1840/1258 639/151/1258
f 639/151/1259 1349/1840/1259 648/11/1259 95/10/1259
f 1349/1840/1260 1352/1839/1260 649/25/1260 648/11/1260
f 1352/1839/1261 1355/1843/1262 650/23/1263 649/25/1261
f 1355/1843/1262 627/1845/1264 101/24/1264 650/23/1263
f 1354/1842/1265 628/1846/1265 627/1845/1265 1355/1843/1265
f 1353/1841/1266 629/1847/1266 628/1846/1266 1354/1842/1266
f 645/1848/1267 106/1849/1267 629/1847/1267 1353/1841/1267
f 646/1850/1268 645/1848/1268 1353/1841/1268 1350/1836/1268
f 647/1844/1269 646/1850/1269 1350/1836/1269 1347/1835/1269
f 1356/1851/1270 1359/1852/1270 1360/1853/1270 1357/1854/1270
f 1361/1855/1271 1358/1856/1271 1357/1854/1271 1360/1853/1271
f 1359/1852/1272 1362/1857/1272 1363/1858/1272 1360/1853/1272
f 1364/1859/1273 1361/1855/1273 1360/1853/1273 1363/1858/1273
f 49/1784/1216 349/1860/1274 1356/1851/1274 420/1782/1217
f 420/1782/1213 1356/1851/1275 1357/1854/1275 421/1781/1214
f 421/1781/1210 1357/1854/1276 1358/1856/1276 422/1780/1211
f 435/1861/1277 58/1778/1277 422/1780/1277 1358/1856/1277
f 3272/1862/1278 435/1861/1278 1358/1856/1278 1361/1855/1278 3483/1863/1278 3480/1864/1278
f 1361/1865/1279 1364/1866/1279 3487/1867/1279 3486/1868/1279 3483/1869/1279
f 3487/1870/1280 1364/1871/1280 438/1872/1280 3301/1873/1280
f 438/1872/1281 1364/1871/1281 1363/1874/1281 437/1875/1281
f 1362/1876/1282 436/1877/1282 437/1875/1282 1363/1874/1282
f 347/1878/1283 50/1674/1283 436/1877/1283 1362/1876/1283
f 348/1879/1284 347/1880/1284 1362/1857/1284 1359/1852/1284
f 349/1860/1285 348/1879/1285 1359/1852/1285 1356/1851/1285
f 1365/1881/1286 1368/1882/1286 1369/1883/1286 1366/1884/1286
f 1366/1884/1287 1369/1883/1287 1370/1885/1287 1367/1886/1287
f 1368/1882/1288 1371/1887/1288 1372/1888/1288 1369/1883/1288
f 1369/1883/1289 1372/1888/1289 1373/1889/1289 1370/1885/1289
f 55/1514/1290 367/1513/1290 1365/1881/1290 450/1890/1290
f 450/1890/1291 1365/1881/1291 1366/1884/1291 449/1891/1291
f 449/1891/1292 1366/1884/1292 1367/1886/1292 448/1892/1292
f 448/1892/1293 1367/1886/1293 352/1786/1293 47/1893/1293
f 1367/1886/1294 1370/1885/1294 351/1785/1294 352/1786/1294
f 1370/1885/1295 1373/1889/1295 350/1783/1295 351/1785/1295
f 1373/1889/1296 355/1894/1297 49/1784/1298 350/1783/1296
f 1372/1888/1299 354/1895/1300 355/1894/1301 1373/1889/1299
f 1371/1887/1302 353/1896/1303 354/1895/1304 1372/1888/1305
f 365/1516/1028 53/1518/1027 353/1896/1303 1371/1887/1302
f 366/1515/1024 365/1516/1023 1371/1887/1306 1368/1882/1306
f 367/1513/1307 366/1515/1307 1368/1882/1307 1365/1881/1307
f 1374/1897/1308 1377/1898/1309 1378/1899/1310 1375/1900/1310
f 1375/1900/1311 1378/1899/1311 1379/1901/1311 1376/1902/1311
f 1377/1898/1312 1380/1903/1312 1381/1904/1312 1378/1899/1312
f 1378/1899/1313 1381/1904/1313 1382/1905/1313 1379/1901/1313
f 53/1518/1027 447/1708/1159 1374/1897/1314 353/1896/1303
f 353/1896/1303 1374/1897/1314 1375/1900/1315 354/1895/1304
f 354/1895/1300 1375/1900/1316 1376/1902/1316 355/1894/1301
f 355/1894/1297 1376/1902/1317 349/1860/1317 49/1784/1298
f 1376/1902/1318 1379/1901/1318 348/1879/1318 349/1860/1318
f 1379/1901/1319 1382/1905/1319 347/1880/1319 348/1879/1319
f 1382/1906/1320 364/1672/1320 50/1674/1320 347/1878/1320
f 1381/1904/1321 363/1907/1321 364/1908/1321 1382/1905/1321
f 1380/1903/1322 362/1909/1322 363/1907/1322 1381/1904/1322
f 445/1710/1323 54/1712/1323 362/1909/1323 1380/1903/1323
f 446/1709/1165 445/1710/1164 1380/1903/1324 1377/1898/1324
f 447/1708/1162 446/1709/1161 1377/1898/1309 1374/1897/1308
f 1383/1910/1325 1386/1911/1325 1387/1912/1325 1384/1913/1325
f 1384/1913/1326 1387/1912/1326 1388/1914/1326 1385/1915/1326
f 1386/1911/1327 1389/1916/1327 1390/1917/1327 1387/1912/1327
f 1387/1912/1328 1390/1917/1328 1391/1918/1328 1388/1914/1328
f 60/1919/1329 427/1920/1329 1383/1910/1329 398/1573/1329
f 398/1573/1330 1383/1910/1330 1384/1913/1330 399/1571/1330
f 399/1571/1331 1384/1913/1331 1385/1915/1331 400/1572/1331
f 400/1570/1332 1385/1921/1332 410/1707/1332 59/1522/1332
f 1385/1921/1333 1388/1922/1333 409/1717/1333 410/1707/1333
f 1388/1922/1334 1391/1923/1334 408/1715/1334 409/1717/1334
f 1391/1923/1335 456/1924/1335 61/1716/1335 408/1715/1335
f 1390/1917/1336 455/1925/1336 456/1926/1336 1391/1918/1336
f 1389/1916/1337 454/1927/1337 455/1925/1337 1390/1917/1337
f 425/1928/1338 64/1809/1338 454/1808/1338 1389/1929/1338
f 426/1930/1339 425/1931/1339 1389/1916/1339 1386/1911/1339
f 427/1920/1340 426/1930/1340 1386/1911/1340 1383/1910/1340
f 1392/1932/1341 1395/1933/1341 1396/1934/1341 1393/1935/1341
f 1393/1935/1342 1396/1934/1342 1397/1936/1342 1394/1937/1342
f 3498/1938/1343 1396/1934/1343 1395/1933/1343 1398/1939/1343 3500/1940/1343 3497/1941/1343
f 1397/1936/1344 1396/1934/1344 3498/1938/1344 3510/1942/1344 3502/1943/1344 3503/1944/1344 3507/1945/1344
f 90/1196/1345 453/1195/1345 1392/1932/1345 469/1946/1345
f 469/1946/1346 1392/1932/1346 1393/1935/1346 470/1947/1346
f 470/1947/1347 1393/1935/1347 1394/1937/1347 471/1948/1347
f 471/1948/1348 1394/1937/1348 481/1949/1348 92/735/1348
f 3517/1950/1349 481/1949/1349 1394/1937/1349 1397/1936/1349 3522/1951/1349 3523/1952/1349 3516/1953/1349
f 1397/1936/1350 3507/1945/1350 3525/1954/1350 3522/1951/1350
f 1398/1939/1351 3534/1955/1351 3533/1956/1351 3532/1957/1351 3500/1940/1351
f 3534/1958/1352 1398/1959/1352 451/1200/1352 3548/1199/1352 3546/1960/1352 3547/1961/1352
f 452/1197/1353 451/1198/1353 1398/1939/1353 1395/1933/1353
f 453/1195/1354 452/1197/1354 1395/1933/1354 1392/1932/1354
f 1399/1962/1355 1402/1963/1356 1403/1964/1357 1400/1965/1357
f 1400/1965/1358 1403/1964/1358 1404/1966/1358 1401/1967/1358
f 1402/1963/1359 1405/1968/1359 1406/1969/1359 1403/1964/1359
f 1403/1964/1360 1406/1969/1360 1407/1970/1360 1404/1966/1360
f 91/1027/719 558/1254/842 1399/1962/1361 478/1971/1362
f 478/1971/1362 1399/1962/1361 1400/1965/1363 479/1972/1364
f 479/1972/1365 1400/1965/1366 1401/1967/1366 480/1973/1367
f 480/1973/1368 1401/1967/1369 561/718/1369 93/717/1370
f 1401/1967/1371 1404/1966/1371 560/736/1371 561/718/1371
f 1404/1966/1372 1407/1970/1372 559/737/1372 560/736/1372
f 1407/1974/1373 471/1948/1373 92/735/1373 559/734/1373
f 1406/1969/1374 470/1975/1374 471/1976/1374 1407/1970/1374
f 1405/1968/1375 469/1977/1375 470/1975/1375 1406/1969/1375
f 556/1256/1376 90/1258/1376 469/1977/1376 1405/1968/1376
f 557/1255/848 556/1256/847 1405/1968/1377 1402/1963/1377
f 558/1254/845 557/1255/844 1402/1963/1356 1399/1962/1355
f 1408/1978/1378 1411/1979/1378 1412/1980/1378 1409/1981/1378
f 1409/1981/1379 1412/1980/1379 1413/1982/1379 1410/1983/1379
f 1411/1979/1380 1414/1984/1380 1415/1985/1380 1412/1980/1380
f 1412/1980/1381 1415/1985/1381 1416/1986/1381 1413/1982/1381
f 52/1543/1182 376/1727/1181 1408/1978/1382 414/1697/1382
f 414/1697/1146 1408/1978/1383 1409/1981/1383 415/1696/1147
f 415/1696/1143 1409/1981/1384 1410/1983/1384 416/1695/1144
f 416/1695/1385 1410/1983/1385 427/1987/1385 60/1575/1385
f 1410/1983/1386 1413/1982/1386 426/1988/1386 427/1987/1386
f 1413/1982/1387 1416/1986/1387 425/1928/1387 426/1988/1387
f 1416/1986/1388 465/1807/1388 64/1809/1388 425/1928/1388
f 1415/1985/1389 464/1805/1389 465/1807/1389 1416/1986/1389
f 1414/1984/1390 463/1802/1390 464/1805/1390 1415/1985/1390
f 374/1729/1391 56/1731/1391 463/1802/1391 1414/1984/1391
f 375/1728/1392 374/1729/1392 1414/1984/1392 1411/1979/1392
f 376/1727/1393 375/1728/1393 1411/1979/1393 1408/1978/1393
f 1417/1989/1394 1420/1990/1394 1421/1991/1394 1418/1992/1394
f 1418/1992/1395 1421/1991/1395 1422/1993/1395 1419/1994/1395
f 1420/1990/1396 1423/1995/1396 1424/1996/1396 1421/1991/1396
f 1421/1991/1397 1424/1996/1397 1425/1997/1397 1422/1993/1397
f 106/1998/1398 645/1999/1398 1417/1989/1398 632/2000/1398
f 632/2000/1399 1417/1989/1399 1418/1992/1399 631/2001/1399
f 631/2001/1400 1418/1992/1400 1419/1994/1400 630/2002/1400
f 630/2002/1401 1419/1994/1401 702/2003/1401 104/2004/1401
f 1419/1994/1402 1422/1993/1402 701/2005/1402 702/2003/1402
f 1422/1993/1403 1425/1997/1403 700/2006/1403 701/2005/1403
f 1425/1997/1404 636/2007/1404 96/224/1404 700/2006/1404
f 1424/1996/1405 637/2008/1405 636/2007/1405 1425/1997/1405
f 1423/1995/1406 638/2009/1406 637/2008/1406 1424/1996/1406
f 647/2010/1407 100/2011/1407 638/2009/1407 1423/1995/1407
f 646/2012/1408 647/2010/1408 1423/1995/1408 1420/1990/1408
f 645/1999/1409 646/2012/1409 1420/1990/1409 1417/1989/1409
f 1426/2013/1410 1429/2014/1410 1430/2015/1410 1427/2016/1410
f 1427/2016/1411 1430/2015/1411 1431/2017/1411 1428/2018/1411
f 1429/2014/1412 1432/2019/1412 1433/2020/1412 1430/2015/1412
f 1430/2015/1413 1433/2020/1413 1434/2021/1413 1431/2017/1413
f 103/2022/1414 621/2023/1414 1426/2013/1414 653/2024/1414
f 653/2024/1415 1426/2013/1415 1427/2016/1415 652/2025/1415
f 652/2025/1416 1427/2016/1416 1428/2018/1416 651/2026/1416
f 651/2026/1417 1428/2018/1417 662/2027/1417 105/2028/1417
f 1428/2018/1418 1431/2017/1418 661/2029/1418 662/2027/1418
f 1434/2021/1419 660/2030/1419 661/2029/1419 1431/2017/1419
f 642/2031/1420 97/2032/1420 660/2030/1420 1434/2021/1420
f 643/2033/1421 642/2031/1421 1434/2021/1421 1433/2020/1421
f 1432/2019/1422 644/2034/1422 643/2033/1422 1433/2020/1422
f 623/2035/1423 99/2036/1423 644/2034/1423 1432/2019/1423
f 622/2037/1424 623/2035/1424 1432/2019/1424 1429/2014/1424
f 621/2023/1425 622/2037/1425 1429/2014/1425 1426/2013/1425
f 1439/2038/1426 1436/2039/1427 1435/2040/1428 1438/2041/1429
f 1440/2042/1430 1437/2043/1431 1436/2039/1427 1439/2038/1426
f 1442/2044/1432 1439/2038/1433 1438/2041/1434 1441/2045/1435
f 1443/2046/1436 1440/2042/1437 1439/2038/1433 1442/2044/1432
f 3116/2047/1438 490/2048/1439 1435/2040/1428 3565/2049/1440 3569/2050/1440 3454/2051/1440
f 3565/2049/1440 1435/2040/1428 1436/2039/1427 3571/2052/1441 3572/2053/1442
f 3571/2052/1441 1436/2039/1427 1437/2043/1431 3575/2054/1443 3577/2055/1444
f 3575/2054/1443 1437/2043/1431 475/67/43 3083/66/42 3579/2056/1443 3568/2057/1443 3564/2058/1443
f 476/90/60 475/67/59 1437/2043/1431 1440/2042/1430
f 1440/2042/1437 1443/2046/1436 477/88/57 476/90/56
f 1443/2046/1445 474/2059/1446 69/89/1447 477/88/1447
f 1442/2044/1448 473/2060/1449 474/2059/1446 1443/2046/1445
f 1441/2045/1450 472/2061/1451 473/2060/1449 1442/2044/1448
f 492/2062/1452 71/2063/1453 472/2061/1451 1441/2045/1450
f 1441/2045/1435 1438/2041/1434 491/2064/1454 492/2062/1455
f 1438/2041/1429 1435/2040/1428 490/2048/1456 491/2064/1457
f 1445/2065/1458 1444/2066/1458 1446/2067/1458 1447/2068/1458
f 1445/2065/1459 1447/2068/1459 1448/2069/1459 3079/2070/1459 3080/2071/1459 3084/2072/1459
f 1447/2068/1460 1446/2067/1460 1449/2073/1460 1450/2074/1460
f 1448/2069/1461 1447/2068/1461 1450/2074/1461 1451/2075/1461
f 574/1642/1462 86/147/1462 753/146/1462 1444/2076/1462
f 574/1642/1463 1444/2076/1463 1445/2077/1463 3093/2078/1463 3094/1658/1463
f 1445/2077/1464 3084/2079/1464 3093/2078/1464
f 1448/2080/1465 3100/2081/1465 3079/2082/1465
f 1448/2080/1466 1451/2083/1466 756/2084/1466 3101/2085/1466 3100/2081/1466
f 97/2032/1467 756/2084/1467 1451/2083/1467 694/2086/1467
f 1450/2074/1468 695/13/1468 694/14/1468 1451/2075/1468
f 1449/2073/1469 696/12/1469 695/13/1469 1450/2074/1469
f 755/150/1470 95/10/1470 696/12/1470 1449/2073/1470
f 1446/2067/1471 754/148/1471 755/150/1471 1449/2073/1471
f 753/149/1472 754/148/1472 1446/2067/1472 1444/2066/1472
f 1452/2087/1473 1455/2088/1473 1456/2089/1473 1453/2090/1473
f 1457/2091/1474 1454/2092/1475 1453/2090/1476 1456/2089/1476
f 1455/2088/1477 1458/2093/1477 1459/2094/1477 1456/2089/1477
f 1456/2089/1478 1459/2094/1478 1460/2095/1479 1457/2091/1480
f 7/45/1481 131/44/1481 1452/2087/1481 488/2096/1481
f 1453/2090/1482 489/2097/1483 488/2096/1484 1452/2087/1482
f 1454/2092/1485 3109/2098/1486 3108/2099/1487 489/2097/1488 1453/2090/1489
f 3109/2098/1486 1454/2092/1485 490/2048/1439 3116/2047/1438 3122/2100/1490 3123/2101/1490 3121/2102/1490
f 491/2064/1457 490/2048/1456 1454/2092/1475 1457/2091/1474
f 1457/2091/1480 1460/2095/1479 492/2062/1455 491/2064/1454
f 1460/2095/1491 487/2103/1492 71/2063/1453 492/2062/1452
f 1459/2094/1493 486/2104/1493 487/2103/1492 1460/2095/1491
f 1458/2093/1494 485/2105/1494 486/2104/1494 1459/2094/1494
f 129/47/1495 4/49/1495 485/2105/1495 1458/2093/1495
f 130/46/1496 129/47/1496 1458/2093/1496 1455/2088/1496
f 131/44/1497 130/46/1497 1455/2088/1497 1452/2087/1497
f 1461/2106/1498 1464/2107/1498 1465/2108/1498 1462/2109/1498
f 1462/2109/1499 1465/2108/1499 1466/2110/1499 1463/2111/1499
f 1464/2107/1500 1467/2112/1500 1468/2113/1500 1465/2108/1500
f 1465/2108/1501 1468/2113/1501 1469/2114/1501 1466/2110/1501
f 106/1849/1502 665/2115/1502 1461/2106/1502 629/1847/1502
f 629/1847/1503 1461/2106/1503 1462/2109/1503 628/1846/1503
f 628/1846/1504 1462/2109/1504 1463/2111/1504 627/1845/1504
f 627/1845/1505 1463/2111/1505 672/2116/1505 101/24/1505
f 1463/2111/1506 1466/2110/1506 673/2117/1507 672/2116/1508
f 1466/2110/1509 1469/2114/1509 674/2118/1510 673/2117/1511
f 1469/2114/1512 706/2119/1512 109/2120/1512 674/2118/1512
f 1468/2113/1513 707/2121/1513 706/2119/1513 1469/2114/1513
f 1467/2112/1514 708/2122/1514 707/2121/1514 1468/2113/1514
f 663/2123/1515 114/2124/1515 708/2122/1515 1467/2112/1515
f 664/2125/1516 663/2123/1516 1467/2112/1516 1464/2107/1516
f 665/2115/1517 664/2125/1517 1464/2107/1517 1461/2106/1517
f 3133/2126/1518 3134/2127/1518 1470/2128/1518
f 3140/2129/1519 489/2097/1488 3108/2099/1487 3142/2130/1519 3141/2131/1519
f 3133/2126/1520 1470/2128/1520 488/2096/1484 489/2097/1483 3140/2129/1520 3150/2132/1520 3151/2133/1520
f 1470/2128/1521 123/202/1521 7/45/1521 488/2096/1521
f 3158/203/1522 123/202/1522 1470/2128/1522 3134/2127/1522 3154/2134/1522 3157/2135/1522 3160/2136/1522 3159/2137/1522
f 1471/2138/1523 1474/2139/1523 1475/2140/1523 1472/2141/1523
f 1472/2141/1524 1475/2140/1524 1476/2142/1524 1473/2143/1524
f 1478/2144/1525 1475/2140/1525 1474/2139/1525 1477/2145/1525
f 1479/2146/1526 1476/2142/1526 1475/2140/1526 1478/2144/1526
f 98/232/136 678/231/135 1471/2138/1527 495/2147/1527
f 495/2147/1528 1471/2138/1528 1472/2141/1528 494/2148/1528
f 494/2148/1529 1472/2141/1529 1473/2143/1529 493/2149/1529
f 493/2150/1530 1473/2151/1530 688/2152/1530 99/2036/1530
f 1473/2151/1531 1476/2153/1531 689/2154/1531 688/2152/1531
f 1479/2155/1532 690/2156/1532 689/2154/1532 1476/2153/1532
f 3174/2157/1533 690/2156/1533 1479/2155/1533 3177/2158/1533
f 3177/2159/1534 1479/2146/1534 1478/2144/1534 3181/2160/1534 3178/2161/1534
f 1478/2144/1535 1477/2145/1535 687/2162/1535 3188/2163/1535 3184/2164/1535 3181/2160/1535
f 687/2162/1536 1477/2145/1536 680/234/1536 107/236/1536
f 1477/2145/1537 1474/2139/1537 679/233/142 680/234/141
f 678/231/139 679/233/138 1474/2139/1538 1471/2138/1538
f 1480/2165/1539 1483/2166/1539 1484/2167/1539 1481/2168/1539
f 1481/2168/1540 1484/2167/1540 1485/2169/1540 1482/2170/1540
f 1483/2166/1541 1486/2171/1541 1487/2172/1541 1484/2167/1541
f 1484/2167/1542 1487/2172/1542 1488/2173/1542 1485/2169/1542
f 108/2174/1543 669/2175/1543 1480/2165/1543 668/2176/1543
f 668/2176/1544 1480/2165/1544 1481/2168/1544 667/2177/1544
f 667/2177/1545 1481/2168/1545 1482/2170/1545 666/2178/1545
f 666/2178/1546 1482/2170/1546 654/2179/1546 110/2180/1546
f 1482/2170/1547 1485/2169/1547 655/2181/1547 654/2179/1547
f 1485/2169/1548 1488/2173/1548 656/2182/1548 655/2181/1548
f 1488/2173/1549 697/2183/1549 103/2184/1549 656/2182/1549
f 1487/2172/1550 698/2185/1551 697/2183/1552 1488/2173/1550
f 1486/2171/1553 699/2186/1554 698/2185/1555 1487/2172/1553
f 671/2187/1556 102/2188/1557 699/2186/1558 1486/2171/1559
f 670/2189/1560 671/2187/1560 1486/2171/1560 1483/2166/1560
f 669/2175/1561 670/2189/1561 1483/2166/1561 1480/2165/1561
f 1489/2190/1562 1492/2191/1562 1493/2192/1562 1490/2193/1562
f 1490/2193/1563 1493/2192/1563 1494/2194/1563 1491/2195/1563
f 1492/2191/1564 1495/2196/1564 1496/2197/1564 1493/2192/1564
f 1493/2192/1565 1496/2197/1565 1497/2198/1565 1494/2194/1565
f 114/2124/1566 663/2123/1566 1489/2199/1566 711/2200/1566
f 711/2201/1567 1489/2190/1567 1490/2193/1567 710/2202/1567
f 710/2202/1568 1490/2193/1568 1491/2195/1568 709/2203/1568
f 709/2204/1569 1491/2205/1569 693/2206/1569 111/2207/1569
f 1491/2195/1570 1494/2194/1570 692/2208/1570 693/2209/1570
f 1494/2194/1571 1497/2198/1571 691/2210/1571 692/2208/1571
f 1497/2198/1572 630/2211/1572 104/2212/1572 691/2210/1572
f 1496/2197/1573 631/2213/1573 630/2211/1573 1497/2198/1573
f 1495/2196/1574 632/2214/1574 631/2213/1574 1496/2197/1574
f 665/2115/1575 106/1849/1575 632/2215/1575 1495/2216/1575
f 664/2217/1576 665/2218/1576 1495/2196/1576 1492/2191/1576
f 663/2123/1577 664/2125/1577 1492/2219/1577 1489/2199/1577
f 1498/2220/1578 1501/2221/1578 1502/2222/1578 1499/2223/1578
f 1499/2223/1579 1502/2222/1579 1503/2224/1579 1500/2225/1579
f 1501/2226/1580 1504/2227/1580 1505/2228/1580 1502/2229/1580
f 1502/2229/1581 1505/2228/1581 1506/2230/1581 1503/2231/1581
f 71/2063/1582 562/2232/1583 1498/2220/1584 472/2061/1585
f 472/2061/1585 1498/2220/1584 1499/2223/1586 473/2060/1587
f 473/2060/1587 1499/2223/1586 1500/2225/1588 474/2059/1588
f 474/2059/1589 1500/2225/1589 553/2233/1589 69/89/1589
f 1500/2225/1590 1503/2224/1590 554/2234/1590 553/2233/1590
f 1503/2231/1591 1506/2230/1591 555/2235/1591 554/2236/1591
f 1506/2230/1592 565/2237/1592 88/2238/1592 555/2235/1592
f 1505/2228/1593 566/2239/1593 565/2237/1593 1506/2230/1593
f 1504/2227/1594 567/2240/1594 566/2239/1594 1505/2228/1594
f 564/2241/1595 89/2242/1595 567/2240/1595 1504/2227/1595
f 563/2243/1596 564/2241/1596 1504/2227/1596 1501/2226/1596
f 562/2232/1597 563/2244/1597 1501/2221/1597 1498/2220/1597
f 3192/2245/1598 3193/2246/1598 1507/2247/1598 3194/2248/1598
f 1507/2247/1599 424/2249/1599 63/1771/1599 433/1770/1599
f 423/2250/1600 424/2249/1600 1507/2247/1600 3193/2246/1600 3200/2251/1600
f 3204/2252/1601 3205/2253/1601 423/2250/1601 3200/2251/1601
f 3214/2254/1602 3215/2255/1602 431/1774/1602 58/2256/1602 3221/2257/1602 3220/2258/1602
f 432/1775/1603 431/1774/1603 3215/2255/1603 3224/2259/1603 3225/2260/1603
f 1507/2247/1604 433/1770/1604 432/1773/1604 3225/2261/1604 3230/2262/1604 3194/2248/1604
f 1509/2263/1605 1518/2264/1605 1508/2265/1605 1510/2266/1605
f 1511/2267/1606 1510/2266/1606 1508/2265/1606 1512/2268/1606
f 1513/2269/1607 1512/2268/1608 1508/2265/1609 1514/2270/1609
f 1515/2271/1610 1514/2270/1610 1508/2265/1611 1516/2272/1612
f 1517/2273/1613 1516/2272/1612 1508/2265/1611 1518/2264/1613
f 51/1620/1614 379/1619/1614 1509/2263/1614 550/2274/1614
f 550/2274/1615 1509/2263/1615 1510/2266/1615 551/2275/1615
f 379/1619/1616 378/1621/1616 1518/2264/1616 1509/2263/1616
f 87/2276/1617 552/2277/1617 1511/2267/1617 568/2278/1617
f 568/2278/1618 1511/2267/1618 1512/2268/1618 569/2279/1618
f 552/2277/1619 551/2275/1619 1510/2266/1619 1511/2267/1619
f 3242/2280/1620 570/2281/1620 1513/2269/1620 3239/2282/1620 3243/2280/1620
f 3239/2282/1621 1513/2269/1621 1514/2270/1621 423/2250/1621 3205/2253/1621 3247/2283/1621
f 1513/2269/1607 570/2281/1622 569/2279/1622 1512/2268/1608
f 63/1771/1623 424/2249/1623 1515/2271/1623 359/1769/1623
f 359/1769/1624 1515/2271/1624 1516/2272/1624 360/1767/1624
f 424/2249/1625 423/2250/1625 1514/2270/1625 1515/2271/1625
f 47/1624/1626 361/1765/1626 1517/2273/1626 377/1622/1626
f 377/1622/1627 1517/2273/1627 1518/2264/1627 378/1621/1627
f 361/1765/1628 360/1767/1628 1516/2272/1628 1517/2273/1628
f 3260/2284/1629 3221/2257/1629 58/2256/1629 435/2285/1629 3266/2286/1629
f 3270/2287/1630 3266/2286/1630 435/2285/1630 3272/2288/1630
f 1520/2289/1631 1519/2290/1631 1522/2291/1631 3281/2292/1631 3275/2293/1631
f 1520/2289/1632 3275/2293/1632 3288/2294/1632
f 1522/2291/1633 1521/2295/1633 3294/2296/1633 3292/2297/1633 3281/2292/1633
f 50/1674/1634 385/1673/1634 1519/2290/1634 436/1877/1634
f 437/1875/1635 436/1877/1635 1519/2290/1635 1520/2289/1635
f 1519/2290/1636 385/1673/1636 384/1675/1636 1522/2291/1636
f 3301/1873/1637 438/1872/1637 3303/2298/1637 3302/2299/1637
f 438/1872/1638 437/1875/1638 1520/2289/1638 3288/2294/1638 3310/2300/1638 3303/2298/1638
f 1521/2295/1639 383/1676/1639 48/1648/1639 407/1647/1639
f 1522/2291/1640 384/1675/1640 383/1676/1640 1521/2295/1640
f 1521/2295/1641 407/1647/1641 3320/1653/1641 3321/2301/1641 3294/2296/1641
f 1523/2302/1642 1526/2303/1642 1527/2304/1642 1524/2305/1642
f 1524/2305/1643 1527/2304/1643 1528/2306/1643 1525/2307/1643
f 1526/2303/1644 1529/2308/1644 1530/2309/1644 1527/2304/1644
f 1527/2304/1645 1530/2309/1645 1531/2310/1645 1528/2306/1645
f 111/2207/1646 693/2206/1646 1523/2302/1646 677/2311/1646
f 677/2311/1647 1523/2302/1647 1524/2305/1647 676/2312/1647
f 676/2312/1648 1524/2305/1648 1525/2307/1648 675/2313/1648
f 675/2313/1649 1525/2307/1649 669/2175/1649 108/2174/1649
f 1525/2307/1650 1528/2306/1650 670/2189/1650 669/2175/1650
f 1528/2306/1651 1531/2310/1651 671/2187/1651 670/2189/1651
f 1531/2310/1652 624/2314/1653 102/2188/1557 671/2187/1556
f 1530/2309/1654 625/2315/1655 624/2314/1656 1531/2310/1654
f 1529/2308/1657 626/2316/1657 625/2315/1657 1530/2309/1657
f 691/2317/1658 104/2318/1658 626/2316/1658 1529/2308/1658
f 692/2319/1659 691/2317/1659 1529/2308/1659 1526/2303/1659
f 693/2206/1660 692/2319/1660 1526/2303/1660 1523/2302/1660
f 1532/2320/1661 1535/2321/1661 1536/2322/1661 1533/2323/1661
f 1533/2323/1662 1536/2322/1662 1537/2324/1662 1534/2325/1662
f 1535/2321/1663 1538/2326/1663 1539/2327/1663 1536/2322/1663
f 1536/2322/1664 1539/2327/1664 1540/2328/1664 1537/2324/1664
f 70/1023/1665 549/1022/1665 1532/2320/1665 543/2329/1665
f 543/2329/1666 1532/2320/1666 1533/2323/1666 542/2330/1666
f 542/2330/1667 1533/2323/1667 1534/2325/1667 541/2331/1667
f 541/1743/1668 1534/2332/1668 498/1001/1668 94/1000/1668
f 1534/2325/1669 1537/2324/1669 497/1008/1669 498/1009/1669
f 1537/2324/1670 1540/2328/1670 496/1007/1670 497/1008/1670
f 1540/2328/1671 480/1973/1368 93/717/1370 496/1007/1671
f 1539/2327/1672 479/1972/1365 480/1973/1367 1540/2328/1672
f 1538/2326/1673 478/1971/1362 479/1972/1364 1539/2327/1674
f 547/1025/720 91/1027/719 478/1971/1362 1538/2326/1673
f 548/1024/717 547/1025/716 1538/2326/1675 1535/2321/1675
f 549/1022/1676 548/1024/1676 1535/2321/1676 1532/2320/1676
f 43/1470/1677 300/1169/1677 3331/2333/1677 3327/2334/1677 3326/2335/1677 343/1465/1677
f 3332/2336/1678 3300/1466/1678 343/1465/1678 3326/2335/1678 3337/2337/1678 3333/2338/1678
f 3331/2333/1679 300/1169/1679 301/1168/1679 3345/2339/1679 3346/2340/1679 3340/2341/1679 3342/2342/1679
f 3345/2339/1680 301/1168/1680 3350/1172/1680
f 3355/2343/1681 3149/1282/1681 45/1281/1681 3357/1486/1681
f 1541/2344/1682 1544/2345/1683 1545/2346/1683 1542/2347/1684
f 1542/2347/1685 1545/2346/1686 1546/2348/1687 1543/2349/1688
f 1544/2345/1689 1547/2350/1689 1548/2351/1689 1545/2346/1689
f 1545/2346/1686 1548/2351/1690 1549/2352/1691 1546/2348/1687
f 23/866/1692 212/865/1692 1541/2344/1692 230/2353/1692
f 230/2353/1693 1541/2344/1682 1542/2347/1684 229/2354/1694
f 229/2354/1695 1542/2347/1685 1543/2349/1688 228/2355/1696
f 228/2355/1697 1543/2349/1698 248/583/355 34/506/325
f 1543/2349/1698 1546/2348/1699 249/597/365 248/583/355
f 1546/2348/1699 1549/2352/1700 250/595/363 249/597/365
f 31/596/364 250/595/363 1549/2352/1700 520/2356/1701
f 1548/2351/1690 521/2357/1702 520/2356/1703 1549/2352/1691
f 1547/2350/1704 522/2358/1704 521/2357/1704 1548/2351/1704
f 210/870/1705 21/2359/1705 522/2358/1705 1547/2350/1705
f 211/868/1706 210/870/1706 1547/2350/1706 1544/2345/1706
f 212/865/1707 211/868/1707 1544/2345/1707 1541/2344/1707
f 1550/2360/1708 1553/2361/1708 1554/2362/1708 1551/2363/1708
f 1555/2364/1709 1552/2365/1709 1551/2363/1709 1554/2362/1709
f 1553/2361/1710 1556/2366/1710 1557/2367/1710 1554/2362/1710
f 1554/2362/1711 1557/2367/1711 1558/2368/1711 1555/2364/1711
f 27/849/1712 244/2369/1712 1550/2370/1712 204/847/1712
f 204/847/1713 1550/2370/1713 1551/2371/1713 205/846/1713
f 205/846/1714 1551/2371/1714 1552/2372/1714 206/843/1714
f 206/843/1715 1552/2372/1715 3369/2373/1715 3370/2374/1715 3363/2375/1715 3364/2376/1715 3365/844/1715
f 1552/2365/1716 1555/2364/1716 3377/2377/1716 3375/2378/1716 3376/2379/1716 3374/2380/1716 3369/2381/1716
f 3377/2377/1717 1555/2364/1717 1558/2368/1717 3385/2382/1717 3384/2383/1717 3379/2384/1717
f 3385/2382/1718 1558/2368/1718 578/2385/1718 3391/2386/1718 3390/2386/1718
f 1557/2367/1719 579/2387/1719 578/2385/1719 1558/2368/1719
f 1556/2366/1720 580/2388/1721 579/2387/1722 1557/2367/1722
f 242/2389/1723 84/2390/1723 580/2388/1721 1556/2366/1720
f 243/2391/1724 242/2389/1724 1556/2366/1724 1553/2361/1724
f 244/2392/1725 243/2391/1725 1553/2361/1725 1550/2360/1725
f 1559/2393/1726 1562/2394/1726 1563/2395/1726 1560/2396/1726
f 1560/2396/1727 1563/2395/1727 1564/2397/1727 1561/2398/1727
f 1562/2399/1728 1565/2400/1728 1566/2401/1728 1563/2402/1728
f 1563/2402/1729 1566/2401/1729 1567/2403/1729 1564/2404/1729
f 79/1042/1730 770/2405/1730 1559/2393/1730 593/1043/1730
f 593/1043/1731 1559/2393/1731 1560/2396/1731 594/1048/1731
f 594/1048/1732 1560/2396/1732 1561/2398/1732 595/1047/1732
f 595/1047/1733 1561/2398/1733 735/2406/1734 85/656/1734
f 1561/2398/1735 1564/2397/1735 736/2407/1736 735/2406/1737
f 1564/2404/1738 1567/2403/1738 737/2408/1739 736/2409/1740
f 1567/2403/1741 162/2410/1741 29/492/1742 737/2408/1743
f 1566/2401/1744 163/2411/1744 162/2410/1744 1567/2403/1744
f 1565/2400/1745 164/2412/1745 163/2411/1745 1566/2401/1745
f 768/953/1746 15/956/1746 164/2412/1746 1565/2400/1746
f 769/2413/1747 768/953/1747 1565/2400/1747 1562/2399/1747
f 770/2405/1748 769/2414/1748 1562/2394/1748 1559/2393/1748
f 1568/2415/1749 1571/2416/1749 1572/2417/1749 1569/2418/1749
f 1569/2418/1750 1572/2417/1750 1573/2419/1750 1570/2420/1750
f 1571/2421/1751 1574/2422/1751 1575/2423/1751 1572/2424/1751
f 1572/2424/1752 1575/2423/1752 1576/2425/1752 1573/2426/1752
f 85/656/1734 735/2406/1734 1568/2415/1753 581/657/1753
f 581/657/1754 1568/2415/1754 1569/2418/1754 582/668/1754
f 582/668/1755 1569/2418/1755 1570/2420/1755 583/667/1755
f 583/667/1756 1570/2420/1756 750/2427/1756 81/520/1756
f 1570/2420/1757 1573/2419/1757 751/2428/1757 750/2427/1757
f 1573/2426/1758 1576/2425/1758 752/2429/1758 751/2430/1758
f 1576/2425/1759 198/496/1759 19/498/1759 752/2429/1759
f 1575/2423/1760 199/495/1760 198/496/1760 1576/2425/1760
f 1574/2422/1761 200/494/1762 199/495/1763 1575/2423/1763
f 737/2408/1743 29/492/1742 200/494/1762 1574/2422/1761
f 736/2409/1740 737/2408/1739 1574/2422/1764 1571/2421/1764
f 735/2406/1737 736/2407/1736 1571/2416/1765 1568/2415/1765
f 3396/2431/1766 232/594/362 31/596/364 3071/2432/1767 3399/2433/1768 3395/2434/1768
f 231/592/360 232/594/362 3396/2431/1766 3403/2435/1769 3404/2436/1770
f 3410/593/361 231/592/360 3404/2436/1770 3416/2437/1771 3409/2438/1771
f 1577/2439/1772 1580/2440/1772 1581/2441/1772 1578/2442/1772
f 1578/2442/1773 1581/2441/1773 1582/2443/1773 1579/2444/1773
f 1580/2445/1774 1583/2446/1774 1584/2447/1774 1581/2448/1774
f 1581/2448/1775 1584/2447/1775 1585/2449/1775 1582/2450/1775
f 18/531/1776 185/530/1776 1577/2439/1776 233/886/1776
f 233/886/1777 1577/2439/1777 1578/2442/1777 234/885/1777
f 234/885/1778 1578/2442/1778 1579/2444/1778 235/884/1778
f 235/884/1779 1579/2444/1779 244/2369/1779 27/849/1779
f 1579/2451/1780 1582/2450/1780 243/2391/1780 244/2392/1780
f 1582/2450/1781 1585/2449/1781 242/2389/1781 243/2391/1781
f 1585/2449/1782 587/2452/1782 84/2390/1782 242/2389/1782
f 1584/2447/1783 588/2453/1783 587/2452/1783 1585/2449/1783
f 1583/2446/1784 589/2454/1784 588/2453/1784 1584/2447/1784
f 183/534/1785 80/538/1785 589/2455/1785 1583/2456/1785
f 184/535/1786 183/534/1786 1583/2456/1786 1580/2457/1786
f 185/530/1787 184/532/1787 1580/2440/1787 1577/2439/1787
f 1586/2458/1788 1589/2459/1788 1590/2460/1788 1587/2461/1788
f 1587/2461/1789 1590/2460/1789 1591/2462/1789 1588/2463/1789
f 1589/2459/1790 1592/2464/1790 1593/2465/1790 1590/2460/1790
f 1590/2460/1791 1593/2465/1791 1594/2466/1791 1591/2462/1791
f 15/956/1792 146/955/1792 1586/2458/1792 164/2412/1792
f 164/2412/1793 1586/2458/1793 1587/2461/1793 163/2411/1793
f 163/2411/1794 1587/2461/1794 1588/2463/1794 162/2410/1794
f 162/2410/1795 1588/2463/1795 532/493/303 29/492/302
f 1588/2463/1796 1591/2462/1796 533/507/329 532/493/328
f 1591/2462/1797 1594/2466/1797 534/505/327 533/507/326
f 1594/2466/1798 228/2355/1697 34/506/325 534/505/324
f 1593/2465/1799 229/2354/1695 228/2355/1696 1594/2466/1799
f 1592/2464/1800 230/2353/1693 229/2354/1694 1593/2465/1800
f 144/960/1801 23/866/1801 230/2353/1801 1592/2464/1801
f 145/958/1802 144/960/1802 1592/2464/1802 1589/2459/1802
f 146/955/1803 145/958/1803 1589/2459/1803 1586/2458/1803
f 3423/2467/1804 522/2358/1804 21/2359/1804 3424/2468/1804 3425/2469/1804 3420/2470/1804 3421/2471/1804
f 3429/2472/1805 521/2357/1805 522/2358/1805 3423/2467/1805 3430/2473/1805
f 3075/2474/1806 520/2356/1703 521/2357/1702 3429/2472/1806 3438/2475/1806 3436/2476/1806 3437/2477/1806
f 3071/2432/1767 31/596/364 520/2356/1701 3075/2474/1807
f 1595/2478/1808 1598/2479/1808 1599/2480/1808 1596/2481/1808
f 1596/2482/1809 1599/2483/1809 1600/2484/1809 1597/2485/1809
f 1598/2486/1810 1601/2487/1810 1602/2488/1810 1599/2489/1810
f 1599/2483/1811 1602/2490/1811 1603/2491/1811 1600/2484/1811
f 76/352/1812 604/478/1812 1595/2478/1812 767/353/1812
f 767/353/1813 1595/2478/1813 1596/2481/1813 766/362/1813
f 766/361/1814 1596/2482/1814 1597/2485/1814 765/360/1814
f 765/360/1815 1597/2485/1815 161/256/1815 9/255/1815
f 1597/2485/1816 1600/2484/1816 160/277/1816 161/256/1816
f 1600/2484/1817 1603/2491/1817 159/275/1817 160/277/1817
f 1603/2491/1818 749/412/1818 13/276/1818 159/275/1818
f 1602/2490/1819 748/411/1819 749/412/1819 1603/2491/1819
f 1601/2487/1820 747/408/1820 748/2492/1820 1602/2488/1820
f 602/481/1821 78/290/1821 747/408/1821 1601/2487/1821
f 603/480/1822 602/481/1822 1601/2487/1822 1598/2486/1822
f 604/478/1823 603/479/1823 1598/2479/1823 1595/2478/1823
f 1604/2493/1824 1607/2494/1824 1608/2495/1824 1605/2496/1824
f 1605/2497/1825 1608/2498/1825 1609/2499/1825 1606/2500/1825
f 3086/2501/1826 3087/2502/1826 1608/2495/1826 1607/2494/1826 3089/2503/1826 3085/2504/1826
f 3092/2505/1827 1609/2499/1827 1608/2498/1827 3087/2506/1827 3091/2507/1827
f 12/303/1828 157/324/1828 1604/2493/1828 151/300/1828
f 151/300/1829 1604/2493/1829 1605/2496/1829 150/301/1829
f 150/299/1830 1605/2508/1830 1606/2509/1830 149/297/1830
f 149/297/1831 1606/2509/1831 599/2510/1831 77/298/1831
f 1606/2500/1832 1609/2499/1832 600/2511/1832 599/2512/1832
f 3097/2513/1833 600/2511/1833 1609/2499/1833 3092/2505/1833
f 3089/2503/1834 1607/2494/1834 158/325/1834 3104/328/1834 3103/2514/1834
f 157/324/1835 158/325/1835 1607/2494/1835 1604/2493/1835
f 1611/2515/1836 1610/2516/1836 3114/2517/1836 3115/2518/1836 3117/2519/1836 3118/2520/1836 3119/2521/1836
f 1612/2522/1837 1611/2515/1837 3119/2521/1837 3129/2523/1837 3132/2524/1837
f 1610/2516/1838 617/209/1838 3136/214/1838 3137/2525/1838 3114/2517/1838
f 617/209/1839 1610/2516/1839 729/2526/1839 75/210/1839
f 1610/2516/1840 1611/2515/1840 730/2527/1840 729/2526/1840
f 1611/2528/1841 1612/2529/1841 731/180/1841 730/182/1841
f 127/2530/1842 5/181/1842 731/180/1842 1612/2529/1842
f 3148/2531/1843 3146/2532/1843 127/2530/1843 1612/2529/1843 3132/2533/1843 3143/2534/1843
f 1613/2535/1844 1616/2536/1844 1617/2537/1844 1614/2538/1844
f 1614/2538/1845 1617/2537/1845 1618/2539/1845 1615/2540/1845
f 1616/2541/1846 1619/2542/1846 1620/2543/1846 1617/2544/1846
f 1617/2544/1847 1620/2543/1847 1621/2545/1847 1618/2546/1847
f 81/520/1848 750/2427/1848 1613/2535/1848 584/521/1848
f 584/521/1849 1613/2535/1849 1614/2538/1849 585/539/1849
f 585/539/1850 1614/2538/1850 1615/2540/1850 586/540/1850
f 586/537/1851 1615/2547/1851 732/2548/1851 80/538/1851
f 1615/2547/1852 1618/2549/1852 733/2550/1852 732/2548/1852
f 1618/2546/1853 1621/2545/1853 734/2551/1853 733/2552/1853
f 1621/2545/1854 517/924/1854 16/926/1854 734/2551/1854
f 1620/2543/1855 518/923/1855 517/924/1855 1621/2545/1855
f 1619/2542/1856 519/922/1856 518/923/1856 1620/2543/1856
f 752/2429/1857 19/498/1857 519/922/1857 1619/2542/1857
f 751/2430/1858 752/2429/1858 1619/2542/1858 1616/2541/1858
f 750/2427/1859 751/2428/1859 1616/2536/1859 1613/2535/1859
f 1622/2553/1860 1625/2554/1860 1626/2555/1860 1623/2556/1860
f 1623/2557/1861 1626/2558/1861 1627/2559/1861 1624/2560/1861
f 1625/2554/1862 1628/2561/1862 1629/2562/1862 1626/2555/1862
f 1626/2558/1863 1629/2563/1863 1630/2564/1863 1627/2559/1863
f 1622/2553/1864 505/2565/1864 8/81/1864 134/80/1864
f 506/2566/1865 505/2565/1865 1622/2553/1865 1623/2556/1865
f 506/2567/1866 1623/2568/1866 1624/2569/1866 507/2570/1866
f 507/2570/1867 1624/2569/1867 605/2571/1867 74/2572/1867
f 1624/2569/1868 1627/2573/1868 606/2574/1868 605/2571/1868
f 1627/2559/1869 1630/2564/1869 607/2575/1869 606/2576/1869
f 1630/2564/1870 504/2577/1870 73/2578/1870 607/2575/1870
f 1629/2563/1871 503/2579/1871 504/2577/1871 1630/2564/1871
f 1628/2580/1872 502/2581/1872 503/2579/1872 1629/2563/1872
f 132/83/1873 3/85/1873 502/2582/1873 1628/2561/1873
f 133/82/1874 132/83/1874 1628/2561/1874 1625/2554/1874
f 134/80/1875 133/82/1875 1625/2554/1875 1622/2553/1875
f 1631/2583/1876 1634/2584/1876 1635/2585/1876 1632/2586/1876
f 1632/2587/1877 1635/2588/1877 1636/2589/1877 1633/2590/1877
f 1634/2591/1878 1637/2592/1878 1638/2593/1878 1635/2588/1878
f 1635/2588/1879 1638/2593/1879 1639/2594/1879 1636/2589/1879
f 69/89/1880 553/2233/1880 1631/2583/1880 124/87/1880
f 124/87/1881 1631/2583/1881 1632/2586/1881 125/86/1881
f 125/86/1882 1632/2586/1882 1633/2595/1882 126/84/1882
f 126/84/1883 1633/2595/1883 502/2582/1883 3/85/1883
f 1633/2590/1884 1636/2589/1884 503/2579/1884 502/2581/1884
f 1636/2589/1885 1639/2594/1885 504/2577/1885 503/2579/1885
f 1639/2594/1886 608/2596/1886 73/2578/1886 504/2577/1886
f 1638/2593/1887 609/2597/1887 608/2596/1887 1639/2594/1887
f 1637/2592/1888 610/2598/1888 609/2597/1888 1638/2593/1888
f 555/2235/1889 88/2238/1889 610/2599/1889 1637/2600/1889
f 554/2236/1890 555/2235/1890 1637/2600/1890 1634/2601/1890
f 553/2233/1891 554/2234/1891 1634/2584/1891 1631/2583/1891
f 1640/2602/1892 1643/2603/1892 1644/2604/1892 1641/2605/1892
f 1641/2605/1893 1644/2604/1893 1645/2606/1893 1642/2607/1893
f 1643/2603/1894 1646/2608/1894 1647/2609/1894 1644/2604/1894
f 1644/2604/1895 1647/2609/1895 1648/2610/1895 1645/2606/1895
f 114/2124/1896 711/2200/1896 1640/2611/1896 708/2122/1896
f 708/2122/1897 1640/2611/1897 1641/2612/1897 707/2121/1897
f 707/2121/1898 1641/2612/1898 1642/2613/1898 706/2119/1898
f 706/2614/1899 1642/2607/1899 657/2615/1899 109/2616/1899
f 1642/2607/1900 1645/2606/1900 658/2617/1900 657/2615/1900
f 1645/2606/1901 1648/2610/1901 659/2618/1901 658/2617/1901
f 1648/2619/1902 675/2313/1902 108/2174/1902 659/2620/1902
f 1647/2621/1903 676/2312/1903 675/2313/1903 1648/2619/1903
f 1646/2622/1904 677/2311/1904 676/2312/1904 1647/2621/1904
f 709/2204/1905 111/2207/1905 677/2311/1905 1646/2622/1905
f 710/2623/1906 709/2204/1906 1646/2622/1906 1643/2624/1906
f 711/2625/1907 710/2626/1907 1643/2603/1907 1640/2602/1907
f 3155/2627/1908 507/2570/1908 74/2572/1908 3153/2628/1908
f 3163/2629/1909 506/2567/1909 507/2570/1909 3155/2627/1909 3156/2630/1909
f 3167/2631/1910 3168/2632/1910 505/2565/1910 506/2566/1910 3163/2633/1910 3164/2634/1910
f 3176/185/1911 8/81/1911 505/2565/1911 3168/2632/1911 3170/2635/1911 3175/2636/1911
f 1649/2637/1912 1652/2638/1912 1653/2639/1912 1650/2640/1912
f 1650/2640/1913 1653/2639/1913 1654/2641/1913 1651/2642/1913
f 1652/2643/1914 1655/2644/1914 1656/2645/1914 1653/2646/1914
f 1653/2646/1915 1656/2645/1915 1657/2647/1915 1654/2648/1915
f 4/49/1916 122/48/1916 1649/2637/1916 485/2105/1916
f 485/2105/1917 1649/2637/1917 1650/2640/1917 486/2104/1917
f 486/2104/1918 1650/2640/1918 1651/2642/1918 487/2103/1918
f 487/2103/1919 1651/2642/1919 562/2232/1583 71/2063/1582
f 1651/2642/1920 1654/2641/1920 563/2244/1920 562/2232/1920
f 1654/2648/1921 1657/2647/1921 564/2241/1921 563/2243/1921
f 1657/2647/1922 614/2649/1922 89/2242/1922 564/2241/1922
f 1656/2645/1923 615/2650/1923 614/2649/1923 1657/2647/1923
f 1655/2644/1924 616/2651/1924 615/2650/1924 1656/2645/1924
f 120/2652/1925 72/2653/1925 616/2651/1925 1655/2644/1925
f 121/2654/1926 120/2652/1926 1655/2644/1926 1652/2643/1926
f 122/48/1927 121/50/1927 1652/2638/1927 1649/2637/1927
f 3185/2655/1928 128/117/81 3182/122/83
f 3195/2656/1929 6/118/1929 128/117/1929 3185/2655/1929 3191/2657/1929 3190/2658/1929
f 1658/2659/1930 1661/2660/1930 1662/2661/1930 1659/2662/1930
f 1659/2662/1931 1662/2661/1931 1663/2663/1931 1660/2664/1931
f 1661/2660/1932 1664/2665/1932 1665/2666/1932 1662/2661/1932
f 1662/2661/1933 1665/2666/1933 1666/2667/1933 1663/2663/1933
f 110/2668/1934 654/2669/1934 1658/2659/1934 705/2670/1934
f 705/2670/1935 1658/2659/1935 1659/2662/1935 704/2671/1935
f 704/2671/1936 1659/2662/1936 1660/2664/1936 703/2672/1936
f 703/2673/1937 1660/2674/1937 714/2675/1937 113/2676/1937
f 1660/2674/1938 1663/2677/1938 713/2678/1938 714/2675/1938
f 1663/2677/1939 1666/2679/1939 712/2680/1939 713/2678/1939
f 1666/2679/1940 651/2681/1940 105/20/1940 712/2680/1940
f 1665/2666/1941 652/2025/1941 651/2026/1941 1666/2667/1941
f 1664/2665/1942 653/2024/1942 652/2025/1942 1665/2666/1942
f 656/2682/1943 103/2022/1943 653/2024/1943 1664/2665/1943
f 655/2683/1944 656/2682/1944 1664/2665/1944 1661/2660/1944
f 654/2669/1945 655/2683/1945 1661/2660/1945 1658/2659/1945
f 1667/2684/1946 1670/2685/1946 1671/2686/1946 1668/2687/1946
f 1668/2687/1947 1671/2686/1947 1672/2688/1947 1669/2689/1947
f 1670/2685/1948 1673/2690/1948 1674/2691/1948 1671/2686/1948
f 1671/2686/1949 1674/2691/1949 1675/2692/1949 1672/2688/1949
f 104/2318/1950 702/2693/1950 1667/2684/1950 626/2316/1950
f 626/2316/1951 1667/2684/1951 1668/2687/1951 625/2315/1951
f 625/2315/1655 1668/2687/1952 1669/2689/1952 624/2314/1656
f 624/2314/1653 1669/2689/1953 466/2694/1954 102/2188/1557
f 1669/2689/1953 1672/2688/1955 467/2695/1956 466/2694/1954
f 1672/2688/1957 1675/2692/1957 468/2696/1958 467/2695/1959
f 1675/2692/1960 482/230/1960 98/232/1961 468/2696/1962
f 1674/2691/1963 483/229/1963 482/230/1963 1675/2692/1963
f 1673/2690/1964 484/228/1964 483/229/1964 1674/2691/1964
f 700/2697/1965 96/2698/1965 484/228/1965 1673/2690/1965
f 701/2699/1966 700/2697/1966 1673/2690/1966 1670/2685/1966
f 702/2693/1967 701/2699/1967 1670/2685/1967 1667/2684/1967
f 1676/2700/1968 1679/2701/1969 1680/2702/1969 1677/2703/1970
f 1677/2703/1971 1680/2702/1971 1681/2704/1971 1678/2705/1971
f 1679/2701/1972 1682/2706/1972 1683/2707/1972 1680/2702/1972
f 1680/2702/1973 1683/2707/1973 1684/2708/1973 1681/2704/1973
f 102/2188/1557 466/2694/1954 1676/2700/1974 699/2186/1558
f 699/2186/1554 1676/2700/1968 1677/2703/1970 698/2185/1555
f 698/2185/1551 1677/2703/1975 1678/2705/1975 697/2183/1552
f 697/2183/1976 1678/2705/1976 621/2709/1976 103/2184/1976
f 1678/2705/1977 1681/2704/1977 622/2710/1977 621/2709/1977
f 1681/2704/1978 1684/2708/1978 623/2711/1978 622/2710/1978
f 1684/2712/1979 493/2150/1979 99/2036/1979 623/2035/1979
f 1683/2707/1980 494/2148/1980 493/2149/1980 1684/2708/1980
f 1682/2706/1981 495/2147/1981 494/2148/1981 1683/2707/1981
f 468/2696/1962 98/232/1961 495/2147/1982 1682/2706/1982
f 467/2695/1959 468/2696/1958 1682/2706/1983 1679/2701/1983
f 466/2694/1954 467/2695/1956 1679/2701/1984 1676/2700/1974
f 1685/2713/1985 1688/2714/1985 1689/2715/1985 1686/2716/1985
f 1686/2716/1986 1689/2715/1986 1690/2717/1986 1687/2718/1986
f 1688/2714/1987 1691/2719/1987 1692/2720/1987 1689/2715/1987
f 1689/2715/1988 1692/2720/1988 1693/2721/1988 1690/2717/1988
f 109/2616/1989 657/2615/1989 1685/2713/1989 683/2722/1989
f 683/2722/1990 1685/2713/1990 1686/2716/1990 682/2723/1990
f 682/2723/1991 1686/2716/1991 1687/2718/1991 681/2724/1991
f 681/2724/1992 1687/2718/1992 703/2725/1992 113/2726/1992
f 1687/2718/1993 1690/2717/1993 704/2727/1993 703/2725/1993
f 1690/2717/1994 1693/2721/1994 705/2728/1994 704/2727/1994
f 1693/2729/1995 666/2178/1995 110/2180/1995 705/2730/1995
f 1692/2731/1996 667/2177/1996 666/2178/1996 1693/2729/1996
f 1691/2732/1997 668/2176/1997 667/2177/1997 1692/2731/1997
f 659/2620/1998 108/2174/1998 668/2176/1998 1691/2732/1998
f 658/2617/1999 659/2618/1999 1691/2719/1999 1688/2714/1999
f 657/2615/2000 658/2617/2000 1688/2714/2000 1685/2713/2000
f 1694/2733/2001 1697/2734/2001 1698/2735/2001 1695/2736/2001
f 1695/2736/2002 1698/2735/2002 1699/2737/2002 1696/2738/2002
f 1697/2734/2003 1700/2739/2003 1701/2740/2003 1698/2735/2003
f 1698/2735/2004 1701/2740/2004 1702/2741/2004 1699/2737/2004
f 101/24/15 672/2116/2005 1694/2733/2005 635/22/16
f 635/22/2006 1694/2733/2006 1695/2736/2006 634/21/2006
f 634/21/2007 1695/2736/2007 1696/2738/2007 633/19/2007
f 633/19/2008 1696/2738/2008 712/2680/2008 105/20/2008
f 1696/2738/2009 1699/2737/2009 713/2678/2009 712/2680/2009
f 1699/2737/2010 1702/2741/2010 714/2675/2010 713/2678/2010
f 1702/2741/2011 681/2742/2011 113/2676/2011 714/2675/2011
f 1701/2740/2012 682/2743/2012 681/2742/2012 1702/2741/2012
f 1700/2739/2013 683/2744/2013 682/2743/2013 1701/2740/2013
f 674/2118/2014 109/2120/2014 683/2744/2014 1700/2739/2014
f 673/2117/1511 674/2118/1510 1700/2739/2015 1697/2734/2015
f 672/2116/1508 673/2117/1507 1697/2734/2016 1694/2733/2016
f 1707/2745/2017 1704/2746/2018 1703/2747/2019 1706/2748/2020
f 1704/2746/2021 1707/2745/2022 1708/2749/2023 1705/2750/2024
f 1710/2751/2025 1707/2745/2017 1706/2748/2020 1709/2752/2026
f 1711/2753/2027 1708/2749/2023 1707/2745/2022 1710/2751/2028
f 3212/2754/2029 1703/2747/2019 726/2755/2030 3208/2756/2029 3207/2757/2029 3206/2758/2029
f 1704/2746/2018 727/2759/2031 726/2755/2030 1703/2747/2019
f 727/2759/2032 1704/2746/2021 1705/2750/2024 728/2760/2033
f 728/2760/2034 1705/2750/2035 715/2761/2036 116/2762/2037
f 1705/2750/2035 1708/2749/2038 716/2763/2039 715/2761/2036
f 1708/2749/2038 1711/2753/2040 717/2764/2041 716/2763/2039
f 1711/2753/2040 720/108/2042 115/110/2042 717/2764/2041
f 720/108/73 1711/2753/2027 1710/2751/2028 719/107/71
f 719/107/2043 1710/2751/2025 1709/2752/2026 718/101/2044
f 718/101/2044 1709/2752/2026 3226/2765/2045 3227/2766/2045 3231/2767/2045 3209/102/2045
f 3226/2765/2045 1709/2752/2026 1706/2748/2020 3237/2768/2046 3238/2769/2047
f 3237/2768/2046 1706/2748/2020 1703/2747/2019 3212/2754/2029 3244/2770/2048
f 1712/2771/2049 1715/2772/2049 1716/2773/2049 1713/2774/2049
f 1713/2774/2050 1716/2773/2050 1717/2775/2050 1714/2776/2050
f 1715/2772/2051 1718/2777/2052 1719/2778/2053 1716/2773/2053
f 1716/2773/2054 1719/2778/2055 1720/2779/2056 1717/2775/2054
f 5/181/2057 724/2780/2057 1712/2771/2057 119/179/2057
f 119/179/2058 1712/2771/2058 1713/2774/2058 118/178/2058
f 118/178/2059 1713/2774/2059 1714/2776/2059 117/176/2059
f 117/176/2060 1714/2776/2060 721/2781/2060 2/177/2060
f 1714/2776/2061 1717/2775/2061 722/2782/2061 721/2781/2061
f 1717/2775/2062 1720/2779/2063 723/2783/2064 722/2782/2062
f 1720/2779/2063 728/2760/2034 116/2762/2037 723/2783/2064
f 1719/2778/2055 727/2759/2032 728/2760/2033 1720/2779/2056
f 727/2759/2065 1719/2778/2065 1718/2777/2066 726/2755/2067
f 3208/2756/2068 726/2755/2067 1718/2777/2066 3254/2784/2068 3253/2785/2068 3256/2786/2068 3255/2787/2068 3263/2788/2068
f 3267/2789/2069 3254/2784/2070 1718/2777/2052 1715/2772/2051 725/2790/2071
f 724/2780/2072 725/2790/2073 1715/2772/2074 1712/2771/2074
f 3268/2791/2075 1721/2792/2075 3269/2793/2075
f 3269/2793/2076 1721/2792/2076 127/2530/2076 3146/2532/2076 3278/2794/2076 3279/2795/2076 3277/2796/2076 3276/2797/2076
f 724/2780/2077 5/181/2077 127/2530/2077 1721/2792/2077
f 3289/2798/2078 725/2790/2073 724/2780/2072 1721/2792/2078 3268/2791/2078 3291/2799/2078 3290/2800/2078
f 3296/2801/2079 3267/2789/2069 725/2790/2071 3289/2798/2079 3295/2802/2079
f 1722/2803/2080 1725/2804/2080 1726/2805/2080 1723/2806/2080
f 1723/2807/2081 1726/2808/2081 1727/2809/2081 1724/2810/2081
f 1725/2804/2082 1728/2811/2082 1729/2812/2082 1726/2805/2082
f 1726/2808/2083 1729/2813/2083 1730/2814/2083 1727/2809/2083
f 116/2762/2084 715/2761/2085 1722/2803/2086 783/2815/2087
f 783/2815/2088 1722/2803/2088 1723/2806/2088 784/2816/2088
f 784/2817/2089 1723/2807/2089 1724/2810/2089 785/2818/2089
f 785/2818/2090 1724/2810/2090 567/2240/2090 89/2242/2090
f 1724/2810/2091 1727/2809/2091 566/2239/2091 567/2240/2091
f 1727/2809/2092 1730/2814/2092 565/2237/2092 566/2239/2092
f 1730/2814/2093 782/2819/2093 88/2238/2093 565/2237/2093
f 1729/2813/2094 781/2820/2094 782/2819/2094 1730/2814/2094
f 1728/2811/2095 780/2821/2095 781/2822/2095 1729/2812/2095
f 717/2764/2096 115/110/2096 780/2821/2096 1728/2811/2096
f 716/2763/2097 717/2764/2098 1728/2811/2098 1725/2804/2099
f 715/2761/2085 716/2763/2097 1725/2804/2099 1722/2803/2086
f 3307/2823/2100 1731/2824/2100 3309/2825/2100 3305/2826/2100
f 686/239/2101 112/243/2101 758/2827/2101 1731/2824/2101
f 3315/2828/2102 3314/2829/2102 685/240/2102 686/239/2102 1731/2824/2102 3307/2823/2102
f 3317/2830/2103 3316/2831/2103 684/2832/2103 685/240/2103 3314/2829/2103
f 107/2833/2104 684/2832/2104 3316/2831/2104 3324/2834/2104 3323/2835/2104 3322/2836/2104
f 3446/2837/2105 757/2838/2105 3448/2839/2105 3444/2840/2105
f 3309/2825/2106 1731/2824/2106 758/2827/2106 757/2838/2106 3446/2837/2106
f 1733/2841/2107 1742/2842/2107 1732/2843/2107 1734/2844/2107
f 1735/2845/2108 1734/2844/2108 1732/2843/2109 1736/2846/2110
f 1737/2847/2111 1736/2846/2110 1732/2843/2109 1738/2848/2111
f 1738/2848/2112 1732/2843/2112 1740/2849/2113 1739/2850/2114
f 1741/2851/2115 1740/2849/2115 1732/2843/2115 1742/2842/2115
f 100/2011/2116 777/2852/2116 1733/2841/2116 638/2009/2116
f 638/2009/2117 1733/2841/2117 1734/2844/2117 637/2008/2117
f 777/2852/2118 778/2853/2118 1742/2842/2118 1733/2841/2118
f 96/224/2119 636/2007/2119 1735/2845/2119 620/225/2119
f 620/225/2120 1735/2845/2120 1736/2846/2120 619/244/2120
f 636/2007/2121 637/2008/2121 1734/2844/2121 1735/2845/2121
f 112/243/2122 618/242/2122 1737/2847/2122 758/2827/2122
f 758/2827/2123 1737/2847/2123 1738/2848/2123 757/2838/2123
f 618/242/2124 619/244/2124 1736/2846/2124 1737/2847/2124
f 3463/2854/2125 1739/2850/2125 570/2281/2125 3242/2280/2125
f 570/2281/1622 1739/2850/2114 1740/2849/2113 569/2279/1622
f 3448/2839/2126 757/2838/2126 1738/2848/2126 1739/2850/2126 3463/2854/2126 3466/2855/2126
f 87/2276/2127 568/2278/2127 1741/2851/2127 779/2856/2127
f 779/2856/2128 1741/2851/2128 1742/2842/2128 778/2853/2128
f 568/2278/2129 569/2279/2129 1740/2849/2129 1741/2851/2129
f 687/2857/2130 107/2833/2130 3322/2836/2130 3468/2858/2130 3467/2859/2130
f 3188/2860/2131 687/2861/2131 3467/2862/2131 3479/2863/2131
f 3485/2864/2132 1744/2865/2132 1743/2866/2132 1746/2867/2132 3488/2868/2132
f 3490/2869/2133 1745/2870/2133 1744/2865/2133 3485/2864/2133 3492/2871/2133
f 3496/2872/2134 3488/2868/2134 1746/2867/2134
f 99/2036/2135 688/2152/2135 1743/2866/2135 644/2034/2135
f 644/2034/2136 1743/2866/2136 1744/2865/2136 643/2033/2136
f 688/2152/2137 689/2154/2137 1746/2867/2137 1743/2866/2137
f 1745/2870/2138 756/2084/2138 97/2032/2138 642/2031/2138
f 3101/2085/2139 756/2084/2139 1745/2870/2139 3490/2869/2139 3504/2873/2139
f 1744/2865/2140 1745/2870/2140 642/2031/2140 643/2033/2140
f 3521/2874/2141 690/2156/2141 3174/2157/2141 3520/2875/2141
f 3496/2872/2142 1746/2867/2142 689/2154/2142 690/2156/2142 3521/2874/2142 3526/2876/2142
f 3545/2877/2143 3539/2878/2143 3540/2879/2143 265/733/2143 92/735/2143 481/1949/2143 3544/2880/2143
f 3551/2881/2144 266/729/2144 265/733/2144 3540/2879/2144 3553/2882/2144 3550/2883/2144 3552/2884/2144
f 3561/2885/2145 3544/2880/2145 481/1949/2145 3517/1950/2145 3566/2886/2145 3562/2887/2145
f 3551/2881/2146 3570/730/2146 266/729/2146
f 3428/1744/2147 94/1000/2147 3574/999/2147 3573/2888/2147
f 1747/2889/2148 1750/2890/2148 1751/2891/2148 1748/2892/2148
f 1748/2893/2149 1751/2894/2149 1752/2895/2149 1749/2896/2149
f 1750/2890/2150 1753/2897/2150 1754/2898/2150 1751/2891/2150
f 1751/2894/2151 1754/2899/2151 1755/2900/2151 1752/2895/2151
f 25/776/2152 219/775/2152 1747/2889/2152 740/2901/2152
f 740/2901/2153 1747/2889/2153 1748/2892/2153 739/2902/2153
f 739/2903/2154 1748/2893/2154 1749/2896/2154 738/2904/2154
f 738/2904/2155 1749/2896/2156 580/2388/2157 84/2390/2155
f 1749/2896/2156 1752/2895/2158 579/2387/2158 580/2388/2157
f 1752/2895/2159 1755/2900/2159 578/2385/2159 579/2387/2159
f 3391/2386/2160 578/2385/2160 1755/2900/2160 3578/2905/2160
f 3578/2905/2161 1755/2900/2161 1754/2899/2161 3585/2906/2161 3582/2907/2161 3583/2908/2161
f 3585/2909/2162 1754/2898/2162 1753/2897/2162 3593/2910/2162 3594/2911/2162 3590/2912/2162 3589/2913/2162
f 3593/2910/2163 1753/2897/2163 221/778/2163 3602/779/2163 3600/2914/2163 3598/2915/2163 3597/2916/2163
f 220/777/2164 221/778/2164 1753/2897/2164 1750/2890/2164
f 219/775/2165 220/777/2165 1750/2890/2165 1747/2889/2165
f 1756/2917/2166 1759/2918/2166 1760/2919/2166 1757/2920/2166
f 1757/2921/2167 1760/2922/2167 1761/2923/2167 1758/2924/2167
f 1759/2918/2168 1762/2925/2168 1763/2926/2168 1760/2919/2168
f 1760/2927/2169 1763/2928/2169 1764/2929/2169 1761/2930/2169
f 16/926/2170 529/925/2170 1756/2917/2170 734/2551/2170
f 734/2551/2171 1756/2917/2171 1757/2920/2171 733/2552/2171
f 733/2550/2172 1757/2921/2172 1758/2924/2172 732/2548/2172
f 732/2548/2173 1758/2924/2173 589/2455/2173 80/538/2173
f 1758/2931/2174 1761/2930/2174 588/2453/2174 589/2454/2174
f 1761/2930/2175 1764/2929/2175 587/2452/2175 588/2453/2175
f 1764/2929/2176 738/2904/2176 84/2390/2176 587/2452/2176
f 1763/2928/2177 739/2903/2177 738/2904/2177 1764/2929/2177
f 1762/2925/2178 740/2901/2178 739/2902/2178 1763/2926/2178
f 531/928/2179 25/776/2179 740/2901/2179 1762/2925/2179
f 530/927/2180 531/928/2180 1762/2925/2180 1759/2918/2180
f 529/925/2181 530/927/2181 1759/2918/2181 1756/2917/2181
f 1765/2932/2182 1767/2933/2182 1768/2934/2182 1766/2935/2182
f 3477/2936/2183 1766/2935/2183 1768/2934/2183 3481/2937/2183 3476/2938/2183 3478/2939/2183
f 1767/2940/2184 1769/2941/2184 1770/2942/2184 1768/2943/2184
f 3481/2944/2185 1768/2945/2185 1770/2946/2185 3482/2947/2185 3484/2948/2185
f 10/417/2186 746/416/2186 1765/2932/2186 139/440/2186
f 139/440/2187 1765/2932/2187 1766/2935/2187 140/436/2187
f 140/436/2188 1766/2935/2188 3477/2936/2188 3472/2949/2188 3473/437/2188
f 3482/2947/2189 1770/2946/2189 600/2511/2189 3097/2513/2189
f 1769/2950/2190 599/2512/2190 600/2511/2190 1770/2946/2190
f 744/419/2191 77/298/2191 599/2510/2191 1769/2941/2191
f 745/420/2192 744/419/2192 1769/2941/2192 1767/2940/2192
f 746/416/2193 745/418/2193 1767/2933/2193 1765/2932/2193
f 1771/2951/2194 1774/2952/2194 1775/2953/2194 1772/2954/2194
f 1772/2954/2195 1775/2953/2195 1776/2955/2195 1773/2956/2195
f 1774/2957/2196 1777/2958/2196 1778/2959/2196 1775/2960/2196
f 1775/2961/2197 1778/2962/2197 1779/2963/2197 1776/2964/2197
f 1771/2951/2198 510/116/2198 6/118/2198 762/2965/2198
f 510/116/2199 1771/2951/2199 1772/2954/2199 509/115/2199
f 509/115/2200 1772/2954/2200 1773/2956/2200 508/113/2200
f 508/113/2201 1773/2956/2201 759/2966/2201 1/114/2201
f 1773/2956/2202 1776/2955/2202 760/2967/2202 759/2966/2202
f 1776/2964/2203 1779/2963/2203 761/2968/2203 760/2969/2203
f 1779/2963/2204 607/2575/2204 73/2578/2204 761/2968/2204
f 1778/2962/2205 606/2576/2205 607/2575/2205 1779/2963/2205
f 1777/2958/2206 605/2571/2206 606/2574/2206 1778/2959/2206
f 764/2970/2207 74/2572/2207 605/2571/2207 1777/2958/2207
f 763/2971/2208 764/2970/2208 1777/2958/2208 1774/2957/2208
f 1774/2952/2209 1771/2951/2209 762/2965/2209 763/2972/2209
f 1780/2973/2210 1783/2974/2210 1784/2975/2210 1781/2976/2210
f 1781/2977/2211 1784/2978/2211 1785/2979/2211 1782/2980/2211
f 1783/2974/2212 1786/2981/2212 1787/2982/2212 1784/2975/2212
f 1784/2983/2213 1787/2984/2213 1788/2985/2213 1785/2986/2213
f 115/110/2214 499/109/2214 1780/2973/2214 780/2821/2214
f 780/2821/2215 1780/2973/2215 1781/2976/2215 781/2822/2215
f 781/2820/2216 1781/2977/2216 1782/2980/2216 782/2819/2216
f 782/2819/2217 1782/2980/2217 610/2599/2217 88/2238/2217
f 1782/2987/2218 1785/2986/2218 609/2597/2218 610/2598/2218
f 1785/2986/2219 1788/2985/2219 608/2596/2219 609/2597/2219
f 1788/2985/2220 761/2968/2220 73/2578/2220 608/2596/2220
f 1787/2984/2221 760/2969/2221 761/2968/2221 1788/2985/2221
f 1786/2981/2222 759/2966/2222 760/2967/2222 1787/2982/2222
f 501/112/2223 1/114/2223 759/2966/2223 1786/2981/2223
f 500/111/2224 501/112/2224 1786/2981/2224 1783/2974/2224
f 499/109/2225 500/111/2225 1783/2974/2225 1780/2973/2225
f 3623/2988/2226 3629/2989/2226 762/2965/2226 6/118/2226 3195/2656/2226 3625/2990/2226 3624/2991/2226
f 3633/2992/2227 3636/2993/2227 763/2972/2227 762/2965/2227 3629/2989/2227 3630/2994/2227 3631/2995/2227
f 3643/2996/2228 764/2970/2228 763/2971/2228 3636/2997/2228 3638/2998/2228
f 3153/2628/2229 74/2572/2229 764/2970/2229 3643/2996/2229 3646/2628/2229
f 1789/2999/2230 1792/3000/2230 1793/3001/2230 1790/3002/2230
f 1790/3003/2231 1793/3004/2231 1794/3005/2231 1791/3006/2231
f 1792/3000/2232 1795/3007/2232 1796/3008/2232 1793/3001/2232
f 1793/3004/2233 1796/3009/2233 1797/3010/2233 1794/3005/2233
f 2/177/2234 721/2781/2234 1789/2999/2234 743/175/2234
f 743/175/2235 1789/2999/2235 1790/3002/2235 742/173/2235
f 742/3011/2236 1790/3003/2236 1791/3006/2236 741/3012/2236
f 741/3012/2237 1791/3006/2237 616/2651/2237 72/2653/2237
f 1791/3006/2238 1794/3005/2238 615/2650/2238 616/2651/2238
f 1794/3005/2239 1797/3010/2239 614/2649/2239 615/2650/2239
f 1797/3010/2240 785/2818/2240 89/2242/2240 614/2649/2240
f 1796/3009/2241 784/2817/2241 785/2818/2241 1797/3010/2241
f 1795/3007/2242 783/2815/2242 784/2816/2242 1796/3008/2242
f 723/2783/2243 116/2762/2084 783/2815/2087 1795/3007/2243
f 722/2782/2244 723/2783/2244 1795/3007/2244 1792/3000/2244
f 721/2781/2245 722/2782/2245 1792/3000/2245 1789/2999/2245
f 2359/3013/2246 2360/3014/2246 2363/3015/2246 2362/3016/2246
f 2360/3014/2247 2361/3017/2247 2364/3018/2247 2363/3015/2247
f 2362/3016/2248 2363/3015/2248 2366/3019/2248 2365/3020/2248
f 2363/3015/2249 2364/3018/2249 2367/3021/2249 2366/3019/2249
f 1833/3022/2250 1881/3023/2251 2359/3013/2252 2274/3024/2252
f 1881/3023/2253 1882/3025/2254 2360/3014/2255 2359/3013/2255
f 1882/3025/2256 1883/3026/2256 2361/3017/2256 2360/3014/2256
f 1883/3026/2257 1799/3027/2257 1884/3028/2258 2361/3017/2259
f 2361/3017/2259 1884/3028/2258 1885/3029/2260 2364/3018/2260
f 2364/3018/2261 1885/3029/2261 1886/3030/2261 2367/3021/2261
f 3598/2915/2262 3600/2914/2262 2367/3021/2262 1886/3030/2262 3594/2911/2262 3593/2910/2262 3597/2916/2262
f 3653/786/2263 2366/3019/2263 2367/3021/2263 3600/2914/2263 3602/779/2263 3650/782/2263 3651/781/2263 3652/780/2263
f 3660/783/2264 3661/790/2264 2365/3020/2264 2366/3019/2264 3653/786/2264 3657/785/2264 3662/784/2264
f 2276/3031/2265 2365/3020/2265 3661/790/2265 3666/789/2265 3669/788/2265
f 2275/3032/2266 2362/3016/2266 2365/3020/2266 2276/3031/2266
f 2274/3024/2267 2359/3013/2267 2362/3016/2267 2275/3032/2267
f 2368/3033/2268 2369/3034/2268 2372/3035/2268 2371/3036/2268
f 2369/3034/2269 2370/3037/2269 2373/3038/2269 2372/3035/2269
f 2371/3036/2270 2372/3035/2270 2375/3039/2270 2374/3040/2270
f 2372/3035/2271 2373/3038/2271 2376/3041/2271 2375/3039/2271
f 2368/3033/2272 2268/3042/2272 3676/837/2272 3674/836/2272 3675/835/2272
f 2369/3034/2273 2368/3033/2273 3675/835/2273 3681/834/2273 3682/838/2273 3679/841/2273 3680/840/2273
f 2370/3037/2274 2369/3034/2274 3680/840/2274 3686/839/2274 3687/842/2274 3684/845/2274 3365/844/2274 3364/2376/2274
f 1890/3043/2275 2370/3037/2275 3364/2376/2275 3363/2375/2275 3370/2374/2275 3369/2373/2275 3374/3044/2275
f 2370/3037/2276 1890/3043/2276 1891/3045/2276 2373/3038/2276
f 2373/3038/2277 1891/3045/2277 1892/3046/2278 2376/3041/2279
f 2376/3041/2279 1892/3046/2278 1801/3047/2280 2073/3048/2280
f 2375/3039/2281 2376/3041/2281 2073/3048/2281 2074/3049/2281
f 2374/3040/2282 2375/3039/2282 2074/3049/2283 2075/3050/2284
f 2270/3051/2285 2374/3040/2285 2075/3050/2285 1834/3052/2285
f 2269/3053/2286 2371/3036/2286 2374/3040/2286 2270/3051/2286
f 2268/3042/2287 2368/3033/2287 2371/3036/2287 2269/3053/2287
f 2377/3054/2288 2378/3055/2288 2381/3056/2288 2380/3057/2288
f 2378/3055/2289 2379/3058/2289 2382/3059/2289 2381/3056/2289
f 2380/3057/2290 2381/3056/2290 2384/3060/2290 2383/3061/2290
f 2381/3056/2291 2382/3059/2291 2385/3062/2291 2384/3060/2291
f 1832/3063/2292 2069/3064/2293 2377/3054/2294 2262/3065/2294
f 2069/3064/2295 2068/3066/2296 2378/3055/2297 2377/3054/2297
f 2068/3066/2298 2067/3067/2298 2379/3058/2298 2378/3055/2298
f 2067/3068/2299 1798/3069/2299 1908/3070/2299 2379/3071/2299
f 2379/3071/2300 1908/3070/2300 1909/3072/2300 2382/3073/2300
f 2382/3073/2301 1909/3072/2301 1910/3074/2301 2385/3075/2301
f 2385/3062/2302 1910/3076/2302 1802/3077/2302 2079/3078/2302
f 2384/3060/2303 2385/3062/2303 2079/3078/2303 2080/3079/2303
f 2383/3061/2304 2384/3060/2304 2080/3079/2304 2081/3080/2304
f 2264/3081/2305 2383/3061/2305 2081/3080/2305 1836/3082/2305
f 2263/3083/2306 2380/3057/2306 2383/3061/2306 2264/3081/2306
f 2262/3065/2307 2377/3054/2307 2380/3057/2307 2263/3083/2307
f 2386/3084/2308 2387/3085/2308 2390/3086/2308 2389/3087/2308
f 2387/3085/2309 2388/3088/2309 2391/3089/2309 2390/3086/2309
f 2389/3087/2310 2390/3086/2310 2393/3090/2310 2392/3091/2310
f 2390/3086/2311 2391/3089/2311 2394/3092/2311 2393/3090/2311
f 3542/548/2312 3549/547/2312 2386/3084/2312 1878/3093/2312 3556/553/2312 3555/552/2312 3559/551/2312 3543/545/2312
f 3536/544/2313 2387/3085/2313 2386/3084/2313 3549/547/2313 3527/541/2313
f 2388/3088/2314 2387/3085/2314 3536/544/2314 3535/544/2314 3576/559/2314 3604/573/2314
f 1889/3094/2315 2388/3088/2315 3604/573/2315 3603/572/2315 3588/565/2315 3587/571/2315 3586/570/2315 3599/569/2315
f 2388/3088/2316 1889/3094/2316 1888/3095/2316 2391/3089/2316
f 2391/3089/2317 1888/3095/2317 1887/3096/2317 2394/3092/2317
f 2394/3092/2318 1887/3096/2318 1800/3097/2318 1898/3098/2318
f 2393/3090/2319 2394/3092/2319 1898/3098/2319 1897/3099/2319
f 2392/3091/2320 2393/3090/2320 1897/3099/2320 1896/3100/2320
f 1880/3101/2321 2392/3091/2321 1896/3100/2321 1798/3069/2321
f 1879/3102/2322 2389/3087/2322 2392/3091/2322 1880/3101/2322
f 1878/3093/2323 2386/3084/2323 2389/3087/2323 1879/3102/2323
f 2395/3103/2324 2396/3104/2324 2399/3105/2324 2398/3106/2324
f 2396/3104/2325 2397/3107/2325 2400/3108/2325 2399/3105/2325
f 2398/3106/2326 2399/3105/2326 2402/3109/2326 2401/3110/2326
f 2399/3105/2327 2400/3108/2327 2403/3111/2327 2402/3109/2327
f 2395/3103/2328 1890/3112/2328 3374/3113/2328 3376/3114/2328 3375/3115/2328 3377/3116/2328 3379/3117/2328 3384/3118/2328
f 3390/3119/2329 2396/3104/2329 2395/3103/2329 3384/3118/2329 3385/3120/2329
f 3583/3121/2330 2397/3107/2330 2396/3104/2330 3390/3119/2330 3391/3119/2330 3578/3122/2330
f 3594/3123/2331 1886/3124/2331 2397/3107/2331 3583/3121/2331 3582/3125/2331 3585/3126/2331 3589/3127/2331 3590/3128/2331
f 2397/3107/2332 1886/3124/2332 1885/3129/2332 2400/3108/2332
f 2400/3108/2333 1885/3129/2333 1884/3130/2333 2403/3111/2333
f 2403/3111/2334 1884/3130/2334 1799/3131/2334 1901/3132/2334
f 2402/3109/2335 2403/3111/2335 1901/3132/2335 1900/3133/2335
f 2401/3110/2336 2402/3109/2336 1900/3133/2336 1899/3134/2336
f 1892/3135/2337 2401/3136/2337 1899/3137/2337 1801/3138/2337
f 1891/3139/2338 2398/3140/2338 2401/3136/2338 1892/3135/2338
f 1890/3112/2339 2395/3103/2339 2398/3106/2339 1891/3141/2339
f 1931/3142/2340 1802/3143/2340 3339/3144/2340 3341/3145/2340 3344/3146/2340 3347/3147/2340 3348/3148/2340 3351/3149/2340 3354/3150/2340
f 3511/3151/2341 1803/3152/2341 1926/3153/2341 3493/3154/2341 3495/3155/2341 3494/3156/2341 3499/3157/2341 3501/3158/2341 3508/3159/2341
f 3493/3154/2342 1926/3153/2342 1927/3160/2342 3389/3161/2342 3393/3162/2342 3392/3163/2342 3489/3164/2342 3491/3165/2342
f 3388/3166/2343 3389/3161/2343 1927/3160/2343 1928/3167/2343 3366/3168/2343 3368/3169/2343 3386/3170/2343
f 3366/319/2344 1928/3171/2344 1807/3172/2344 3382/326/2344 3371/322/2344 3372/321/2344 3362/320/2344
f 3475/3173/2345 1804/3174/2345 1929/3175/2345 3460/3176/2345 3462/3177/2345 3464/3178/2345 3465/3179/2345
f 3460/3176/2346 1929/3175/2346 1930/3180/2346 3469/3181/2346 3470/3182/2346 3471/3183/2346 3461/3184/2346
f 3469/3181/2347 1930/3180/2347 1931/3185/2347 3354/3186/2347 3353/3187/2347 3352/3188/2347 3356/3189/2347 3361/3190/2347
f 2404/3191/2348 2405/3192/2348 3419/3193/2348 3422/3194/2348 3426/3195/2348 3398/3196/2348 3397/3197/2348 3401/3198/2348
f 2405/3192/2349 2406/3199/2349 3439/3200/2349 3440/3201/2349 3445/3202/2349 3458/3203/2349 3459/3204/2349 3418/3193/2349 3419/3193/2349
f 1798/3069/2350 1896/3100/2350 2404/3191/2350 1908/3070/2350
f 1896/3100/2351 1897/3099/2351 2405/3192/2351 2404/3191/2351
f 1897/3099/2352 1898/3098/2352 2406/3199/2352 2405/3192/2352
f 1898/3098/2353 1800/3097/2353 1914/3205/2353 2406/3199/2353
f 1914/3205/2354 1915/3206/2354 3449/3207/2354 3442/3208/2354 3439/3200/2354 2406/3199/2354
f 3450/3209/2355 3449/3210/2355 1915/3211/2355 1916/3212/2355 3457/3213/2355 3453/3214/2355 3451/3215/2355
f 3457/3213/2356 1916/3212/2356 1803/3152/2356 3511/3151/2356 3512/3216/2356 3515/3217/2356 3456/3218/2356 3455/3219/2356
f 1802/3143/2357 1910/3220/2357 3432/3221/2357 3431/3222/2357 3435/3223/2357 3334/3224/2357 3335/3225/2357 3339/3144/2357
f 1910/3074/2358 1909/3072/2358 3406/3226/2358 3407/3227/2358 3411/3228/2358 3412/3229/2358 3432/3230/2358
f 3406/3226/2359 1909/3072/2359 1908/3070/2359 2404/3191/2359 3401/3198/2359 3402/3231/2359 3405/3232/2359
f 3283/3233/2360 2410/3234/2360 2407/3235/2360 2408/3236/2360 3325/3237/2360 3318/3238/2360 3319/3239/2360 3299/3240/2360 3284/3241/2360
f 2408/3236/2361 2409/3242/2361 2411/3243/2361 3117/3244/2361 3115/3245/2361 3114/3246/2361 3137/3247/2361 3136/3237/2361 3325/3237/2361
f 2410/3234/2362 3283/3233/2362 3282/3248/2362 3286/3249/2362
f 2411/3243/2363 3118/3250/2363 3117/3244/2363
f 1801/3251/2364 1899/3134/2364 2407/3235/2364 1919/3252/2364
f 1899/3134/2365 1900/3133/2365 2408/3236/2365 2407/3235/2365
f 1900/3133/2366 1901/3132/2366 2409/3242/2366 2408/3236/2366
f 1901/3132/2367 1799/3131/2367 1913/3253/2367 2409/3242/2367
f 2409/3242/2368 1913/3253/2368 1912/3254/2368 2411/3243/2368
f 2411/3243/2369 1912/3254/2369 1911/3255/2369 3148/3256/2369 3143/3257/2369 3132/3258/2369 3129/3259/2369 3119/3260/2369 3118/3250/2369
f 3148/3256/2370 1911/3255/2370 3278/3261/2370 3146/3262/2370
f 1917/3263/2371 3312/3264/2371 3313/3265/2371 3158/3266/2371 3159/3267/2371
f 3312/3264/2372 1917/3263/2372 1918/3268/2372 2410/3234/2372 3286/3249/2372 3285/3269/2372 3304/3270/2372 3306/3271/2372 3308/3272/2372 3311/3273/2372
f 1919/3252/2373 2407/3235/2373 2410/3234/2373 1918/3268/2373
f 2412/3274/2374 2413/3275/2374 2416/3276/2374 2415/3277/2374
f 2413/3275/2375 2414/3278/2375 2417/3279/2375 2416/3276/2375
f 2415/3277/2376 2416/3276/2376 2419/3280/2376 2418/3281/2376
f 2416/3276/2377 2417/3279/2377 2420/3282/2377 2419/3280/2377
f 1834/3052/2378 2075/3050/2379 2412/3274/2379 2256/3283/2380
f 2075/3050/2284 2074/3049/2283 2413/3275/2381 2412/3274/2381
f 2074/3049/2382 2073/3048/2382 2414/3278/2382 2413/3275/2382
f 2073/3048/2383 1801/3047/2383 1919/3284/2383 2414/3278/2383
f 2414/3278/2384 1919/3284/2384 1918/3285/2384 2417/3279/2384
f 2417/3279/2385 1918/3285/2385 1917/3286/2385 2420/3282/2385
f 3157/2135/2386 2085/3287/2386 2420/3282/2386 1917/3286/2386 3159/2137/2386 3160/2136/2386
f 2419/3280/2387 2420/3282/2387 2085/3287/2387 2086/3288/2387
f 2418/3281/2388 2419/3280/2388 2086/3288/2388 2087/3289/2388
f 2258/3290/2389 2418/3281/2389 2087/3289/2389 1838/3291/2389
f 2257/3292/2390 2415/3277/2390 2418/3281/2390 2258/3290/2390
f 2256/3283/2391 2412/3274/2391 2415/3277/2391 2257/3292/2391
f 3569/2050/2392 1948/3293/2392 1806/3294/2392 3454/2051/2392
f 1805/3295/2393 1943/3296/2393 3206/2758/2393 3207/2757/2393
f 3206/2758/2394 1943/3296/2394 1944/3297/2394 3244/2770/2394 3212/2754/2394
f 3244/2770/2395 1944/3297/2395 1945/3298/2395 3238/2769/2395 3237/2768/2395
f 3238/2769/2396 1945/3298/2396 1809/3299/2396 3227/2766/2396 3226/2765/2396
f 3564/2058/2397 1810/3300/2397 1946/3301/2397 3577/2055/2397 3575/2054/2397
f 3577/2055/2398 1946/3301/2398 1947/3302/2398 3572/2053/2398 3571/2052/2398
f 3572/2053/2399 1947/3302/2399 1948/3293/2399 3569/2050/2399 3565/2049/2399
f 2421/3303/2400 2422/3304/2400 2425/3305/2400 2424/3306/2400
f 2422/3304/2401 2423/3307/2401 2426/3308/2401 2425/3305/2401
f 2424/3306/2402 2425/3305/2402 2428/3309/2402 2427/3310/2402
f 2425/3305/2403 2426/3308/2403 2429/3311/2403 2428/3309/2403
f 1836/3082/2404 2081/3080/2404 2421/3303/2404 2250/3312/2404
f 2081/3080/2405 2080/3079/2405 2422/3304/2405 2421/3303/2405
f 2080/3079/2406 2079/3078/2406 2423/3307/2406 2422/3304/2406
f 2079/3078/2407 1802/3077/2407 1931/3313/2407 2423/3307/2407
f 2423/3307/2408 1931/3313/2408 1930/3314/2408 2426/3308/2408
f 2426/3308/2409 1930/3314/2409 1929/3315/2409 2429/3311/2409
f 2429/3311/2410 1929/3315/2410 1804/3316/2410 2091/3317/2410
f 2428/3309/2411 2429/3311/2411 2091/3317/2411 2092/3318/2411
f 2427/3310/2412 2428/3309/2412 2092/3318/2412 2093/3319/2412
f 2252/3320/2413 2427/3310/2413 2093/3319/2413 1840/3321/2413
f 2251/3322/2414 2424/3306/2414 2427/3310/2414 2252/3320/2414
f 2250/3312/2415 2421/3303/2415 2424/3306/2415 2251/3322/2415
f 3256/3323/2416 3253/3324/2416 1932/3325/2416 3255/3326/2416
f 1932/3327/2417 1805/3295/2417 3207/2757/2417 3208/2756/2417 3263/2788/2417 3255/2787/2417
f 3454/2051/2418 1806/3294/2418 1933/3328/2418 3123/2101/2418 3122/2100/2418 3116/2047/2418
f 3123/2101/2419 1933/3328/2419 3121/2102/2419
f 2430/3329/2420 2431/3330/2420 2434/3331/2420 2433/3332/2420
f 2431/3330/2421 2432/3333/2422 2435/3334/2423 2434/3331/2423
f 2433/3332/2424 2434/3331/2424 2437/3335/2424 2436/3336/2424
f 2434/3331/2425 2435/3334/2425 2438/3337/2425 2437/3335/2425
f 1838/3291/2426 2087/3289/2426 2430/3329/2426 2244/3338/2426
f 2087/3289/2427 2086/3288/2427 2431/3330/2427 2430/3329/2427
f 2086/3288/2428 2085/3287/2428 2432/3333/2422 2431/3330/2421
f 3150/2132/2429 2432/3333/2429 2085/3287/2429 3157/2135/2429 3154/2134/2429 3134/2127/2429 3133/2126/2429 3151/2133/2429
f 3142/2130/2430 2435/3334/2430 2432/3333/2430 3150/2132/2430 3140/2129/2430 3141/2131/2430
f 3121/2102/2431 1933/3328/2431 2438/3337/2431 2435/3334/2431 3142/2130/2431 3108/2099/2431 3109/2098/2431
f 2438/3337/2432 1933/3328/2432 1806/3294/2432 2097/3339/2432
f 2437/3335/2433 2438/3337/2433 2097/3339/2433 2098/3340/2433
f 2436/3336/2434 2437/3335/2434 2098/3340/2434 2099/3341/2434
f 2246/3342/2435 2436/3336/2435 2099/3341/2435 1842/3343/2435
f 2245/3344/2436 2433/3332/2436 2436/3336/2436 2246/3342/2436
f 2244/3338/2437 2430/3329/2437 2433/3332/2437 2245/3344/2437
f 2439/3345/2438 2440/3346/2439 2443/3347/2440 2442/3348/2441
f 2440/3346/2442 2441/3349/2442 2444/3350/2442 2443/3347/2442
f 2442/3348/2441 2443/3347/2440 2446/3351/2443 2445/3352/2444
f 2443/3347/2445 2444/3350/2445 2447/3353/2445 2446/3351/2445
f 1845/3354/2446 2110/3355/2447 2439/3345/2448 2238/3356/2449
f 2110/3355/2450 2109/3357/2451 2440/3346/2439 2439/3345/2438
f 2109/3357/2452 2108/3358/2452 2441/3349/2452 2440/3346/2452
f 2108/3358/2453 1810/3300/2453 1962/3359/2453 2441/3349/2453
f 2441/3349/2454 1962/3359/2454 1963/3360/2454 2444/3350/2454
f 2444/3350/2455 1963/3360/2455 1964/3361/2455 2447/3353/2455
f 2447/3353/2456 1964/3361/2456 1814/3362/2456 2117/3363/2456
f 2446/3351/2457 2447/3353/2457 2117/3363/2457 2118/3364/2457
f 2445/3352/2444 2446/3351/2443 2118/3364/2458 2119/3365/2459
f 2240/3366/2460 2445/3352/2461 2119/3365/2462 1847/3367/2463
f 2239/3368/2464 2442/3348/2465 2445/3352/2461 2240/3366/2460
f 2238/3356/2449 2439/3345/2448 2442/3348/2465 2239/3368/2464
f 2448/3369/2466 2449/3370/2466 2452/3371/2466 2451/3372/2466
f 2449/3370/2467 2450/3373/2467 2453/3374/2467 2452/3371/2467
f 2451/3372/2468 2452/3371/2468 2455/3375/2468 2454/3376/2468
f 2452/3371/2469 2453/3374/2469 2456/3377/2469 2455/3375/2469
f 1842/3343/2470 2099/3341/2470 2448/3369/2470 2235/3378/2470
f 2099/3341/2471 2098/3340/2471 2449/3370/2471 2448/3369/2471
f 2098/3340/2472 2097/3339/2472 2450/3373/2472 2449/3370/2472
f 2097/3339/2473 1806/3294/2473 1948/3293/2473 2450/3373/2473
f 2450/3373/2474 1948/3293/2474 1947/3302/2474 2453/3374/2474
f 2453/3374/2475 1947/3302/2475 1946/3301/2475 2456/3377/2475
f 2456/3377/2476 1946/3301/2476 1810/3300/2476 2108/3358/2476
f 2455/3375/2477 2456/3377/2477 2108/3358/2477 2109/3357/2477
f 2454/3376/2478 2455/3375/2478 2109/3357/2451 2110/3355/2450
f 2237/3379/2479 2454/3376/2480 2110/3355/2447 1845/3354/2446
f 2236/3380/2481 2451/3372/2481 2454/3376/2480 2237/3379/2479
f 2235/3378/2482 2448/3369/2482 2451/3372/2482 2236/3380/2482
f 2457/3381/2483 2458/3382/2483 2461/3383/2483 2460/3384/2483
f 2458/3382/2484 2459/3385/2484 2462/3386/2484 2461/3383/2484
f 2460/3384/2485 2461/3383/2485 2464/3387/2485 2463/3388/2485
f 2461/3383/2486 2462/3386/2486 2465/3389/2486 2464/3387/2486
f 3478/3390/2487 3476/3391/2487 2457/3381/2487 1954/3392/2487 1804/3174/2487 3475/3173/2487 3474/3393/2487 3473/3394/2487 3472/3395/2487 3477/3396/2487
f 2458/3382/2488 2457/3381/2488 3476/3391/2488 3481/3397/2488 3484/3398/2488 3482/3399/2488 3097/3400/2488
f 2459/3385/2489 2458/3382/2489 3097/3400/2489 3092/3401/2489 3091/3402/2489 3087/3403/2489 3086/3404/2489
f 3382/326/2490 1807/3172/2490 1951/3405/2490 2459/3406/2490 3086/2501/2490 3085/2504/2490 3089/2503/2490 3103/2514/2490 3104/328/2490 3378/327/2490
f 2459/3406/2491 1951/3405/2491 1950/3407/2491 2462/3408/2491
f 2462/3408/2492 1950/3407/2492 1949/3409/2492 2465/3410/2492
f 2465/3410/2493 1949/3409/2493 1811/3411/2493 1942/3412/2493
f 2464/3387/2494 2465/3389/2494 1942/3413/2494 1941/3414/2494
f 2463/3388/2495 2464/3387/2495 1941/3414/2495 1940/3415/2495
f 1952/3416/2496 2463/3388/2496 1940/3415/2496 1808/3417/2496
f 1953/3418/2497 2460/3384/2497 2463/3388/2497 1952/3416/2497
f 1954/3392/2498 2457/3381/2498 2460/3384/2498 1953/3418/2498
f 2466/3419/2499 2467/3420/2499 2470/3421/2499 2469/3422/2499
f 2467/3420/2500 2468/3423/2500 2471/3424/2500 2470/3421/2500
f 2469/3422/2501 2470/3421/2501 2473/3425/2501 2472/3426/2501
f 2470/3421/2502 2471/3424/2502 2474/3427/2502 2473/3425/2502
f 1840/3321/2503 2093/3319/2503 2466/3419/2503 2229/3428/2503
f 2093/3319/2504 2092/3318/2504 2467/3420/2504 2466/3419/2504
f 2092/3318/2505 2091/3317/2505 2468/3423/2505 2467/3420/2505
f 2091/3317/2506 1804/3316/2506 1954/3429/2506 2468/3423/2506
f 2468/3423/2507 1954/3429/2507 1953/3430/2507 2471/3424/2507
f 2471/3424/2508 1953/3430/2508 1952/3431/2508 2474/3427/2508
f 2474/3427/2509 1952/3431/2509 1808/3432/2509 2103/3433/2509
f 2473/3425/2510 2474/3427/2510 2103/3433/2511 2104/3434/2512
f 2472/3426/2513 2473/3425/2513 2104/3434/2514 2105/3435/2515
f 2231/3436/2516 2472/3426/2516 2105/3435/2517 3505/3437/2518 3506/3438/2516 3509/3439/2516
f 2230/3440/2519 2469/3422/2519 2472/3426/2519 2231/3436/2519
f 2229/3428/2520 2466/3419/2520 2469/3422/2520 2230/3440/2520
f 2475/3441/2521 2476/3442/2521 2479/3443/2521 2478/3444/2521
f 2476/3442/2522 2477/3445/2522 2480/3446/2522 2479/3443/2522
f 2478/3444/2523 2479/3443/2523 2482/3447/2523 2481/3448/2523
f 2479/3443/2524 2480/3446/2524 2483/3449/2524 2482/3447/2524
f 1873/3450/2525 2358/3451/2526 2475/3441/2527 2329/3452/2528
f 2358/3451/2529 2357/3453/2529 2476/3442/2529 2475/3441/2529
f 2357/3453/2530 2356/3454/2530 2477/3445/2530 2476/3442/2530
f 2356/3455/2531 1872/3456/2531 1984/3457/2532 2477/3458/2533
f 2477/3458/2533 1984/3457/2532 1985/3459/2534 2480/3460/2534
f 2480/3460/2535 1985/3459/2535 1986/3461/2535 2483/3462/2535
f 2483/3462/2536 1986/3461/2536 1819/3463/2536 1980/3464/2536
f 2482/3447/2537 2483/3449/2537 1980/3465/2537 1979/3466/2537
f 2481/3448/2538 2482/3447/2538 1979/3466/2538 1978/3467/2538
f 2327/3468/2539 2481/3448/2539 1978/3467/2539 1816/3469/2539
f 2328/3470/2540 2478/3444/2540 2481/3448/2540 2327/3468/2540
f 2329/3452/2528 2475/3441/2527 2478/3444/2541 2328/3470/2541
f 2484/3471/2542 2485/3472/2542 2488/3473/2542 2487/3474/2542
f 2485/3472/2543 2486/3475/2543 2489/3476/2543 2488/3473/2543
f 2487/3474/2544 2488/3473/2544 2491/3477/2544 2490/3478/2544
f 2488/3473/2545 2489/3476/2545 2492/3479/2545 2491/3477/2545
f 1808/3417/2546 1940/3415/2546 2484/3471/2546 1970/3480/2546
f 1940/3415/2547 1941/3414/2547 2485/3472/2547 2484/3471/2547
f 1941/3414/2548 1942/3413/2548 2486/3475/2548 2485/3472/2548
f 1942/3412/2549 1811/3411/2549 1967/3481/2549 2486/3482/2549
f 2486/3482/2550 1967/3481/2550 1966/3483/2550 2489/3484/2550
f 2489/3484/2551 1966/3483/2551 1965/3485/2551 2492/3486/2551
f 2492/3486/2552 1965/3485/2552 1815/3487/2553 1961/3488/2554
f 2491/3477/2555 2492/3479/2555 1961/3489/2556 1960/3490/2557
f 2490/3478/2558 2491/3477/2558 1960/3490/2559 1959/3491/2560
f 1968/3492/2561 2490/3478/2561 1959/3491/2562 1812/3493/2563
f 1969/3494/2564 2487/3474/2564 2490/3478/2564 1968/3492/2564
f 1970/3480/2565 2484/3471/2565 2487/3474/2565 1969/3494/2565
f 3513/3495/2566 2493/3496/2567 2495/3497/2568 3518/3498/2569 3519/3499/2570 3514/3500/2570
f 2493/3496/2571 2494/3501/2572 2496/3502/2573 2495/3497/2574
f 2495/3497/2568 3524/3503/2575 3518/3498/2569
f 2495/3497/2574 2496/3502/2573 2497/3504/2576 3528/3505/2577 3529/3506/2578 3531/3507/2578 3530/3508/2578 3524/3503/2578
f 3505/3437/2518 2105/3435/2517 3537/3509/2579 3538/3510/2579 3541/3511/2579
f 2105/3435/2515 2104/3434/2514 2493/3496/2567 3513/3495/2566 3537/3509/2580
f 2104/3434/2512 2103/3433/2511 2494/3501/2572 2493/3496/2571
f 2103/3433/2581 1808/3432/2581 1970/3512/2581 2494/3501/2581
f 2494/3501/2582 1970/3512/2582 1969/3513/2582 2496/3502/2582
f 2496/3502/2583 1969/3513/2583 1968/3514/2584 2497/3504/2585
f 2497/3504/2585 1968/3514/2584 1812/3515/2586 2113/3516/2587
f 3528/3505/2577 2497/3504/2576 2113/3516/2588 3560/3517/2588 3558/3518/2589 3554/3519/2589
f 3568/2057/2590 1962/3359/2590 1810/3300/2590 3564/2058/2590
f 1809/3299/2591 1973/3520/2591 3231/2767/2591 3227/2766/2591
f 1973/3520/2592 1972/3521/2592 3211/104/2592 3210/103/2592 3209/102/2592 3231/2767/2592
f 1972/3521/2593 1971/3522/2593 3217/106/2593 3219/105/2593 3211/104/2593
f 1971/3522/2594 1813/3523/2594 3245/124/2594 3246/123/2594 3216/100/2594 3217/106/2594
f 3120/3524/2595 1814/3525/2595 1964/3526/2595 3074/3527/2595 3073/3528/2595 3072/3529/2595
f 3074/70/2596 1964/3361/2596 1963/3360/2596 3082/72/2596 3081/71/2596
f 3082/72/2597 1963/3360/2597 1962/3359/2597 3568/2057/2597 3579/2056/2597 3083/66/2597
f 2498/3530/2598 2499/3531/2598 2502/3532/2598 2501/3533/2598
f 2499/3531/2599 2500/3534/2599 2503/3535/2599 2502/3532/2599
f 2501/3533/2600 2502/3532/2600 2505/3536/2600 2504/3537/2600
f 2502/3532/2601 2503/3535/2601 2506/3538/2601 2505/3536/2601
f 1825/3539/2602 2042/3540/2602 2498/3530/2602 2024/3541/2602
f 2042/3540/2603 2041/3542/2603 2499/3531/2603 2498/3530/2603
f 2041/3542/2604 2040/3543/2604 2500/3534/2604 2499/3531/2604
f 2040/3543/2605 1824/3544/2605 2007/3545/2605 2500/3534/2605
f 2500/3534/2606 2007/3545/2606 2008/3546/2606 2503/3535/2606
f 2503/3535/2607 2008/3546/2607 2009/3547/2607 2506/3538/2607
f 2506/3538/2608 2009/3547/2608 1821/3548/2608 2006/3549/2608
f 2505/3536/2609 2506/3538/2609 2006/3549/2609 2005/3550/2609
f 2504/3537/2610 2505/3536/2610 2005/3550/2610 2004/3551/2610
f 2022/3552/2611 2504/3537/2611 2004/3551/2611 1822/3553/2611
f 2023/3554/2612 2501/3533/2612 2504/3537/2612 2022/3552/2612
f 2024/3541/2613 2498/3530/2613 2501/3533/2613 2023/3554/2613
f 3510/3555/2614 2507/3556/2614 2508/3557/2615 3503/3558/2616 3502/3559/2617
f 3503/3558/2616 2508/3557/2615 2509/3560/2618 3523/3561/2618 3522/3562/2618 3525/3563/2618 3507/3564/2618
f 2220/3565/2619 3441/3566/2620 3433/3567/2620 3434/3568/2621
f 3532/3569/2622 2355/3570/2622 2507/3556/2614 3510/3555/2614 3498/3571/2623 3497/3572/2623 3500/3573/2623
f 2355/3570/2624 1873/3574/2625 2329/3575/2626 2507/3556/2627
f 2507/3556/2627 2329/3575/2626 2328/3576/2628 2508/3557/2628
f 2508/3557/2629 2328/3576/2629 2327/3577/2629 2509/3560/2629
f 2509/3560/2630 2327/3577/2630 1816/3578/2630 2123/3579/2630
f 3523/3561/2631 2509/3560/2631 2123/3579/2631 3561/3580/2631 3562/3581/2631 3566/3582/2631 3517/3583/2631 3516/3584/2631
f 3641/3585/2632 1848/3586/2633 2222/3587/2634 3637/3588/2635 3642/3589/2636
f 3637/3588/2635 2222/3587/2634 2221/3590/2637 3427/3591/2638 3428/3592/2639 3573/3593/2639 3574/3594/2639
f 3427/3591/2638 2221/3590/2637 2220/3565/2619 3434/3568/2621
f 3646/3595/2640 2511/3596/2640 2510/3597/2640 3167/3598/2640 3164/3599/2640 3163/3600/2640 3156/3601/2640 3155/3602/2640 3153/3595/2640
f 3631/3603/2641 2512/3604/2641 2511/3596/2641 3646/3595/2641 3643/3605/2641 3638/3606/2641 3636/3607/2641 3633/3608/2641
f 2510/3597/2642 2511/3596/2642 2514/3609/2642 2513/3610/2642
f 2511/3596/2643 2512/3604/2643 2515/3611/2643 2514/3609/2643
f 2335/3612/2644 1875/3613/2644 3259/3614/2644 3176/3615/2644 3175/3616/2644
f 3190/2658/2645 1874/3617/2646 2332/3618/2647 3624/2991/2647 3625/2990/2647 3195/2656/2647
f 3624/2991/2648 2332/3618/2648 2331/3619/2648 2512/3620/2648 3631/2995/2648 3630/2994/2648 3629/2989/2648 3623/2988/2648
f 2512/3620/2649 2331/3619/2649 2330/3621/2649 2515/3622/2649
f 2515/3622/2650 2330/3621/2650 1817/3623/2650 1983/3624/2650
f 2514/3609/2651 2515/3611/2651 1983/3625/2651 1982/3626/2651
f 2513/3610/2652 2514/3609/2652 1982/3626/2652 1981/3627/2652
f 2333/3628/2653 2513/3610/2653 1981/3627/2653 1818/3629/2653
f 2334/3630/2654 2510/3597/2654 2513/3610/2654 2333/3628/2654
f 3167/3598/2655 2510/3597/2655 2334/3630/2655 2335/3612/2655 3175/3616/2655 3170/3631/2655 3168/3632/2655
f 2516/3633/2656 2517/3634/2657 2520/3635/2658 2519/3636/2659
f 2517/3634/2660 2518/3637/2661 2521/3638/2662 2520/3635/2663
f 2519/3636/2659 2520/3635/2658 2523/3639/2664 2522/3640/2665
f 2520/3635/2663 2521/3638/2662 2524/3641/2666 2523/3639/2666
f 1876/3642/2667 2354/3643/2668 2516/3633/2669 2214/3644/2670
f 2354/3643/2671 2353/3645/2672 2517/3634/2657 2516/3633/2656
f 2353/3645/2673 2352/3646/2674 2518/3637/2661 2517/3634/2660
f 2352/3646/2675 1875/3647/2676 2335/3648/2677 2518/3637/2678
f 2518/3637/2678 2335/3648/2677 2334/3649/2679 2521/3638/2679
f 2521/3638/2680 2334/3649/2680 2333/3650/2680 2524/3641/2680
f 2524/3641/2681 2333/3650/2681 1818/3651/2681 2127/3652/2681
f 2523/3639/2682 2524/3641/2682 2127/3652/2682 2128/3653/2682
f 2522/3640/2665 2523/3639/2664 2128/3653/2683 2129/3654/2683
f 2216/3655/2684 2522/3640/2685 2129/3654/2686 1850/3656/2686
f 2215/3657/2687 2519/3636/2688 2522/3640/2685 2216/3655/2684
f 2214/3644/2670 2516/3633/2669 2519/3636/2688 2215/3657/2687
f 2525/3658/2689 2526/3659/2689 2529/3660/2689 2528/3661/2689
f 2526/3659/2690 2527/3662/2690 2530/3663/2690 2529/3660/2690
f 2528/3661/2691 2529/3660/2691 2532/3664/2691 2531/3665/2691
f 2529/3660/2692 2530/3663/2692 2533/3666/2692 2532/3664/2692
f 1820/3667/2693 2001/3668/2693 2525/3658/2693 2060/3669/2693
f 2001/3668/2694 2002/3670/2694 2526/3659/2694 2525/3658/2694
f 2002/3670/2695 2003/3671/2695 2527/3662/2695 2526/3659/2695
f 2003/3671/2696 1823/3672/2696 2055/3673/2696 2527/3662/2696
f 2527/3662/2697 2055/3673/2697 2056/3674/2697 2530/3663/2697
f 2530/3663/2698 2056/3674/2698 2057/3675/2698 2533/3666/2698
f 2533/3666/2699 2057/3675/2699 1831/3676/2699 2051/3677/2699
f 2532/3664/2700 2533/3666/2700 2051/3677/2700 2050/3678/2700
f 2531/3665/2701 2532/3664/2701 2050/3678/2701 2049/3679/2701
f 2058/3680/2702 2531/3665/2702 2049/3679/2702 1828/3681/2702
f 2059/3682/2703 2528/3661/2703 2531/3665/2703 2058/3680/2703
f 2060/3669/2704 2525/3658/2704 2528/3661/2704 2059/3682/2704
f 2534/3683/2705 2535/3684/2705 2538/3685/2705 2537/3686/2705
f 2535/3684/2706 2536/3687/2706 2539/3688/2707 2538/3685/2708
f 2537/3686/2709 2538/3685/2709 2541/3689/2709 2540/3690/2709
f 2538/3685/2708 2539/3688/2707 2542/3691/2710 2541/3689/2710
f 1858/3692/2711 2153/3693/2711 2534/3683/2711 2208/3694/2711
f 2153/3693/2712 2152/3695/2712 2535/3684/2712 2534/3683/2712
f 2152/3695/2713 2151/3696/2713 2536/3687/2713 2535/3684/2713
f 2151/3696/2714 1825/3697/2714 2024/3698/2714 2536/3687/2714
f 2536/3687/2715 2024/3698/2715 2023/3699/2715 2539/3688/2715
f 2539/3688/2716 2023/3699/2716 2022/3700/2716 2542/3691/2716
f 2542/3701/2717 2022/3552/2717 1822/3553/2717 2139/3702/2717
f 2541/3689/2718 2542/3691/2718 2139/3703/2718 2140/3704/2718
f 2540/3690/2719 2541/3689/2719 2140/3704/2719 2141/3705/2719
f 2210/3706/2720 2540/3690/2720 2141/3705/2720 1854/3707/2720
f 2209/3708/2721 2537/3686/2721 2540/3690/2721 2210/3706/2721
f 2208/3694/2722 2534/3683/2722 2537/3686/2722 2209/3708/2722
f 2543/3709/2723 2544/3710/2723 2547/3711/2723 2546/3712/2723
f 2544/3710/2724 2545/3713/2724 2548/3714/2724 2547/3711/2724
f 2546/3712/2725 2547/3711/2725 2550/3715/2726 2549/3716/2727
f 2547/3711/2728 2548/3714/2728 2551/3717/2729 2550/3715/2730
f 1827/3718/2731 2036/3719/2731 2543/3709/2731 2030/3720/2731
f 2036/3719/2732 2035/3721/2732 2544/3710/2732 2543/3709/2732
f 2035/3721/2733 2034/3722/2733 2545/3713/2733 2544/3710/2733
f 2034/3722/2734 1826/3723/2734 2027/3724/2734 2545/3713/2734
f 2545/3713/2735 2027/3724/2735 2026/3725/2735 2548/3714/2735
f 2548/3714/2736 2026/3725/2736 2025/3726/2737 2551/3717/2738
f 2551/3717/2738 2025/3726/2737 1823/3672/2739 2003/3671/2739
f 2550/3715/2730 2551/3717/2729 2003/3671/2740 2002/3670/2740
f 2549/3716/2727 2550/3715/2726 2002/3670/2741 2001/3668/2741
f 2028/3727/2742 2549/3716/2743 2001/3668/2744 1820/3667/2744
f 2029/3728/2745 2546/3712/2745 2549/3716/2743 2028/3727/2742
f 2030/3720/2746 2543/3709/2746 2546/3712/2746 2029/3728/2746
f 2552/3729/2747 2553/3730/2747 2556/3731/2747 2555/3732/2747
f 2553/3730/2748 2554/3733/2748 2557/3734/2748 2556/3731/2748
f 2555/3732/2749 2556/3731/2749 2559/3735/2749 2558/3736/2749
f 2556/3731/2750 2557/3734/2750 2560/3737/2750 2559/3735/2750
f 1856/3738/2751 2147/3739/2751 2552/3729/2751 2202/3740/2751
f 2147/3739/2752 2146/3741/2752 2553/3730/2752 2552/3729/2752
f 2146/3741/2753 2145/3742/2753 2554/3733/2753 2553/3730/2753
f 2145/3743/2754 1827/3718/2754 2030/3720/2754 2554/3744/2754
f 2554/3744/2755 2030/3720/2755 2029/3728/2755 2557/3745/2755
f 2557/3745/2756 2029/3728/2756 2028/3727/2756 2560/3746/2756
f 2560/3737/2757 2028/3747/2757 1820/3748/2757 2133/3749/2757
f 2559/3735/2758 2560/3737/2758 2133/3749/2758 2134/3750/2758
f 2558/3736/2759 2559/3735/2759 2134/3750/2759 2135/3751/2759
f 2204/3752/2760 2558/3736/2760 2135/3751/2760 1852/3753/2760
f 2203/3754/2761 2555/3732/2761 2558/3736/2761 2204/3752/2761
f 2202/3740/2762 2552/3729/2762 2555/3732/2762 2203/3754/2762
f 3639/721/2763 2563/3755/2763 2561/3756/2763 3693/993/2763 3692/992/2763 3695/995/2763 3694/998/2763 3640/722/2763
f 3550/3757/2764 2562/3758/2764 2564/3759/2764 3648/3760/2764 3649/3761/2764 3570/3762/2764 3551/3763/2764 3552/3764/2764
f 2566/3765/2765 2565/3766/2765 2563/3755/2765 3639/721/2765 3626/708/2765 3627/711/2765
f 3647/725/2766 3634/715/2766 3632/714/2766 3635/716/2766 3648/3760/2766 2564/3759/2766 2567/3767/2766 2566/3765/2766 3627/711/2766 3628/710/2766 3645/724/2766 3644/723/2766
f 2561/3756/2767 2196/3768/2767 1848/3586/2633 3641/3585/2632 3696/988/2767 3697/994/2767
f 3697/994/2768 3693/993/2768 2561/3756/2768
f 3561/3580/2769 2123/3579/2769 2562/3758/2769 3550/3757/2769 3553/3769/2769 3540/3770/2769 3539/3771/2769 3545/3772/2769 3544/3773/2769
f 2123/3579/2770 1816/3578/2770 2018/3774/2770 2562/3758/2770
f 2562/3758/2771 2018/3774/2771 2017/3775/2771 2564/3759/2771
f 2564/3776/2772 2017/3777/2772 2016/3778/2772 2567/3779/2772
f 2567/3779/2773 2016/3778/2773 1827/3718/2773 2145/3743/2773
f 2566/3765/2774 2567/3767/2774 2145/3742/2774 2146/3741/2774
f 2565/3766/2775 2566/3765/2775 2146/3741/2775 2147/3739/2775
f 2198/3780/2776 2565/3766/2776 2147/3739/2776 1856/3738/2776
f 2197/3781/2777 2563/3755/2777 2565/3766/2777 2198/3780/2777
f 2196/3768/2778 2561/3756/2778 2563/3755/2778 2197/3781/2778
f 2568/3782/2779 2569/3783/2779 2572/3784/2779 2571/3785/2779
f 2569/3783/2780 2570/3786/2780 2573/3787/2780 2572/3784/2780
f 2571/3785/2781 2572/3784/2781 2575/3788/2781 2574/3789/2781
f 2572/3784/2782 2573/3787/2782 2576/3790/2782 2575/3788/2782
f 1816/3469/2783 1978/3467/2783 2568/3782/2783 2018/3791/2783
f 1978/3467/2784 1979/3466/2784 2569/3783/2784 2568/3782/2784
f 1979/3466/2785 1980/3465/2785 2570/3786/2785 2569/3783/2785
f 1980/3465/2786 1819/3792/2786 2015/3793/2786 2570/3786/2786
f 2570/3786/2787 2015/3793/2787 2014/3794/2787 2573/3787/2787
f 2573/3787/2788 2014/3794/2788 2013/3795/2788 2576/3790/2788
f 2576/3790/2789 2013/3795/2789 1826/3723/2789 2034/3722/2789
f 2575/3788/2790 2576/3790/2790 2034/3722/2790 2035/3721/2790
f 2574/3789/2791 2575/3788/2791 2035/3721/2791 2036/3719/2791
f 2016/3778/2792 2574/3789/2792 2036/3719/2792 1827/3718/2792
f 2017/3777/2793 2571/3785/2793 2574/3789/2793 2016/3778/2793
f 2018/3791/2794 2568/3782/2794 2571/3785/2794 2017/3777/2794
f 2577/3796/2795 2578/3797/2795 2581/3798/2795 2580/3799/2795
f 2578/3797/2796 2579/3800/2796 2582/3801/2796 2581/3798/2796
f 2580/3799/2797 2581/3798/2797 2584/3802/2797 2583/3803/2797
f 2581/3798/2798 2582/3801/2798 2585/3804/2798 2584/3802/2798
f 1850/3656/2799 2129/3654/2799 2577/3796/2799 2190/3805/2799
f 2129/3654/2800 2128/3653/2800 2578/3797/2800 2577/3796/2800
f 2128/3653/2801 2127/3652/2801 2579/3800/2801 2578/3797/2801
f 2127/3652/2802 1818/3651/2802 2012/3806/2802 2579/3800/2802
f 2579/3800/2803 2012/3806/2803 2011/3807/2803 2582/3801/2803
f 2582/3801/2804 2011/3807/2804 2010/3808/2804 2585/3804/2804
f 2585/3804/2805 2010/3808/2805 1825/3697/2805 2151/3696/2805
f 2584/3802/2806 2585/3804/2806 2151/3696/2806 2152/3695/2806
f 2583/3803/2807 2584/3802/2807 2152/3695/2807 2153/3693/2807
f 2192/3809/2808 2583/3803/2808 2153/3693/2808 1858/3692/2808
f 2191/3810/2809 2580/3799/2809 2583/3803/2809 2192/3809/2809
f 2190/3805/2810 2577/3796/2810 2580/3799/2810 2191/3810/2810
f 2586/3811/2811 2587/3812/2811 2590/3813/2811 2589/3814/2811
f 2587/3812/2812 2588/3815/2812 2591/3816/2812 2590/3813/2812
f 2589/3814/2813 2590/3813/2813 2593/3817/2813 2592/3818/2813
f 2590/3813/2814 2591/3816/2814 2594/3819/2814 2593/3817/2814
f 1818/3629/2815 1981/3627/2815 2586/3811/2815 2012/3820/2815
f 1981/3627/2816 1982/3626/2816 2587/3812/2816 2586/3811/2816
f 1982/3626/2817 1983/3625/2817 2588/3815/2817 2587/3812/2817
f 1983/3624/2818 1817/3623/2818 2019/3821/2818 2588/3822/2818
f 2588/3822/2819 2019/3821/2819 2020/3823/2819 2591/3824/2819
f 2591/3824/2820 2020/3823/2820 2021/3825/2820 2594/3826/2820
f 2594/3826/2821 2021/3825/2821 1824/3827/2821 2040/3828/2821
f 2593/3817/2822 2594/3819/2822 2040/3543/2822 2041/3542/2822
f 2592/3818/2823 2593/3817/2823 2041/3542/2823 2042/3540/2823
f 2010/3829/2824 2592/3818/2824 2042/3540/2824 1825/3539/2824
f 2011/3830/2825 2589/3814/2825 2592/3818/2825 2010/3829/2825
f 2012/3820/2826 2586/3811/2826 2589/3814/2826 2011/3830/2826
f 2595/3831/2827 2596/3832/2828 2599/3833/2829 2598/3834/2829
f 2596/3832/2830 2597/3835/2831 2600/3836/2832 2599/3833/2832
f 2598/3834/2833 2599/3833/2833 2602/3837/2833 2601/3838/2833
f 2599/3833/2834 2600/3836/2834 2603/3839/2834 2602/3837/2834
f 1830/3840/2835 2052/3841/2835 2595/3831/2835 2294/3842/2835
f 2052/3841/2836 2053/3843/2836 2596/3832/2828 2595/3831/2827
f 2053/3843/2837 2054/3844/2837 2597/3835/2831 2596/3832/2830
f 2054/3844/2838 1829/3845/2838 2289/3846/2838 2597/3835/2838
f 2597/3835/2839 2289/3846/2839 2290/3847/2839 2600/3836/2839
f 2600/3836/2840 2290/3847/2840 2291/3848/2840 2603/3839/2840
f 2603/3839/2841 2291/3848/2841 1865/3849/2841 2282/3850/2841
f 2602/3837/2842 2603/3839/2842 2282/3850/2842 2281/3851/2842
f 2601/3838/2843 2602/3837/2843 2281/3851/2843 2280/3852/2843
f 2292/3853/2844 2601/3838/2844 2280/3852/2844 1866/3854/2844
f 2293/3855/2845 2598/3834/2845 2601/3838/2845 2292/3853/2845
f 2294/3842/2846 2595/3831/2846 2598/3834/2846 2293/3855/2846
f 2604/3856/2847 2605/3857/2847 2608/3858/2847 2607/3859/2847
f 2605/3857/2848 2606/3860/2848 2609/3861/2848 2608/3858/2848
f 2607/3859/2849 2608/3858/2849 2611/3862/2849 2610/3863/2849
f 2608/3858/2850 2609/3861/2850 2612/3864/2850 2611/3862/2850
f 1852/3753/2851 2135/3751/2851 2604/3856/2851 2178/3865/2851
f 2135/3751/2852 2134/3750/2852 2605/3857/2852 2604/3856/2852
f 2134/3750/2853 2133/3749/2853 2606/3860/2853 2605/3857/2853
f 2133/3749/2854 1820/3748/2854 2060/3866/2854 2606/3860/2854
f 2606/3867/2855 2060/3669/2855 2059/3682/2855 2609/3868/2855
f 2609/3868/2856 2059/3682/2856 2058/3680/2856 2612/3869/2856
f 2612/3869/2857 2058/3680/2857 1828/3681/2857 2157/3870/2857
f 2611/3862/2858 2612/3864/2858 2157/3871/2858 2158/3872/2858
f 2610/3863/2859 2611/3862/2859 2158/3872/2859 2159/3873/2859
f 2180/3874/2860 2610/3863/2860 2159/3873/2860 1860/3875/2860
f 2179/3876/2861 2607/3859/2861 2610/3863/2861 2180/3874/2861
f 2178/3865/2862 2604/3856/2862 2607/3859/2862 2179/3876/2862
f 2613/3877/2863 2614/3878/2863 2617/3879/2863 2616/3880/2863
f 2614/3878/2864 2615/3881/2864 2618/3882/2864 2617/3879/2864
f 2616/3880/2865 2617/3879/2865 2620/3883/2865 2619/3884/2865
f 2617/3879/2866 2618/3882/2866 2621/3885/2866 2620/3883/2866
f 1822/3553/2867 2004/3551/2867 2613/3877/2867 2066/3886/2867
f 2004/3551/2868 2005/3550/2868 2614/3878/2868 2613/3877/2868
f 2005/3550/2869 2006/3549/2869 2615/3881/2869 2614/3878/2869
f 2006/3549/2870 1821/3548/2870 2063/3887/2870 2615/3881/2870
f 2615/3881/2871 2063/3887/2871 2062/3888/2871 2618/3882/2871
f 2618/3882/2872 2062/3888/2872 2061/3889/2872 2621/3885/2872
f 2621/3885/2873 2061/3889/2873 1829/3845/2873 2054/3844/2873
f 2620/3883/2874 2621/3885/2874 2054/3844/2874 2053/3843/2874
f 2619/3884/2875 2620/3883/2875 2053/3843/2875 2052/3841/2875
f 2064/3890/2876 2619/3884/2876 2052/3841/2876 1830/3840/2876
f 2065/3891/2877 2616/3880/2877 2619/3884/2877 2064/3890/2877
f 2066/3886/2878 2613/3877/2878 2616/3880/2878 2065/3891/2878
f 2622/3892/2879 2623/3893/2879 2626/3894/2879 2625/3895/2879
f 2623/3893/2880 2624/3896/2880 2627/3897/2880 2626/3894/2880
f 2625/3895/2881 2626/3894/2881 2629/3898/2881 2628/3899/2881
f 2626/3894/2882 2627/3897/2882 2630/3900/2882 2629/3898/2882
f 1854/3707/2883 2141/3705/2883 2622/3892/2883 2172/3901/2883
f 2141/3705/2884 2140/3704/2884 2623/3893/2884 2622/3892/2884
f 2140/3704/2885 2139/3703/2885 2624/3896/2885 2623/3893/2885
f 2139/3702/2886 1822/3553/2886 2066/3886/2886 2624/3902/2886
f 2624/3902/2887 2066/3886/2887 2065/3891/2887 2627/3903/2887
f 2627/3903/2888 2065/3891/2888 2064/3890/2888 2630/3904/2888
f 2630/3904/2889 2064/3890/2889 1830/3840/2889 2163/3905/2889
f 2629/3898/2890 2630/3900/2890 2163/3906/2890 2164/3907/2890
f 2628/3899/2891 2629/3898/2891 2164/3907/2891 2165/3908/2891
f 2174/3909/2892 2628/3899/2892 2165/3908/2892 1862/3910/2892
f 2173/3911/2893 2625/3895/2893 2628/3899/2893 2174/3909/2893
f 2172/3901/2894 2622/3892/2894 2625/3895/2894 2173/3911/2894
f 2631/3912/2895 2632/3913/2895 2635/3914/2895 2634/3915/2895
f 2632/3913/2896 2633/3916/2896 2636/3917/2896 2635/3914/2896
f 2634/3915/2897 2635/3914/2897 2638/3918/2897 2637/3919/2897
f 2635/3914/2898 2636/3917/2898 2639/3920/2898 2638/3918/2898
f 1823/3921/2899 2000/3922/2899 2631/3912/2899 2055/3923/2899
f 2000/3922/2900 1999/3924/2900 2632/3913/2900 2631/3912/2900
f 1999/3924/2901 1998/3925/2901 2633/3916/2901 2632/3913/2901
f 1998/3925/2902 1855/3926/2902 2169/3927/2902 2633/3916/2902
f 2633/3916/2903 2169/3927/2903 2170/3928/2903 2636/3917/2903
f 2636/3917/2904 2170/3928/2904 2171/3929/2904 2639/3920/2904
f 2639/3920/2905 2171/3929/2905 1863/3930/2905 2046/3931/2905
f 2638/3918/2906 2639/3920/2906 2046/3931/2906 2047/3932/2906
f 2637/3919/2907 2638/3918/2907 2047/3932/2907 2048/3933/2907
f 2057/3675/2908 2637/3934/2908 2048/3935/2908 1831/3676/2908
f 2056/3936/2909 2634/3915/2909 2637/3919/2909 2057/3937/2909
f 2055/3923/2910 2631/3912/2910 2634/3915/2910 2056/3936/2910
f 2640/3938/2911 2641/3939/2912 2644/3940/2913 2643/3941/2911
f 2641/3939/2912 2642/3942/2914 2645/3943/2914 2644/3940/2913
f 2643/3941/2915 2644/3940/2915 2647/3944/2915 2646/3945/2915
f 2644/3940/2916 2645/3943/2916 2648/3946/2916 2647/3944/2916
f 1855/3926/2917 2144/3947/2918 2640/3938/2919 2169/3927/2917
f 2144/3947/2918 2143/3948/2920 2641/3939/2921 2640/3938/2919
f 2143/3948/2920 2142/3949/2922 2642/3942/2923 2641/3939/2921
f 2142/3949/2922 1854/3707/2924 2172/3901/2924 2642/3942/2923
f 2642/3942/2925 2172/3901/2925 2173/3911/2925 2645/3943/2925
f 2645/3943/2926 2173/3911/2926 2174/3909/2926 2648/3946/2926
f 2648/3946/2927 2174/3909/2927 1862/3910/2927 2166/3950/2927
f 2647/3944/2928 2648/3946/2928 2166/3950/2928 2167/3951/2928
f 2646/3945/2929 2647/3944/2929 2167/3951/2929 2168/3952/2929
f 2171/3929/2930 2646/3945/2930 2168/3952/2930 1863/3930/2930
f 2170/3928/2931 2643/3941/2931 2646/3945/2931 2171/3929/2931
f 2169/3927/2932 2640/3938/2932 2643/3941/2932 2170/3928/2932
f 2649/3953/2933 2650/3954/2933 2653/3955/2933 2652/3956/2933
f 2650/3954/2934 2651/3957/2934 2654/3958/2934 2653/3955/2934
f 2652/3956/2935 2653/3955/2935 2656/3959/2935 2655/3960/2935
f 2653/3955/2936 2654/3958/2936 2657/3961/2936 2656/3959/2936
f 1821/3962/2937 1997/3963/2937 2649/3953/2937 2063/3964/2937
f 1997/3963/2938 1996/3965/2938 2650/3954/2938 2649/3953/2938
f 1996/3965/2939 1995/3966/2939 2651/3957/2939 2650/3954/2939
f 1995/3966/2940 1853/3967/2940 2175/3968/2940 2651/3957/2940
f 2651/3957/2941 2175/3968/2941 2176/3969/2941 2654/3958/2941
f 2654/3958/2942 2176/3969/2942 2177/3970/2942 2657/3961/2942
f 2657/3961/2943 2177/3970/2943 1861/3971/2943 2043/3972/2943
f 2656/3959/2944 2657/3961/2944 2043/3972/2944 2044/3973/2944
f 2655/3960/2945 2656/3959/2945 2044/3973/2945 2045/3974/2945
f 2061/3889/2946 2655/3975/2946 2045/3976/2946 1829/3845/2946
f 2062/3977/2947 2652/3956/2947 2655/3960/2947 2061/3978/2947
f 2063/3964/2948 2649/3953/2948 2652/3956/2948 2062/3977/2948
f 2658/3979/2949 2659/3980/2950 2662/3981/2951 2661/3982/2949
f 2659/3980/2950 2660/3983/2952 2663/3984/2952 2662/3981/2951
f 2661/3982/2953 2662/3981/2953 2665/3985/2953 2664/3986/2953
f 2662/3981/2954 2663/3984/2954 2666/3987/2954 2665/3985/2954
f 1853/3967/2955 2138/3988/2956 2658/3979/2957 2175/3968/2955
f 2138/3988/2956 2137/3989/2958 2659/3980/2959 2658/3979/2957
f 2137/3989/2958 2136/3990/2960 2660/3983/2961 2659/3980/2959
f 2136/3990/2960 1852/3753/2962 2178/3865/2962 2660/3983/2961
f 2660/3983/2963 2178/3865/2963 2179/3876/2963 2663/3984/2963
f 2663/3984/2964 2179/3876/2964 2180/3874/2964 2666/3987/2964
f 2666/3987/2965 2180/3874/2965 1860/3875/2965 2160/3991/2965
f 2665/3985/2966 2666/3987/2966 2160/3991/2966 2161/3992/2966
f 2664/3986/2967 2665/3985/2967 2161/3992/2967 2162/3993/2967
f 2177/3970/2968 2664/3986/2968 2162/3993/2968 1861/3971/2968
f 2176/3969/2969 2661/3982/2969 2664/3986/2969 2177/3970/2969
f 2175/3968/2970 2658/3979/2970 2661/3982/2970 2176/3969/2970
f 2667/3994/2971 2668/3995/2971 2671/3996/2971 2670/3997/2971
f 2668/3995/2972 2669/3998/2972 2672/3999/2972 2671/3996/2972
f 2670/3997/2973 2671/3996/2973 2674/4000/2973 2673/4001/2973
f 2671/4002/2974 2672/4003/2974 2675/4004/2974 2674/4005/2974
f 1831/3676/2975 2048/3935/2975 2667/4006/2975 2318/4007/2975
f 2048/3933/2976 2047/3932/2976 2668/3995/2976 2667/3994/2976
f 2047/3932/2977 2046/3931/2977 2669/3998/2977 2668/3995/2977
f 2046/4008/2978 1863/4009/2978 2313/4010/2978 2669/4011/2978
f 2669/4012/2979 2313/4013/2979 2314/4014/2979 2672/4015/2979
f 2672/4015/2980 2314/4014/2980 2315/4016/2980 2675/4017/2980
f 2675/4017/2981 2315/4016/2981 1868/4018/2981 2301/4019/2981
f 2674/4005/2982 2675/4004/2982 2301/4020/2982 2302/4021/2982
f 2673/4022/2983 2674/4023/2983 2302/4024/2983 2303/4025/2983
f 2316/4026/2984 2673/4022/2984 2303/4025/2984 1869/4027/2984
f 2317/4028/2985 2670/4029/2985 2673/4022/2985 2316/4026/2985
f 2318/4030/2986 2667/4031/2986 2670/4029/2986 2317/4028/2986
f 2676/4032/2987 2677/4033/2987 2680/4034/2987 2679/4035/2987
f 2677/4033/2988 2678/4036/2988 2681/4037/2988 2680/4034/2988
f 2679/4035/2989 2680/4034/2989 2683/4038/2989 2682/4039/2989
f 2680/4034/2990 2681/4037/2990 2684/4040/2990 2683/4038/2990
f 1863/4041/2991 2168/4042/2991 2676/4043/2991 2181/4044/2991
f 2168/4042/2992 2167/4045/2992 2677/4046/2992 2676/4043/2992
f 2167/4047/2993 2166/4048/2993 2678/4036/2993 2677/4033/2993
f 2166/3950/2994 1862/3910/2994 2184/4049/2994 2678/4050/2994
f 2678/4036/2995 2184/4051/2995 2185/4052/2995 2681/4037/2995
f 2681/4037/2996 2185/4052/2996 2186/4053/2996 2684/4040/2996
f 2684/4054/2997 2186/4055/2997 1861/4056/2997 2162/4057/2997
f 2683/4038/2998 2684/4040/2998 2162/4058/2998 2161/4059/2998
f 2682/4039/2999 2683/4038/2999 2161/4059/2999 2160/4060/2999
f 2183/4061/3000 2682/4062/3000 2160/4063/3000 1860/4064/3000
f 2182/4065/3001 2679/4066/3001 2682/4062/3001 2183/4061/3001
f 2181/4044/3002 2676/4043/3002 2679/4066/3002 2182/4065/3002
f 3699/4067/3003 2687/4068/3003 2685/4069/3003 3346/4070/3003 3345/4071/3003 3350/4072/3003 3698/4073/3003 3700/4074/3003
f 3124/4075/3004 2686/4076/3004 2688/4077/3004 3709/1182/3004 3152/1181/3004 3138/1276/3004 3139/1275/3004 3135/1277/3004 3125/4078/3004
f 3721/1154/3005 3720/1157/3005 2690/4079/3005 2689/4080/3005 2687/4068/3005 3699/4067/3005 3715/1160/3005 3716/1159/3005 3717/1158/3005 3723/1177/3005 3722/1178/3005
f 2691/4081/3006 2690/4079/3006 3720/1157/3006 3726/1156/3006 3725/1179/3006 3709/1182/3006 2688/4077/3006
f 1819/3463/3007 1977/4082/3007 2685/4069/3007 2015/4083/3007
f 3346/4070/3008 2685/4069/3008 1977/4082/3008 3337/4084/3008 3326/4085/3008 3327/4086/3008 3331/4087/3008 3342/4088/3008 3340/4089/3008
f 3127/4090/3009 2686/4076/3009 3124/4075/3009 3128/4091/3009
f 2187/4092/3010 2686/4076/3010 3127/4090/3010 3126/4093/3010 3162/4094/3010 3161/4095/3011 1851/4096/3012
f 2686/4076/3013 2187/4092/3013 2188/4097/3013 2688/4077/3013
f 2688/4077/3014 2188/4097/3014 2189/4098/3014 2691/4081/3014
f 2691/4081/3015 2189/4098/3015 1859/4099/3015 2037/4100/3015
f 2690/4079/3016 2691/4081/3016 2037/4100/3016 2038/4101/3016
f 2689/4080/3017 2690/4079/3017 2038/4101/3017 2039/4102/3017
f 2013/4103/3018 2689/4080/3018 2039/4102/3018 1826/4104/3018
f 2014/4105/3019 2687/4068/3019 2689/4080/3019 2013/4103/3019
f 2015/4083/3020 2685/4069/3020 2687/4068/3020 2014/4105/3020
f 2692/4106/3021 2693/4107/3021 2696/4108/3021 2695/4109/3021
f 2693/4107/3022 2694/4110/3022 2697/4111/3022 2696/4108/3022
f 2695/4109/3023 2696/4108/3023 2699/4112/3023 2698/4113/3023
f 2696/4108/3024 2697/4111/3024 2700/4114/3024 2699/4112/3024
f 1851/4096/3025 2132/4115/3026 2692/4106/3027 2187/4092/3027
f 2132/4115/3028 2131/4116/3029 2693/4107/3030 2692/4106/3030
f 2131/4116/3031 2130/4117/3032 2694/4110/3033 2693/4107/3033
f 2130/4117/3034 1850/3656/3035 2190/3805/3036 2694/4110/3036
f 2694/4110/3037 2190/3805/3037 2191/3810/3037 2697/4111/3037
f 2697/4111/3038 2191/3810/3038 2192/3809/3038 2700/4114/3038
f 2700/4114/3039 2192/3809/3039 1858/3692/3039 2154/4118/3039
f 2699/4112/3040 2700/4114/3040 2154/4118/3040 2155/4119/3040
f 2698/4113/3041 2699/4112/3041 2155/4119/3041 2156/4120/3041
f 2189/4098/3042 2698/4113/3042 2156/4120/3042 1859/4099/3042
f 2188/4097/3043 2695/4109/3043 2698/4113/3043 2189/4098/3043
f 2187/4092/3044 2692/4106/3044 2695/4109/3044 2188/4097/3044
f 2701/4121/3045 2702/4122/3045 2705/4123/3045 2704/4124/3045
f 2702/4122/3046 2703/4125/3046 2706/4126/3046 2705/4123/3046
f 2704/4124/3047 2705/4123/3047 2708/4127/3047 2707/4128/3047
f 2705/4123/3048 2706/4126/3048 2709/4129/3048 2708/4127/3048
f 1817/3623/3049 1976/4130/3049 2701/4121/3049 2019/3821/3049
f 1976/4130/3050 1975/4131/3050 2702/4122/3050 2701/4121/3050
f 1975/4131/3051 1974/4132/3051 2703/4125/3051 2702/4122/3051
f 1974/4132/3052 1849/4133/3052 2193/4134/3052 2703/4125/3052
f 2703/4125/3053 2193/4134/3053 2194/4135/3053 2706/4126/3053
f 2706/4126/3054 2194/4135/3054 2195/4136/3054 2709/4129/3054
f 2709/4129/3055 2195/4136/3055 1857/4137/3055 2031/4138/3055
f 2708/4127/3056 2709/4129/3056 2031/4138/3056 2032/4139/3056
f 2707/4128/3057 2708/4127/3057 2032/4139/3057 2033/4140/3057
f 2021/3825/3058 2707/4128/3058 2033/4140/3058 1824/3827/3058
f 2020/3823/3059 2704/4124/3059 2707/4128/3059 2021/3825/3059
f 2019/3821/3060 2701/4121/3060 2704/4124/3060 2020/3823/3060
f 2710/4141/3061 2711/4142/3061 2714/4143/3061 2713/4144/3061
f 2711/4142/3062 2712/4145/3062 2715/4146/3062 2714/4143/3062
f 2713/4144/3063 2714/4143/3063 2717/4147/3063 2716/4148/3063
f 2714/4143/3064 2715/4146/3064 2718/4149/3064 2717/4147/3064
f 1849/4133/3065 2126/4150/3066 2710/4141/3067 2193/4134/3067
f 2126/4150/3068 2125/4151/3069 2711/4142/3070 2710/4141/3070
f 2125/4151/3071 2124/4152/3072 2712/4145/3073 2711/4142/3073
f 2124/4152/3074 1848/3586/3075 2196/3768/3076 2712/4145/3076
f 2712/4145/3077 2196/3768/3077 2197/3781/3077 2715/4146/3077
f 2715/4146/3078 2197/3781/3078 2198/3780/3078 2718/4149/3078
f 2718/4149/3079 2198/3780/3079 1856/3738/3079 2148/4153/3079
f 2717/4147/3080 2718/4149/3080 2148/4153/3080 2149/4154/3080
f 2716/4148/3081 2717/4147/3081 2149/4154/3081 2150/4155/3081
f 2195/4136/3082 2716/4148/3082 2150/4155/3082 1857/4137/3082
f 2194/4135/3083 2713/4144/3083 2716/4148/3083 2195/4136/3083
f 2193/4134/3084 2710/4141/3084 2713/4144/3084 2194/4135/3084
f 2719/4156/3085 2720/4157/3085 2723/4158/3086 2722/4159/3087
f 2720/4157/3088 2721/4160/3088 2724/4161/3088 2723/4158/3088
f 2722/4159/3087 2723/4158/3086 2726/4162/3089 2725/4163/3089
f 2723/4158/3090 2724/4161/3090 2727/4164/3090 2726/4162/3090
f 1824/3827/3091 2033/4140/3091 2719/4156/3091 2007/4165/3091
f 2033/4140/3092 2032/4139/3092 2720/4157/3092 2719/4156/3092
f 2032/4139/3093 2031/4138/3093 2721/4160/3093 2720/4157/3093
f 2031/4138/3094 1857/4137/3094 2199/4166/3094 2721/4160/3094
f 2721/4160/3095 2199/4166/3095 2200/4167/3095 2724/4161/3095
f 2724/4161/3096 2200/4167/3096 2201/4168/3096 2727/4164/3096
f 2727/4164/3097 2201/4168/3097 1853/3967/3097 1995/3966/3097
f 2726/4162/3098 2727/4164/3098 1995/3966/3098 1996/3965/3098
f 2725/4163/3099 2726/4162/3099 1996/3965/3099 1997/3963/3099
f 2009/4169/3100 2725/4163/3100 1997/3963/3100 1821/3962/3100
f 2008/4170/3101 2722/4159/3101 2725/4163/3101 2009/4169/3101
f 2007/4165/3102 2719/4156/3102 2722/4159/3102 2008/4170/3102
f 2728/4171/3103 2729/4172/3103 2732/4173/3103 2731/4174/3103
f 2729/4172/3104 2730/4175/3104 2733/4176/3104 2732/4173/3104
f 2731/4174/3105 2732/4173/3105 2735/4177/3105 2734/4178/3105
f 2732/4173/3106 2733/4176/3106 2736/4179/3106 2735/4177/3106
f 1857/4137/3107 2150/4155/3107 2728/4171/3107 2199/4166/3107
f 2150/4155/3108 2149/4154/3108 2729/4172/3108 2728/4171/3108
f 2149/4154/3109 2148/4153/3109 2730/4175/3109 2729/4172/3109
f 2148/4153/3110 1856/3738/3110 2202/3740/3110 2730/4175/3110
f 2730/4175/3111 2202/3740/3111 2203/3754/3111 2733/4176/3111
f 2733/4176/3112 2203/3754/3112 2204/3752/3112 2736/4179/3112
f 2736/4179/3113 2204/3752/3113 1852/3753/3113 2136/3990/3113
f 2735/4177/3114 2736/4179/3115 2136/3990/3115 2137/3989/3116
f 2734/4178/3117 2735/4177/3114 2137/3989/3116 2138/3988/3117
f 2201/4168/3118 2734/4178/3118 2138/3988/3118 1853/3967/3118
f 2200/4167/3119 2731/4174/3119 2734/4178/3119 2201/4168/3119
f 2199/4166/3120 2728/4171/3120 2731/4174/3120 2200/4167/3120
f 2737/4180/3121 2738/4181/3121 2741/4182/3121 2740/4183/3121
f 2738/4181/3122 2739/4184/3122 2742/4185/3122 2741/4182/3122
f 2740/4183/3123 2741/4182/3123 2744/4186/3123 2743/4187/3123
f 2741/4182/3124 2742/4185/3124 2745/4188/3124 2744/4186/3124
f 1826/4104/3125 2039/4102/3125 2737/4180/3125 2027/4189/3125
f 2039/4102/3126 2038/4101/3126 2738/4181/3126 2737/4180/3126
f 2038/4101/3127 2037/4100/3127 2739/4184/3127 2738/4181/3127
f 2037/4100/3128 1859/4099/3128 2205/4190/3128 2739/4184/3128
f 2739/4184/3129 2205/4190/3129 2206/4191/3129 2742/4185/3129
f 2742/4185/3130 2206/4191/3130 2207/4192/3130 2745/4188/3130
f 2745/4188/3131 2207/4192/3131 1855/3926/3131 1998/3925/3131
f 2744/4186/3132 2745/4188/3132 1998/3925/3132 1999/3924/3132
f 2743/4187/3133 2744/4186/3133 1999/3924/3133 2000/3922/3133
f 2025/4193/3134 2743/4187/3134 2000/3922/3134 1823/3921/3134
f 2026/4194/3135 2740/4183/3135 2743/4187/3135 2025/4193/3135
f 2027/4189/3136 2737/4180/3136 2740/4183/3136 2026/4194/3136
f 2746/4195/3137 2747/4196/3137 2750/4197/3137 2749/4198/3137
f 2747/4196/3138 2748/4199/3138 2751/4200/3138 2750/4197/3138
f 2749/4198/3139 2750/4197/3139 2753/4201/3139 2752/4202/3139
f 2750/4197/3140 2751/4200/3140 2754/4203/3140 2753/4201/3140
f 1859/4099/3141 2156/4120/3141 2746/4195/3141 2205/4190/3141
f 2156/4120/3142 2155/4119/3142 2747/4196/3142 2746/4195/3142
f 2155/4119/3143 2154/4118/3143 2748/4199/3143 2747/4196/3143
f 2154/4118/3144 1858/3692/3144 2208/3694/3144 2748/4199/3144
f 2748/4199/3145 2208/3694/3145 2209/3708/3145 2751/4200/3145
f 2751/4200/3146 2209/3708/3146 2210/3706/3146 2754/4203/3146
f 2754/4203/3147 2210/3706/3147 1854/3707/3147 2142/3949/3147
f 2753/4201/3148 2754/4203/3149 2142/3949/3149 2143/3948/3150
f 2752/4202/3151 2753/4201/3148 2143/3948/3150 2144/3947/3151
f 2207/4192/3152 2752/4202/3152 2144/3947/3152 1855/3926/3152
f 2206/4191/3153 2749/4198/3153 2752/4202/3153 2207/4192/3153
f 2205/4190/3154 2746/4195/3154 2749/4198/3154 2206/4191/3154
f 3264/4204/3155 2756/4205/3156 2755/4206/3157 3257/4207/3157 3258/4208/3158
f 3297/4209/3159 2757/4210/3159 2756/4205/3156 3264/4204/3155 3265/4211/3159 3293/4212/3159
f 1872/3456/3160 2351/4213/3161 2755/4206/3162 1984/3457/3161
f 3257/4207/3157 2755/4206/3157 2351/4213/3163 3287/4214/3164 3248/4215/3165 3249/4216/3165 3252/4217/3165
f 3358/4218/3166 3359/4219/3166 2211/4220/3167 3367/4221/3168
f 2212/4222/3169 3373/4223/3170 3367/4221/3168 2211/4220/3167
f 3373/4223/3170 2212/4222/3169 2213/4224/3171 3147/4225/3172 3149/4226/3173 3355/4227/3173 3357/4228/3173
f 1851/4096/3012 3161/4095/3011 3144/4229/3174 3145/4230/3174 3147/4225/3172 2213/4224/3171
f 3337/4084/3175 1977/4082/3175 2757/4210/3175 3297/4209/3175 3298/4231/3175 3300/4232/3175 3332/4233/3175 3333/4234/3175
f 1986/3461/3176 2757/4210/3176 1977/4082/3176 1819/3463/3176
f 1985/3459/3177 2756/4205/3177 2757/4210/3177 1986/3461/3177
f 1984/3457/3161 2755/4206/3162 2756/4205/3178 1985/3459/3178
f 2758/4235/3179 2759/4236/3179 2762/4237/3180 2761/4238/3180
f 2759/4236/3181 2760/4239/3181 2763/4240/3182 2762/4237/3182
f 2761/4238/3180 2762/4237/3180 2765/4241/3183 2764/4242/3184
f 2762/4237/3182 2763/4240/3182 2766/4243/3185 2765/4241/3186
f 2758/4235/3187 2211/4220/3188 3359/4219/3189 3360/4244/3190 2350/4245/3191
f 2350/4245/3192 2349/4246/3192 2759/4236/3179 2758/4235/3179
f 2349/4246/3193 2348/4247/3193 2760/4239/3181 2759/4236/3181
f 2348/4247/3194 1876/3642/3195 2214/3644/3196 2760/4239/3197
f 2760/4239/3197 2214/3644/3196 2215/3657/3198 2763/4240/3199
f 2763/4240/3199 2215/3657/3198 2216/3655/3200 2766/4243/3201
f 2766/4243/3201 2216/3655/3200 1850/3656/3035 2130/4117/3034
f 2765/4241/3186 2766/4243/3185 2130/4117/3032 2131/4116/3031
f 2764/4242/3184 2765/4241/3183 2131/4116/3029 2132/4115/3028
f 2213/4224/3202 2764/4242/3203 2132/4115/3026 1851/4096/3025
f 2212/4222/3204 2761/4238/3205 2764/4242/3203 2213/4224/3202
f 2211/4220/3188 2758/4235/3187 2761/4238/3205 2212/4222/3204
f 2767/4248/3206 2768/4249/3207 2771/4250/3208 2770/4251/3209
f 2768/4249/3210 2769/4252/3211 2772/4253/3212 2771/4250/3213
f 2770/4251/3209 2771/4250/3208 2774/4254/3214 2773/4255/3214
f 2771/4250/3213 2772/4253/3212 2775/4256/3215 2774/4254/3216
f 1874/3617/3217 2347/4257/3218 2767/4248/3219 2332/3618/3220
f 2347/4257/3221 2346/4258/3222 2768/4249/3207 2767/4248/3206
f 2346/4258/3223 2345/4259/3224 2769/4252/3211 2768/4249/3210
f 2345/4259/3225 1877/4260/3226 2217/4261/3227 2769/4252/3228
f 2769/4252/3228 2217/4261/3227 2218/4262/3229 2772/4253/3230
f 2772/4253/3230 2218/4262/3229 2219/4263/3231 2775/4256/3232
f 2775/4256/3232 2219/4263/3231 1849/4133/3233 1974/4132/3233
f 2774/4254/3216 2775/4256/3215 1974/4132/3234 1975/4131/3234
f 2773/4255/3235 2774/4254/3235 1975/4131/3235 1976/4130/3235
f 2330/3621/3236 2773/4255/3236 1976/4130/3236 1817/3623/3236
f 2331/3619/3237 2770/4251/3237 2773/4255/3237 2330/3621/3237
f 2332/3618/3220 2767/4248/3219 2770/4251/3238 2331/3619/3238
f 2776/4264/3239 2777/4265/3239 2780/4266/3240 2779/4267/3240
f 2777/4265/3241 2778/4268/3241 2781/4269/3242 2780/4266/3242
f 2779/4267/3240 2780/4266/3240 2783/4270/3243 2782/4271/3244
f 2780/4266/3242 2781/4269/3242 2784/4272/3245 2783/4270/3246
f 1877/4260/3247 2344/4273/3248 2776/4264/3249 2217/4261/3250
f 2344/4273/3251 2343/4274/3251 2777/4265/3239 2776/4264/3239
f 2343/4274/3252 2342/4275/3252 2778/4268/3241 2777/4265/3241
f 2220/3565/3253 2778/4268/3254 2342/4275/3255 3443/4276/3256 3441/3566/3257
f 2778/4268/3254 2220/3565/3253 2221/3590/3258 2781/4269/3259
f 2781/4269/3259 2221/3590/3258 2222/3587/3260 2784/4272/3261
f 2784/4272/3261 2222/3587/3260 1848/3586/3075 2124/4152/3074
f 2783/4270/3246 2784/4272/3245 2124/4152/3072 2125/4151/3071
f 2782/4271/3244 2783/4270/3243 2125/4151/3069 2126/4150/3068
f 2219/4263/3262 2782/4271/3263 2126/4150/3066 1849/4133/3065
f 2218/4262/3264 2779/4267/3265 2782/4271/3263 2219/4263/3262
f 2217/4261/3250 2776/4264/3249 2779/4267/3265 2218/4262/3264
f 2785/4277/3266 2786/4278/3266 2789/4279/3266 2788/4280/3266
f 2786/4278/3267 2787/4281/3268 2790/4282/3269 2789/4279/3270
f 2788/4280/3271 2789/4279/3271 2792/4283/3271 2791/4284/3271
f 2789/4279/3270 2790/4282/3269 2793/4285/3272 2792/4283/3273
f 1809/3299/3274 1936/4286/3274 2785/4277/3274 1973/3520/3274
f 1936/4286/3275 1935/4287/3275 2786/4278/3275 2785/4277/3275
f 1935/4287/3276 1934/4288/3277 2787/4281/3268 2786/4278/3267
f 1934/4288/3278 1844/4289/3279 2223/4290/3280 2787/4281/3281
f 2787/4281/3281 2223/4290/3280 2224/4291/3282 2790/4282/3283
f 2790/4282/3283 2224/4291/3282 2225/4292/3284 2793/4285/3285
f 2793/4285/3285 2225/4292/3284 1846/4293/3286 1955/4294/3287
f 2792/4283/3273 2793/4285/3272 1955/4294/3288 1956/4295/3289
f 2791/4284/3290 2792/4283/3290 1956/4295/3290 1957/4296/3290
f 1971/3522/3291 2791/4284/3291 1957/4296/3291 1813/3523/3291
f 1972/3521/3292 2788/4280/3292 2791/4284/3292 1971/3522/3292
f 1973/3520/3293 2785/4277/3293 2788/4280/3293 1972/3521/3293
f 2794/4297/3294 2795/4298/3294 2797/4299/3295 2796/4300/3295
f 3110/4301/3296 2797/4299/3296 2795/4298/3297 3090/4302/3297 3088/4303/3298 3102/4304/3298
f 2796/4300/3295 2797/4299/3295 2799/4305/3299 2798/4306/3299
f 3113/4307/3300 2799/4305/3300 2797/4299/3296 3110/4301/3296
f 1844/4289/3301 2107/4308/3302 2794/4297/3303 2223/4290/3304
f 2107/4308/3305 2106/4309/3306 2795/4298/3294 2794/4297/3294
f 3090/4302/3297 2795/4298/3297 2106/4309/3307 3077/4310/3308 3076/4311/3309
f 2114/4312/3310 3111/4313/3311 3112/4314/3311 3452/4315/3312
f 2114/4312/3313 2115/4316/3314 2799/4305/3300 3113/4307/3300 3111/4313/3315
f 2798/4306/3299 2799/4305/3299 2115/4316/3316 2116/4317/3317
f 2225/4292/3318 2798/4306/3319 2116/4317/3320 1846/4293/3321
f 2224/4291/3322 2796/4300/3323 2798/4306/3319 2225/4292/3318
f 2223/4290/3304 2794/4297/3303 2796/4300/3323 2224/4291/3322
f 2800/4318/3324 2801/4319/3324 2804/4320/3324 2803/4321/3324
f 2801/4319/3325 2802/4322/3325 2805/4323/3325 2804/4320/3325
f 2803/4321/3326 2804/4320/3326 2807/4324/3326 2806/4325/3326
f 2804/4320/3327 2805/4323/3327 2808/4326/3327 2807/4324/3327
f 1805/3295/3328 1922/4327/3328 2800/4318/3328 1943/3296/3328
f 1922/4327/3329 1921/4328/3329 2801/4319/3329 2800/4318/3329
f 1921/4328/3330 1920/4329/3330 2802/4322/3330 2801/4319/3330
f 1920/4329/3331 1841/4330/3331 2226/4331/3331 2802/4322/3331
f 2802/4322/3332 2226/4331/3332 2227/4332/3332 2805/4323/3332
f 2805/4323/3333 2227/4332/3333 2228/4333/3334 2808/4326/3335
f 2808/4326/3335 2228/4333/3334 1844/4289/3279 1934/4288/3278
f 2807/4324/3336 2808/4326/3336 1934/4288/3277 1935/4287/3276
f 2806/4325/3337 2807/4324/3337 1935/4287/3337 1936/4286/3337
f 1945/3298/3338 2806/4325/3338 1936/4286/3338 1809/3299/3338
f 1944/3297/3339 2803/4321/3339 2806/4325/3339 1945/3298/3339
f 1943/3296/3340 2800/4318/3340 2803/4321/3340 1944/3297/3340
f 2809/4334/3341 2810/4335/3341 2813/4336/3341 2812/4337/3341
f 2810/4335/3342 2811/4338/3342 2814/4339/3342 2813/4336/3342
f 2812/4337/3343 2813/4336/3343 2816/4340/3343 2815/4341/3343
f 3621/4342/3344 3615/4343/3344 3614/4344/3344 3099/4345/3344 3098/4346/3344 2816/4340/3344 2813/4336/3344 2814/4339/3344 3622/4347/3344
f 1841/4330/3345 2096/4348/3345 2809/4334/3345 2226/4331/3345
f 2096/4348/3346 2095/4349/3346 2810/4335/3346 2809/4334/3346
f 2095/4349/3347 2094/4350/3347 2811/4338/3347 2810/4335/3347
f 2094/4350/3348 1840/3321/3348 2229/3428/3348 2811/4338/3348
f 2811/4338/3349 2229/3428/3349 2230/3440/3349 2814/4339/3349
f 2814/4339/3350 2230/3440/3350 2231/3436/3350 3619/4351/3350 3618/4352/3350 3622/4347/3350
f 3620/4353/3351 3619/4351/3351 2231/3436/3351 3509/3439/3351 3617/4354/3351 3616/4355/3351
f 3077/4310/3308 2106/4309/3307 2816/4340/3352 3098/4346/3352 3095/4356/3352 3096/4357/3352 3078/4358/3352
f 2815/4341/3353 2816/4340/3353 2106/4309/3306 2107/4308/3305
f 2228/4333/3354 2815/4341/3354 2107/4308/3302 1844/4289/3301
f 2227/4332/3355 2812/4337/3355 2815/4341/3355 2228/4333/3355
f 2226/4331/3356 2809/4334/3356 2812/4337/3356 2227/4332/3356
f 2817/4359/3357 2818/4360/3357 2821/4361/3357 2820/4362/3357
f 2818/4360/3358 2819/4363/3358 2822/4364/3358 2821/4361/3358
f 2820/4362/3359 2821/4361/3359 2824/4365/3359 2823/4366/3359
f 2821/4361/3360 2822/4364/3360 2825/4367/3360 2824/4365/3360
f 1807/3172/3361 1925/4368/3361 2817/4359/3361 1951/3405/3361
f 1925/4368/3362 1924/4369/3362 2818/4360/3362 2817/4359/3362
f 1924/4369/3363 1923/4370/3363 2819/4363/3363 2818/4360/3363
f 1923/4370/3364 1843/4371/3364 2232/4372/3364 2819/4363/3364
f 2819/4363/3365 2232/4372/3365 2233/4373/3365 2822/4364/3365
f 2822/4364/3366 2233/4373/3366 2234/4374/3366 2825/4367/3366
f 3731/4375/3367 1937/4376/3368 2825/4367/3369 2234/4374/3369 3186/4377/3369 3189/4378/3369
f 2824/4365/3370 2825/4367/3370 1937/4376/3371 1938/4379/3372
f 2823/4366/3373 2824/4365/3373 1938/4379/3374 1939/4380/3375
f 1949/3409/3376 2823/4366/3376 1939/4380/3376 1811/3411/3376
f 1950/3407/3377 2820/4362/3377 2823/4366/3377 1949/3409/3377
f 1951/3405/3378 2817/4359/3378 2820/4362/3378 1950/3407/3378
f 2826/4381/3379 2827/4382/3379 2830/4383/3379 2829/4384/3379
f 2827/4382/3380 2828/4385/3380 2831/4386/3380 2830/4383/3380
f 3169/4387/3381 3165/4388/3381 3166/4389/3381 3172/4390/3381 3173/4391/3381 2829/4384/3381 2830/4383/3381 2832/4392/3381 3223/4393/3381
f 2830/4383/3382 2831/4386/3382 2833/4394/3382 2832/4392/3382
f 1843/4371/3383 2102/4395/3383 2826/4381/3383 2232/4372/3383
f 2102/4395/3384 2101/4396/3384 2827/4382/3384 2826/4381/3384
f 2101/4396/3385 2100/4397/3385 2828/4385/3385 2827/4382/3385
f 2100/4397/3386 1842/3343/3386 2235/3378/3386 2828/4385/3386
f 2828/4385/3387 2235/3378/3387 2236/3380/3387 2831/4386/3387
f 2831/4386/3388 2236/3380/3388 2237/3379/3388 2833/4394/3388
f 2833/4394/3389 2237/3379/3389 1845/3354/3390 2111/4398/3391
f 2832/4392/3392 2833/4394/3392 2111/4398/3393 2112/4399/3394
f 3223/4393/3395 2832/4392/3395 2112/4399/3396 3202/4400/3397 3203/4401/3395 3228/4402/3395 3222/4403/3395
f 2234/4374/3398 3183/4404/3398 3179/4405/3398 3180/4406/3398 3187/4407/3398 3186/4377/3398
f 3183/4404/3399 2234/4374/3399 2233/4373/3399 2829/4384/3399 3173/4391/3399 3171/4408/3399
f 2232/4372/3400 2826/4381/3400 2829/4384/3400 2233/4373/3400
f 2834/4409/3401 2835/4410/3402 2837/4411/3403 2836/4412/3404
f 3713/4413/3405 2837/4411/3406 2835/4410/3407 3727/4414/3408 3724/4415/3409 3714/4416/3409
f 3708/4417/3410 2838/4418/3411 2836/4412/3404 2837/4411/3403 3719/4419/3412 3718/4420/3412 3732/4421/3412 3707/4422/3412
f 3719/4419/3413 2837/4411/3406 3713/4413/3405
f 1811/3411/3414 1939/4380/3414 2834/4409/3414 1967/3481/3414
f 1939/4380/3375 1938/4379/3374 2835/4410/3402 2834/4409/3401
f 3727/4414/3408 2835/4410/3407 1938/4379/3372 1937/4376/3371 3728/4423/3415
f 3729/4424/3416 3728/4423/3416 1937/4376/3368 3731/4375/3367 3730/4425/3416
f 3702/4426/3417 1958/4427/3417 2838/4418/3411 3708/4417/3410 3705/4428/3418 3703/4429/3418
f 1965/3485/3419 2838/4418/3420 1958/4427/3421 1815/3487/3422
f 1966/3483/3423 2836/4412/3423 2838/4418/3420 1965/3485/3419
f 1967/3481/3424 2834/4409/3424 2836/4412/3424 1966/3483/3424
f 3213/4430/3425 2839/4431/3425 2841/4432/3426 3235/4433/3426 3236/4434/3427 3218/4435/3427
f 2839/4431/3428 2840/4436/3428 2842/4437/3429 2841/4432/3429
f 3235/4433/3426 2841/4432/3426 2843/4438/3430 3234/4439/3430
f 2841/4432/3429 2842/4437/3429 2844/4440/3431 2843/4438/3431
f 3201/4441/3432 3202/4400/3397 2112/4399/3396 2839/4431/3425 3213/4430/3425
f 2112/4399/3394 2111/4398/3393 2840/4436/3428 2839/4431/3428
f 2111/4398/3391 1845/3354/3390 2238/3356/3433 2840/4436/3434
f 2840/4436/3434 2238/3356/3433 2239/3368/3435 2842/4437/3436
f 2842/4437/3436 2239/3368/3435 2240/3366/3437 2844/4440/3438
f 2844/4440/3438 2240/3366/3437 1847/3367/3439 2120/4442/3440
f 2843/4438/3431 2844/4440/3431 2120/4442/3441 2121/4443/3442
f 3234/4439/3430 2843/4438/3430 2121/4443/3443 2122/4444/3444 3233/4445/3445
f 3232/4446/3446 3233/4445/3446 2122/4444/3447 3343/4447/3448
f 2845/4448/3449 2846/4449/3449 2849/4450/3449 2848/4451/3449
f 2846/4449/3450 2847/4452/3450 2850/4453/3450 2849/4450/3450
f 2848/4451/3451 2849/4450/3451 2852/4454/3451 2851/4455/3451
f 2849/4450/3452 2850/4453/3452 2853/4456/3452 2852/4454/3452
f 1803/4457/3453 1907/4458/3453 2845/4448/3453 1926/4459/3453
f 1907/4458/3454 1906/4460/3454 2846/4449/3454 2845/4448/3454
f 1906/4460/3455 1905/4461/3455 2847/4452/3455 2846/4449/3455
f 1905/4461/3456 1839/4462/3456 2241/4463/3456 2847/4452/3456
f 2847/4452/3457 2241/4463/3457 2242/4464/3457 2850/4453/3457
f 2850/4453/3458 2242/4464/3458 2243/4465/3458 2853/4456/3458
f 2853/4456/3459 2243/4465/3459 1843/4371/3459 1923/4370/3459
f 2852/4454/3460 2853/4456/3460 1923/4370/3460 1924/4369/3460
f 2851/4455/3461 2852/4454/3461 1924/4369/3461 1925/4368/3461
f 1928/3171/3462 2851/4455/3462 1925/4368/3462 1807/3172/3462
f 1927/4466/3463 2848/4451/3463 2851/4455/3463 1928/3171/3463
f 1926/4459/3464 2845/4448/3464 2848/4451/3464 1927/4466/3464
f 2854/4467/3465 2855/4468/3465 2858/4469/3466 2857/4470/3466
f 2855/4468/3467 2856/4471/3467 2859/4472/3468 2858/4469/3468
f 2857/4470/3466 2858/4469/3466 2861/4473/3469 2860/4474/3469
f 2858/4469/3468 2859/4472/3468 2862/4475/3470 2861/4473/3470
f 1839/4462/3471 2090/4476/3471 2854/4467/3471 2241/4463/3471
f 2090/4476/3472 2089/4477/3472 2855/4468/3472 2854/4467/3472
f 2089/4477/3473 2088/4478/3473 2856/4471/3473 2855/4468/3473
f 2088/4478/3474 1838/3291/3474 2244/3338/3474 2856/4471/3474
f 2856/4471/3475 2244/3338/3475 2245/3344/3476 2859/4472/3477
f 2859/4472/3477 2245/3344/3476 2246/3342/3478 2862/4475/3478
f 2862/4475/3479 2246/3342/3479 1842/3343/3479 2100/4397/3479
f 2861/4473/3480 2862/4475/3480 2100/4397/3480 2101/4396/3480
f 2860/4474/3481 2861/4473/3481 2101/4396/3481 2102/4395/3481
f 2243/4465/3482 2860/4474/3482 2102/4395/3482 1843/4371/3482
f 2242/4464/3483 2857/4470/3484 2860/4474/3485 2243/4465/3485
f 2241/4463/3486 2854/4467/3486 2857/4470/3484 2242/4464/3483
f 2863/4479/3487 2864/4480/3488 2867/4481/3489 2866/4482/3489
f 2864/4480/3490 2865/4483/3490 2868/4484/3490 2867/4481/3490
f 2866/4482/3491 2867/4481/3491 2870/4485/3491 2869/4486/3491
f 2867/4481/3492 2868/4484/3492 2871/4487/3492 2870/4485/3492
f 3279/2795/3493 1904/4488/3493 2863/4479/3493 3291/2799/3493 3268/2791/3493 3269/2793/3493 3276/2797/3493 3277/2796/3493
f 1904/4488/3494 1903/4489/3494 2864/4480/3488 2863/4479/3487
f 1903/4489/3495 1902/4490/3495 2865/4483/3495 2864/4480/3495
f 1902/4490/3496 1837/4491/3496 2247/4492/3496 2865/4483/3496
f 2865/4483/3497 2247/4492/3497 2248/4493/3497 2868/4484/3497
f 2868/4484/3498 2248/4493/3498 2249/4494/3498 2871/4487/3498
f 2871/4487/3499 2249/4494/3499 1841/4330/3499 1920/4329/3499
f 2870/4485/3500 2871/4487/3500 1920/4329/3500 1921/4328/3500
f 2869/4486/3501 2870/4485/3501 1921/4328/3501 1922/4327/3501
f 1932/3327/3502 2869/4486/3502 1922/4327/3502 1805/3295/3502
f 3295/2802/3503 2866/4482/3503 2869/4486/3503 1932/3327/3503 3253/2785/3503 3254/2784/3503 3267/2789/3503 3296/2801/3503
f 3291/2799/3504 2863/4479/3504 2866/4482/3504 3295/2802/3504 3289/2798/3504 3290/2800/3504
f 2872/4495/3505 2873/4496/3505 2876/4497/3506 2875/4498/3506
f 2873/4496/3507 2874/4499/3507 2877/4500/3508 2876/4497/3508
f 2875/4498/3506 2876/4497/3506 2879/4501/3509 2878/4502/3509
f 2876/4497/3508 2877/4500/3508 2880/4503/3510 2879/4501/3510
f 1837/4491/3511 2084/4504/3511 2872/4495/3511 2247/4492/3511
f 2084/4504/3512 2083/4505/3512 2873/4496/3512 2872/4495/3512
f 2083/4505/3513 2082/4506/3513 2874/4499/3513 2873/4496/3513
f 2082/4506/3514 1836/3082/3514 2250/3312/3514 2874/4499/3514
f 2874/4499/3515 2250/3312/3515 2251/3322/3516 2877/4500/3517
f 2877/4500/3517 2251/3322/3516 2252/3320/3518 2880/4503/3518
f 2880/4503/3519 2252/3320/3519 1840/3321/3519 2094/4350/3519
f 2879/4501/3520 2880/4503/3520 2094/4350/3520 2095/4349/3520
f 2878/4502/3521 2879/4501/3521 2095/4349/3521 2096/4348/3521
f 2249/4494/3522 2878/4502/3522 2096/4348/3522 1841/4330/3522
f 2248/4493/3523 2875/4498/3524 2878/4502/3525 2249/4494/3525
f 2247/4492/3526 2872/4495/3526 2875/4498/3524 2248/4493/3523
f 2881/4507/3527 2882/4508/3527 2885/4509/3527 2884/4510/3527
f 2882/4508/3528 2883/4511/3528 2886/4512/3528 2885/4509/3528
f 2884/4510/3529 2885/4509/3529 2888/4513/3529 2887/4514/3529
f 2885/4509/3530 2886/4512/3530 2889/4515/3530 2888/4513/3530
f 1800/4516/3531 1895/4517/3531 2881/4507/3531 1914/4518/3531
f 1895/4517/3532 1894/4519/3532 2882/4508/3532 2881/4507/3532
f 1894/4519/3533 1893/4520/3534 2883/4511/3535 2882/4508/3535
f 1893/4520/3536 1835/4521/3537 2253/4522/3538 2883/4511/3538
f 2883/4511/3539 2253/4522/3539 2254/4523/3539 2886/4512/3539
f 2886/4512/3540 2254/4523/3540 2255/4524/3540 2889/4515/3540
f 2889/4515/3541 2255/4524/3541 1839/4462/3541 1905/4461/3541
f 2888/4513/3542 2889/4515/3542 1905/4461/3542 1906/4460/3542
f 2887/4514/3543 2888/4513/3543 1906/4460/3543 1907/4458/3543
f 1916/4525/3544 2887/4514/3544 1907/4458/3544 1803/4457/3544
f 1915/4526/3545 2884/4510/3545 2887/4514/3545 1916/4525/3545
f 1914/4518/3546 2881/4507/3546 2884/4510/3546 1915/4526/3546
f 2890/4527/3547 2891/4528/3548 2894/4529/3549 2893/4530/3550
f 2891/4528/3548 2892/4531/3551 2895/4532/3552 2894/4529/3549
f 2893/4530/3553 2894/4529/3554 2897/4533/3555 2896/4534/3556
f 2894/4529/3554 2895/4532/3557 2898/4535/3558 2897/4533/3555
f 1835/4521/3559 2078/4536/3560 2890/4527/3561 2253/4522/3562
f 2078/4536/3560 2077/4537/3563 2891/4528/3564 2890/4527/3561
f 2077/4537/3563 2076/4538/3565 2892/4531/3566 2891/4528/3564
f 2076/4538/3565 1834/3052/2378 2256/3283/2380 2892/4531/3566
f 2892/4531/3551 2256/3283/3567 2257/3292/3567 2895/4532/3552
f 2895/4532/3557 2257/3292/3568 2258/3290/3568 2898/4535/3558
f 2898/4535/3569 2258/3290/3569 1838/3291/3569 2088/4478/3569
f 2897/4533/3570 2898/4535/3570 2088/4478/3570 2089/4477/3570
f 2896/4534/3571 2897/4533/3571 2089/4477/3571 2090/4476/3571
f 2255/4524/3572 2896/4534/3572 2090/4476/3572 1839/4462/3572
f 2254/4523/3573 2893/4530/3553 2896/4534/3556 2255/4524/3573
f 2253/4522/3574 2890/4527/3547 2893/4530/3550 2254/4523/3574
f 2899/4539/3575 2900/4540/3575 2903/4541/3575 2902/4542/3575
f 2900/4540/3576 2901/4543/3576 2904/4544/3576 2903/4541/3576
f 2902/4542/3577 2903/4541/3577 2906/4545/3577 2905/4546/3577
f 2903/4541/3578 2904/4544/3578 2907/4547/3578 2906/4545/3578
f 1799/3027/3579 1883/3026/3579 2899/4539/3579 1913/4548/3579
f 1883/3026/3580 1882/3025/3580 2900/4540/3580 2899/4539/3580
f 1882/3025/2254 1881/3023/2253 2901/4543/3581 2900/4540/3581
f 1881/3023/2251 1833/3022/2250 2259/4549/3582 2901/4543/3583
f 2901/4543/3584 2259/4549/3584 2260/4550/3584 2904/4544/3584
f 2904/4544/3585 2260/4550/3585 2261/4551/3585 2907/4547/3585
f 2907/4547/3586 2261/4551/3586 1837/4491/3586 1902/4490/3586
f 2906/4545/3587 2907/4547/3587 1902/4490/3587 1903/4489/3587
f 2905/4546/3588 2906/4545/3588 1903/4489/3588 1904/4488/3588
f 1904/4488/3589 3279/2795/3589 3278/2794/3589 1911/4552/3589 2905/4546/3589
f 1912/4553/3590 2902/4542/3590 2905/4546/3590 1911/4552/3590
f 1913/4548/3591 2899/4539/3591 2902/4542/3591 1912/4553/3591
f 2908/4554/3592 2909/4555/3593 2912/4556/3594 2911/4557/3595
f 2909/4555/3593 2910/4558/3596 2913/4559/3597 2912/4556/3594
f 2911/4557/3598 2912/4556/3599 2915/4560/3600 2914/4561/3601
f 2912/4556/3599 2913/4559/3602 2916/4562/3603 2915/4560/3600
f 1833/3022/2250 2072/4563/3604 2908/4554/3605 2259/4549/3582
f 2072/4563/3604 2071/4564/3606 2909/4555/3607 2908/4554/3605
f 2071/4564/3606 2070/4565/3608 2910/4558/3609 2909/4555/3607
f 2070/4565/3608 1832/3063/3610 2262/3065/3611 2910/4558/3609
f 2910/4558/3596 2262/3065/3612 2263/3083/3612 2913/4559/3597
f 2913/4559/3602 2263/3083/3613 2264/3081/3613 2916/4562/3603
f 2916/4562/3614 2264/3081/3614 1836/3082/3614 2082/4506/3614
f 2915/4560/3615 2916/4562/3615 2082/4506/3615 2083/4505/3615
f 2914/4561/3616 2915/4560/3616 2083/4505/3616 2084/4504/3616
f 2261/4551/3617 2914/4561/3617 2084/4504/3617 1837/4491/3617
f 2260/4550/3618 2911/4557/3598 2914/4561/3601 2261/4551/3618
f 2259/4549/3619 2908/4554/3592 2911/4557/3595 2260/4550/3619
f 2917/4566/3620 2918/4567/3620 2921/4568/3620 2920/4569/3620
f 2918/4567/3621 2919/4570/3621 2922/4571/3621 2921/4568/3621
f 2920/4569/3622 2921/4568/3622 2924/4572/3622 2923/4573/3622
f 2921/4568/3623 2922/4571/3623 2925/4574/3623 2924/4572/3623
f 3654/4575/3624 2917/4576/3624 1889/4577/3624 3599/4578/3624 3581/4579/3624 3580/4580/3624 3584/4581/3624 3655/4582/3624
f 3673/1056/3625 2918/4567/3625 2917/4566/3625 3654/1051/3625 3656/1050/3625 3659/1049/3625 3677/1059/3625 3678/1058/3625 3671/1057/3625
f 3591/637/3626 3592/636/3626 2919/4570/3626 2918/4567/3626 3673/1056/3626 3672/1055/3626 3665/1053/3626 3668/1054/3626
f 2265/4583/3627 2919/4570/3627 3592/636/3627 3595/635/3627 3596/634/3627 3610/643/3627
f 2919/4570/3628 2265/4583/3628 2266/4584/3628 2922/4571/3628
f 2922/4571/3629 2266/4584/3629 2267/4585/3629 2925/4574/3629
f 2925/4574/3630 2267/4585/3630 1835/4521/3537 1893/4520/3536
f 2924/4572/3631 2925/4574/3631 1893/4520/3534 1894/4519/3533
f 2923/4573/3632 2924/4572/3632 1894/4519/3632 1895/4517/3632
f 1887/4586/3633 2923/4573/3633 1895/4517/3633 1800/4516/3633
f 1888/4587/3634 2920/4569/3634 2923/4573/3634 1887/4586/3634
f 1889/4588/3635 2917/4566/3635 2920/4569/3635 1888/4587/3635
f 2926/4589/3636 2927/4590/3636 2930/4591/3636 2929/4592/3636
f 2927/4590/3637 2928/4593/3637 2931/4594/3637 2930/4591/3637
f 2929/4592/3638 2930/4591/3638 2933/4595/3638 2932/4596/3638
f 2930/4591/3639 2931/4594/3639 2934/4597/3639 2933/4595/3639
f 3606/641/3640 2926/4589/3640 2265/4583/3640 3610/643/3640 3601/638/3640 3605/642/3640
f 2927/4590/3641 2926/4589/3641 3606/641/3641 3607/640/3641 3658/752/3641 3664/757/3641 3663/756/3641
f 2928/4593/3642 2927/4590/3642 3663/756/3642 3667/755/3642 3670/754/3642 3689/833/3642
f 2268/3042/3643 2928/4593/3643 3689/833/3643 3690/832/3643 3691/831/3643 3676/837/3643
f 2928/4593/3644 2268/3042/3644 2269/3053/3644 2931/4594/3644
f 2931/4594/3645 2269/3053/3645 2270/3051/3645 2934/4597/3645
f 2934/4597/3646 2270/3051/3647 1834/3052/2378 2076/4538/3565
f 2933/4595/3648 2934/4597/3646 2076/4538/3565 2077/4537/3563
f 2932/4596/3649 2933/4595/3648 2077/4537/3563 2078/4536/3560
f 2267/4585/3650 2932/4596/3649 2078/4536/3560 1835/4521/3559
f 2266/4584/3651 2929/4592/3651 2932/4596/3651 2267/4585/3651
f 2265/4583/3652 2926/4589/3652 2929/4592/3652 2266/4584/3652
f 2935/4598/3653 2936/4599/3653 2939/4600/3653 2938/4601/3653
f 2936/4599/3654 2937/4602/3654 2940/4603/3654 2939/4600/3654
f 2938/4601/3655 2939/4600/3655 2942/4604/3655 2941/4605/3655
f 2939/4600/3656 2940/4603/3656 2943/4606/3656 2942/4604/3656
f 1798/3069/3657 2067/3068/3657 2935/4607/3657 1880/3101/3657
f 2067/3067/3658 2068/3066/3658 2936/4599/3658 2935/4598/3658
f 2068/3066/2296 2069/3064/2295 2937/4602/3659 2936/4599/3659
f 2069/3064/2293 1832/3063/2292 2271/4608/3660 2937/4602/3660
f 2937/4602/3661 2271/4608/3661 2272/4609/3661 2940/4603/3661
f 2940/4603/3662 2272/4609/3662 2273/4610/3662 2943/4606/3662
f 2943/4606/3663 2273/4610/3663 3403/2435/3663 3396/2431/3663 3395/2434/3663 3399/2433/3663
f 2942/4604/3664 2943/4606/3664 3399/2433/3664 3071/2432/3664 3075/2474/3664 3437/2477/3664 3436/2476/3664 3438/2475/3664
f 3420/4611/3665 3425/4612/3665 2941/4613/3665 2942/4614/3665 3438/4615/3665 3429/4616/3665 3430/4617/3665 3423/4618/3665 3421/4619/3665
f 3556/553/3666 1878/3093/3666 2941/4613/3666 3425/4612/3666 3424/554/3666 3563/557/3666 3567/556/3666 3557/549/3666
f 1879/3102/3667 2938/4620/3667 2941/4613/3667 1878/3093/3667
f 1880/3101/3668 2935/4607/3668 2938/4620/3668 1879/3102/3668
f 2944/4621/3669 2945/4622/3669 2948/4623/3669 2947/4624/3669
f 2945/4622/3670 2946/4625/3670 2949/4626/3670 2948/4623/3670
f 2947/4624/3671 2948/4623/3671 2951/4627/3671 2950/4628/3671
f 2948/4623/3672 2949/4626/3672 2952/4629/3672 2951/4627/3672
f 1832/3063/3610 2070/4565/3608 2944/4621/3673 2271/4608/3674
f 2070/4565/3608 2071/4564/3606 2945/4622/3675 2944/4621/3673
f 2071/4564/3606 2072/4563/3604 2946/4625/3676 2945/4622/3675
f 2072/4563/3604 1833/3022/2250 2274/3024/3677 2946/4625/3676
f 2946/4625/3678 2274/3024/3678 2275/3032/3678 2949/4626/3678
f 2949/4626/3679 2275/3032/3679 2276/3031/3679 2952/4629/3679
f 2952/4629/3680 2276/3031/3680 3669/788/3680 3683/787/3680 3685/792/3680 3688/791/3680
f 2951/4627/3681 2952/4629/3681 3688/791/3681 3609/591/3681 3608/590/3681 3611/589/3681
f 2950/4628/3682 2951/4627/3682 3611/589/3682 3612/588/3682 3613/587/3682 3410/593/3682 3409/2438/3682
f 2273/4610/3683 2950/4628/3683 3409/2438/3683 3416/2437/3683 3404/2436/3683 3403/2435/3683
f 2272/4609/3684 2947/4624/3684 2950/4628/3684 2273/4610/3684
f 2271/4608/3685 2944/4621/3685 2947/4624/3685 2272/4609/3685
f 2953/4630/3686 2954/4631/3686 2957/4632/3686 2956/4633/3686
f 2954/4631/3687 2955/4634/3687 2958/4635/3687 2957/4632/3687
f 2956/4633/3688 2957/4632/3688 2960/4636/3688 2959/4637/3688
f 2957/4632/3689 2958/4635/3689 2961/4638/3689 2960/4636/3689
f 1867/4639/3690 2285/4640/3690 2953/4641/3690 2286/4642/3690
f 2285/4643/3691 2284/4644/3691 2954/4631/3691 2953/4630/3691
f 2284/4644/3692 2283/4645/3692 2955/4634/3692 2954/4631/3692
f 2283/4645/3693 1866/3854/3693 2280/3852/3693 2955/4634/3693
f 2955/4634/3694 2280/3852/3694 2281/3851/3694 2958/4635/3694
f 2958/4635/3695 2281/3851/3695 2282/3850/3695 2961/4638/3695
f 2961/4638/3696 2282/3850/3696 1865/3849/3696 2279/4646/3696
f 2960/4636/3697 2961/4638/3697 2279/4646/3697 2278/4647/3697
f 2959/4637/3698 2960/4636/3698 2278/4647/3698 2277/4648/3698
f 2288/4649/3699 2959/4650/3699 2277/4651/3699 1864/4652/3699
f 2287/4653/3700 2956/4654/3700 2959/4650/3700 2288/4649/3700
f 2286/4642/3701 2953/4641/3701 2956/4654/3701 2287/4653/3701
f 2962/4655/3702 2963/4656/3702 2966/4657/3702 2965/4658/3702
f 2963/4656/3703 2964/4659/3703 2967/4660/3703 2966/4657/3703
f 2965/4658/3704 2966/4657/3704 2969/4661/3704 2968/4662/3704
f 2966/4663/3705 2967/4664/3705 2970/4665/3705 2969/4666/3705
f 1862/3910/3706 2165/3908/3706 2962/4655/3706 2297/4667/3706
f 2165/3908/3707 2164/3907/3707 2963/4656/3707 2962/4655/3707
f 2164/3907/3708 2163/3906/3708 2964/4659/3708 2963/4656/3708
f 2163/3905/3709 1830/3840/3709 2294/3842/3709 2964/4668/3709
f 2964/4668/3710 2294/3842/3710 2293/3855/3710 2967/4664/3710
f 2967/4664/3711 2293/3855/3711 2292/3853/3711 2970/4665/3711
f 2970/4665/3712 2292/3853/3712 1866/3854/3712 2283/4645/3712
f 2969/4666/3713 2970/4665/3713 2283/4645/3713 2284/4644/3713
f 2968/4669/3714 2969/4666/3714 2284/4644/3714 2285/4643/3714
f 2295/4670/3715 2968/4671/3715 2285/4640/3715 1867/4639/3715
f 2296/4672/3716 2965/4673/3716 2968/4671/3716 2295/4670/3716
f 2297/4667/3717 2962/4655/3717 2965/4658/3717 2296/4674/3717
f 2971/4675/3718 2972/4676/3718 2975/4677/3718 2974/4678/3718
f 2972/4676/3719 2973/4679/3719 2976/4680/3719 2975/4677/3719
f 2974/4681/3720 2975/4682/3720 2978/4683/3720 2977/4684/3720
f 2975/4677/3721 2976/4680/3721 2979/4685/3721 2978/4686/3721
f 1829/3845/3722 2045/3976/3722 2971/4687/3722 2289/3846/3722
f 2045/3974/3723 2044/3973/3723 2972/4676/3723 2971/4675/3723
f 2044/3973/3724 2043/3972/3724 2973/4679/3724 2972/4676/3724
f 2043/3972/3725 1861/3971/3725 2298/4688/3725 2973/4679/3725
f 2973/4689/3726 2298/4690/3726 2299/4691/3726 2976/4692/3726
f 2976/4693/3727 2299/4694/3727 2300/4695/3727 2979/4696/3727
f 2979/4696/3728 2300/4695/3728 1864/4652/3728 2277/4651/3728
f 2978/4697/3729 2979/4696/3729 2277/4651/3729 2278/4698/3729
f 2977/4684/3730 2978/4683/3730 2278/4647/3730 2279/4646/3730
f 2291/3848/3731 2977/4684/3731 2279/4646/3731 1865/3849/3731
f 2290/3847/3732 2974/4681/3732 2977/4684/3732 2291/3848/3732
f 2289/3846/3733 2971/4687/3733 2974/4681/3733 2290/3847/3733
f 2980/4699/3734 2981/4700/3734 2984/4701/3734 2983/4702/3734
f 2981/4700/3735 2982/4703/3735 2985/4704/3735 2984/4701/3735
f 2983/4705/3736 2984/4706/3736 2987/4707/3736 2986/4708/3736
f 2984/4706/3737 2985/4709/3737 2988/4710/3737 2987/4707/3737
f 1861/4056/3738 2186/4055/3738 2980/4699/3738 2298/4690/3738
f 2186/4055/3739 2185/4711/3739 2981/4700/3739 2980/4699/3739
f 2185/4711/3740 2184/4712/3740 2982/4703/3740 2981/4700/3740
f 2184/4712/3741 1862/4713/3741 2297/4714/3741 2982/4703/3741
f 2982/4703/3742 2297/4714/3742 2296/4715/3742 2985/4704/3742
f 2985/4709/3743 2296/4672/3743 2295/4670/3743 2988/4710/3743
f 2988/4710/3744 2295/4670/3744 1867/4639/3744 2286/4642/3744
f 2987/4707/3745 2988/4710/3745 2286/4642/3745 2287/4653/3745
f 2986/4708/3746 2987/4707/3746 2287/4653/3746 2288/4649/3746
f 2300/4695/3747 2986/4708/3747 2288/4649/3747 1864/4652/3747
f 2299/4694/3748 2983/4705/3748 2986/4708/3748 2300/4695/3748
f 2298/4690/3749 2980/4699/3749 2983/4702/3749 2299/4691/3749
f 2989/4716/3750 2990/4717/3750 2993/4718/3750 2992/4719/3750
f 2990/4720/3751 2991/4721/3751 2994/4722/3751 2993/4723/3751
f 2992/4719/3752 2993/4718/3752 2996/4724/3752 2995/4725/3752
f 2993/4723/3753 2994/4722/3753 2997/4726/3753 2996/4727/3753
f 1869/4027/3754 2303/4025/3754 2989/4716/3754 2306/4728/3754
f 2303/4025/3755 2302/4024/3755 2990/4717/3755 2989/4716/3755
f 2302/4021/3756 2301/4020/3756 2991/4721/3756 2990/4720/3756
f 2301/4020/3757 1868/4729/3757 2310/4730/3757 2991/4721/3757
f 2991/4721/3758 2310/4730/3758 2311/4731/3758 2994/4722/3758
f 2994/4722/3759 2311/4731/3759 2312/4732/3759 2997/4726/3759
f 2997/4733/3760 2312/4734/3760 1871/4735/3760 2309/4736/3760
f 2996/4727/3761 2997/4726/3761 2309/4737/3761 2308/4738/3761
f 2995/4725/3762 2996/4724/3762 2308/4739/3762 2307/4740/3762
f 2304/4741/3763 2995/4725/3763 2307/4740/3763 1870/4742/3763
f 2305/4743/3764 2992/4719/3764 2995/4725/3764 2304/4741/3764
f 2306/4728/3765 2989/4716/3765 2992/4719/3765 2305/4743/3765
f 2998/4744/3766 2999/4745/3766 3002/4746/3766 3001/4747/3766
f 2999/4745/3767 3000/4748/3767 3003/4749/3767 3002/4746/3767
f 3001/4747/3768 3002/4746/3768 3005/4750/3768 3004/4751/3768
f 3002/4746/3769 3003/4749/3769 3006/4752/3769 3005/4750/3769
f 1863/4753/3770 2181/4754/3770 2998/4744/3770 2313/4013/3770
f 2181/4754/3771 2182/4755/3771 2999/4745/3771 2998/4744/3771
f 2182/4755/3772 2183/4756/3772 3000/4748/3772 2999/4745/3772
f 2183/4756/3773 1860/4757/3773 2319/4758/3773 3000/4748/3773
f 3000/4748/3774 2319/4758/3774 2320/4759/3774 3003/4749/3774
f 3003/4749/3775 2320/4759/3775 2321/4760/3775 3006/4752/3775
f 3006/4752/3776 2321/4760/3776 1871/4735/3776 2312/4734/3776
f 3005/4750/3777 3006/4752/3777 2312/4734/3777 2311/4761/3777
f 3004/4751/3778 3005/4750/3778 2311/4761/3778 2310/4762/3778
f 2315/4016/3779 3004/4751/3779 2310/4762/3779 1868/4018/3779
f 2314/4014/3780 3001/4747/3780 3004/4751/3780 2315/4016/3780
f 2313/4013/3781 2998/4744/3781 3001/4747/3781 2314/4014/3781
f 3007/4763/3782 3008/4764/3782 3011/4765/3782 3010/4766/3782
f 3008/4764/3783 3009/4767/3783 3012/4768/3783 3011/4765/3783
f 3010/4769/3784 3011/4770/3784 3014/4771/3784 3013/4772/3784
f 3011/4770/3785 3012/4773/3785 3015/4774/3785 3014/4771/3785
f 1828/3681/3786 2049/3679/3786 3007/4763/3786 2324/4775/3786
f 2049/3679/3787 2050/3678/3787 3008/4764/3787 3007/4763/3787
f 2050/3678/3788 2051/3677/3788 3009/4767/3788 3008/4764/3788
f 2051/3677/3789 1831/3676/3789 2318/4007/3789 3009/4767/3789
f 3009/4767/3790 2318/4007/3790 2317/4776/3790 3012/4768/3790
f 3012/4773/3791 2317/4028/3791 2316/4026/3791 3015/4774/3791
f 3015/4774/3792 2316/4026/3792 1869/4027/3792 2306/4728/3792
f 3014/4771/3793 3015/4774/3793 2306/4728/3793 2305/4743/3793
f 3013/4772/3794 3014/4771/3794 2305/4743/3794 2304/4741/3794
f 2322/4777/3795 3013/4772/3795 2304/4741/3795 1870/4742/3795
f 2323/4778/3796 3010/4769/3796 3013/4772/3796 2322/4777/3796
f 2324/4775/3797 3007/4763/3797 3010/4766/3797 2323/4779/3797
f 3016/4780/3798 3017/4781/3798 3020/4782/3798 3019/4783/3798
f 3017/4781/3799 3018/4784/3799 3021/4785/3799 3020/4782/3799
f 3019/4783/3800 3020/4782/3800 3023/4786/3800 3022/4787/3800
f 3020/4782/3801 3021/4785/3801 3024/4788/3801 3023/4786/3801
f 1860/4757/3802 2159/4789/3802 3016/4790/3802 2319/4758/3802
f 2159/3873/3803 2158/3872/3803 3017/4781/3803 3016/4780/3803
f 2158/3872/3804 2157/3871/3804 3018/4784/3804 3017/4781/3804
f 2157/3870/3805 1828/3681/3805 2324/4775/3805 3018/4791/3805
f 3018/4791/3806 2324/4775/3806 2323/4779/3806 3021/4792/3806
f 3021/4793/3807 2323/4778/3807 2322/4777/3807 3024/4794/3807
f 3024/4794/3808 2322/4777/3808 1870/4742/3808 2307/4740/3808
f 3023/4795/3809 3024/4794/3809 2307/4740/3809 2308/4739/3809
f 3022/4796/3810 3023/4797/3810 2308/4738/3810 2309/4737/3810
f 2321/4760/3811 3022/4798/3811 2309/4736/3811 1871/4735/3811
f 2320/4759/3812 3019/4799/3812 3022/4798/3812 2321/4760/3812
f 2319/4758/3813 3016/4790/3813 3019/4799/3813 2320/4759/3813
f 3025/4800/3814 3026/4801/3815 3029/4802/3816 3028/4803/3816
f 3026/4801/3817 3027/4804/3818 3030/4805/3819 3029/4802/3819
f 3028/4803/3816 3029/4802/3816 3032/4806/3820 3031/4807/3821
f 3029/4802/3819 3030/4805/3819 3033/4808/3822 3032/4806/3822
f 1846/4293/3321 2116/4317/3320 3025/4800/3823 2339/4809/3824
f 2116/4317/3317 2115/4316/3316 3026/4801/3815 3025/4800/3814
f 2115/4316/3314 2114/4312/3313 3027/4804/3818 3026/4801/3817
f 3027/4804/3825 2114/4312/3310 3452/4315/3312 3447/4810/3826
f 3413/4811/3827 3030/4805/3828 3027/4804/3825 3447/4810/3826 3414/4812/3829
f 3415/4813/3830 3033/4808/3831 3030/4805/3828 3413/4811/3827
f 3443/4276/3256 2342/4275/3255 3033/4808/3831 3415/4813/3830 3408/4814/3832 3417/4815/3832
f 3032/4806/3822 3033/4808/3822 2342/4275/3252 2343/4274/3252
f 3031/4807/3821 3032/4806/3820 2343/4274/3251 2344/4273/3251
f 2341/4816/3833 3031/4807/3834 2344/4273/3248 1877/4260/3247
f 2340/4817/3835 3028/4803/3836 3031/4807/3834 2341/4816/3833
f 2339/4809/3824 3025/4800/3823 3028/4803/3836 2340/4817/3835
f 3034/4818/3837 3035/4819/3838 3038/4820/3839 3037/4821/3840
f 3035/4819/3841 3036/4822/3842 3039/4823/3843 3038/4820/3844
f 3037/4821/3840 3038/4820/3839 3041/4824/3845 3040/4825/3846
f 3038/4820/3844 3039/4823/3843 3042/4826/3847 3041/4824/3848
f 1813/3523/3849 1957/4296/3849 3034/4818/3849 1991/4827/3849
f 1957/4296/3850 1956/4295/3850 3035/4819/3838 3034/4818/3837
f 1956/4295/3289 1955/4294/3288 3036/4822/3842 3035/4819/3841
f 1955/4294/3287 1846/4293/3286 2339/4809/3851 3036/4822/3852
f 3036/4822/3852 2339/4809/3851 2340/4817/3853 3039/4823/3854
f 3039/4823/3854 2340/4817/3853 2341/4816/3855 3042/4826/3856
f 3042/4826/3856 2341/4816/3855 1877/4260/3226 2345/4259/3225
f 3041/4824/3848 3042/4826/3847 2345/4259/3224 2346/4258/3223
f 3040/4825/3846 3041/4824/3845 2346/4258/3222 2347/4257/3221
f 1989/4828/3857 3040/4825/3858 2347/4257/3218 1874/3617/3217
f 1990/4829/3859 3037/4821/3860 3040/4825/3858 1989/4828/3857
f 1991/4827/3861 3034/4818/3861 3037/4821/3860 1990/4829/3859
f 3043/4830/3862 3044/4831/3863 3047/4832/3864 3046/4833/3864
f 3044/4831/3865 3045/4834/3866 3048/4835/3867 3047/4832/3867
f 3046/4833/3864 3047/4832/3864 3050/4836/3868 3049/4837/3868
f 3047/4832/3867 3048/4835/3867 3051/4838/3869 3050/4836/3870
f 3343/4447/3448 2122/4444/3447 3043/4830/3871 3349/4839/3872
f 2122/4444/3444 2121/4443/3443 3044/4831/3863 3043/4830/3862
f 2121/4443/3442 2120/4442/3441 3045/4834/3866 3044/4831/3865
f 2120/4442/3440 1847/3367/3439 2336/4840/3873 3045/4834/3874
f 3045/4834/3874 2336/4840/3873 2337/4841/3875 3048/4835/3876
f 3048/4835/3876 2337/4841/3875 2338/4842/3877 3051/4838/3878
f 3051/4838/3878 2338/4842/3877 1876/3642/3195 2348/4247/3194
f 3050/4836/3870 3051/4838/3869 2348/4247/3193 2349/4246/3193
f 3049/4837/3868 3050/4836/3868 2349/4246/3192 2350/4245/3192
f 3328/4843/3879 3049/4837/3880 2350/4245/3191 3360/4244/3190 3338/4844/3881 3336/4845/3881
f 3330/4846/3882 3046/4833/3883 3049/4837/3880 3328/4843/3879
f 3329/4847/3884 3349/4839/3872 3043/4830/3871 3046/4833/3883 3330/4846/3882
f 3198/4848/3885 3053/4849/3886 3052/4850/3887 3734/4851/3887 3196/4852/3888 3197/4853/3888
f 3274/4854/3889 3054/4855/3890 3053/4849/3886 3198/4848/3885 3199/4856/3891 3271/4857/3891
f 1815/3487/3422 1958/4427/3421 3052/4850/3892 2325/4858/3893
f 3734/4851/3887 3052/4850/3887 1958/4427/3417 3702/4426/3417 3701/4859/3894 3735/4860/3894 3733/4861/3894
f 3287/4214/3164 2351/4213/3163 3054/4855/3890 3274/4854/3889 3273/4862/3895 3280/4863/3895
f 3302/4864/3896 3054/4855/3897 2351/4213/3161 1872/3456/3160 3220/4865/3898 3221/4866/3898 3260/4867/3898 3266/4868/3898 3270/4869/3898 3272/1862/3898 3480/1864/3898 3483/1863/3898 3486/4870/3898 3487/4871/3898 3301/4872/3898
f 3054/4855/3897 3302/4864/3896 3303/4873/3899 3310/4874/3899 2326/4875/3900 3053/4849/3901
f 2325/4858/3893 3052/4850/3892 3053/4849/3901 2326/4875/3900
f 3055/4876/3902 3056/4877/3903 3059/4878/3904 3058/4879/3905
f 3056/4877/3906 3057/4880/3907 3060/4881/3908 3059/4878/3909
f 3058/4879/3905 3059/4878/3904 3062/4882/3910 3061/4883/3911
f 3059/4878/3909 3060/4881/3908 3063/4884/3912 3062/4882/3913
f 1847/3367/2463 2119/3365/2462 3055/4876/3914 2336/4840/3915
f 2119/3365/2459 2118/3364/2458 3056/4877/3903 3055/4876/3902
f 2118/3364/3916 2117/3363/3916 3057/4880/3907 3056/4877/3906
f 2117/3363/3917 1814/3362/3917 1994/4885/3917 3057/4880/3917
f 3057/4880/3918 1994/4885/3918 1993/4886/3919 3060/4881/3920
f 3060/4881/3920 1993/4886/3919 1992/4887/3921 3063/4884/3922
f 3063/4884/3922 1992/4887/3921 1875/3647/2676 2352/3646/2675
f 3062/4882/3913 3063/4884/3912 2352/3646/2674 2353/3645/2673
f 3061/4883/3911 3062/4882/3910 2353/3645/2672 2354/3643/2671
f 2338/4842/3923 3061/4883/3924 2354/3643/2668 1876/3642/2667
f 2337/4841/3925 3058/4879/3926 3061/4883/3924 2338/4842/3923
f 2336/4840/3915 3055/4876/3914 3058/4879/3926 2337/4841/3925
f 3105/4888/3927 1994/4889/3927 1814/3525/3927 3120/3524/3927 3107/4890/3927
f 1813/3523/3928 1991/4827/3928 3250/126/3928 3251/125/3928 3245/124/3928
f 3229/119/3929 3250/126/3929 1991/4827/3929 1990/4829/3929 3241/121/3929 3240/120/3929
f 1990/4829/3930 1989/4828/3930 3191/2657/3930 3185/2655/3930 3182/122/3930 3241/121/3930
f 3191/2657/3931 1989/4828/3931 1874/3617/2646 3190/2658/2645
f 1875/3613/3932 1992/4891/3933 3262/4892/3934 3259/3614/3932
f 3261/4893/3935 3262/4892/3934 1992/4891/3933 1993/4894/3935 3130/4895/3935 3131/4896/3935
f 3130/4895/3936 1993/4894/3936 1994/4889/3936 3105/4888/3936 3106/4897/3936
f 3712/4898/3937 3064/4899/3938 3065/4900/3939 3737/4901/3939 3736/4902/3940 3711/4903/3940
f 3737/4901/3939 3065/4900/3939 3066/4904/3941 3547/4905/3942 3546/4906/3943 3548/4907/3943
f 3560/3517/2588 2113/3516/2588 3064/4899/3938 3712/4898/3937 3710/4908/3944 3706/4909/3944 3704/4910/3944
f 2113/3516/2587 1812/3515/2586 1988/4911/3945 3064/4899/3946
f 3064/4899/3946 1988/4911/3945 1987/4912/3947 3065/4900/3948
f 3520/4913/3949 3066/4904/3950 3065/4900/3948 1987/4912/3947 3526/4914/3951 3521/4915/3951
f 3322/4916/3952 3323/4917/3952 1873/3574/2625 2355/3570/2624 3066/4904/3950 3520/4913/3949 3174/4918/3952 3177/2159/3952 3178/2161/3952 3181/2160/3952 3184/2164/3952 3188/2163/3952 3479/4919/3952 3467/4920/3952 3468/4921/3952
f 3066/4904/3941 2355/3570/2622 3532/3569/2622 3533/4922/3953 3534/4923/3953 3547/4905/3942
f 3101/4924/3954 3504/4925/3954 3067/4926/3955 3068/4927/3956 3070/4928/3957 3080/4929/3958 3079/4930/3954 3100/4931/3954
f 3070/4928/3959 3068/4927/3960 3069/4932/3960 3321/4933/3961 3320/4934/3961 3387/4935/3961 3380/4936/3961 3381/4937/3962
f 3080/4929/3958 3070/4928/3957 3400/4938/3963 3094/4938/3963 3093/4939/3963 3084/4940/3963
f 3400/4938/3964 3070/4928/3959 3381/4937/3962 3383/4941/3964 3394/4942/3964
f 1812/3493/2563 1959/3491/2562 3067/4926/3965 1988/4943/3966
f 1959/3491/2560 1960/3490/2559 3068/4927/3956 3067/4926/3955
f 1960/3490/2557 1961/3489/2556 3069/4932/3960 3068/4927/3960
f 1961/3488/2554 1815/3487/2553 2325/4858/3967 3069/4944/3968
f 3321/4945/3969 3069/4944/3968 2325/4858/3967 2326/4875/3970 3292/4946/3971 3294/4947/3969
f 3292/4946/3971 2326/4875/3970 3310/4874/3972 3288/4948/3972 3275/4949/3972 3281/4950/3972
f 3214/4951/3973 3220/4865/3973 1872/3456/3973 2356/3455/3973 3247/4952/3973 3205/4953/3973 3204/4954/3973 3200/4955/3973 3193/4956/3973 3192/4957/3973 3194/4958/3973 3230/4959/3973 3225/4960/3973 3224/4961/3973 3215/4962/3973
f 2356/3454/3974 2357/3453/3974 3243/4963/3974 3239/4964/3974 3247/4965/3974
f 2357/3453/3975 2358/3451/3975 3466/4966/3975 3463/4967/3975 3242/4963/3975 3243/4963/3975
f 3448/4968/3976 3466/4966/3976 2358/3451/2526 1873/3450/2525 3323/4969/3976 3324/4970/3976 3316/4971/3976 3317/4972/3976 3314/4973/3976 3315/4974/3976 3307/4975/3976 3305/4976/3976 3309/4977/3976 3446/4978/3976 3444/4979/3976
f 1987/4980/3977 3492/4981/3978 3485/4982/3979 3488/4983/3979 3496/4984/3979 3526/4985/3979
f 1987/4980/3977 1988/4943/3966 3067/4926/3965 3504/4925/3980 3490/4986/3980 3492/4981/3978
